[2026-07-29 14:32:35,734 - Orcar.agent - INFO] Current container subprocess: 1098756
[2026-07-29 14:32:35,734 - Orcar.environment.benchmark - INFO] Setting up env for inst django__django-11999...
[2026-07-29 14:32:36,940 - Orcar.environment.benchmark - INFO] Repo django/django not found, cloning to /django__django
[2026-07-29 14:32:36,940 - Orcar.environment.utils - DEBUG] Run command in container: git clone https://github.com/django/django.git django__django
[2026-07-29 14:33:13,952 - Orcar.environment.benchmark - INFO] Caching repo to host: docker cp orcar_django11999_no_disamb_warm_ctr:/django__django [REPO_ROOT]/work/django11999_stability/runs/no_disamb/trial_01/orcar_cache/django__django
[2026-07-29 14:33:17,670 - Orcar.environment.benchmark - INFO] Checking out [REPO_ROOT]/work/django11999_stability/runs/no_disamb/trial_01/orcar_cache/django__django to base commit: 84633905273fc916e3d17883810d9969c03f73c2
[2026-07-29 14:33:23,998 - Orcar.environment.utils - DEBUG] Run command in container: apt update; apt install build-essential -y
[2026-07-29 14:33:52,973 - Orcar.environment.benchmark - INFO] Env django__django__3.1 not found, installing
[2026-07-29 14:33:52,973 - Orcar.environment.utils - DEBUG] Run command in container: conda create -n django__django__3.1 python=3.6 -y
[2026-07-29 14:36:54,553 - Orcar.environment.utils - DEBUG] Run command in container: pip install -r /root/requirements.txt
[2026-07-29 14:37:48,278 - Orcar.environment.benchmark - INFO] Installing django/django at base commit...
[2026-07-29 14:37:48,285 - Orcar.environment.utils - DEBUG] Run command in container: python -m pip install -e .
[2026-07-29 14:37:56,429 - Orcar.environment.utils - DEBUG] Run command in container: pip install viztracer
[2026-07-29 14:38:01,785 - Orcar.environment.benchmark - INFO] Installation step took 279.65 seconds
[2026-07-29 14:38:13,507 - Orcar.trace_analysis_agent - INFO] Current step: slice in handle_step_slice
[2026-07-29 14:38:13,555 - Orcar.trace_analysis_agent - INFO] [ChatMessage(role=<MessageRole.SYSTEM: 'system'>, additional_kwargs={}, blocks=[TextBlock(block_type='text', text='\nYou are an expert python developer, mastering at summarizing and extracting from github issues.\n')]), ChatMessage(role=<MessageRole.USER: 'user'>, additional_kwargs={}, blocks=[TextBlock(block_type='text', text='\nYour task is to slice strings from human reported github issue.\nEvery slice shouldn\'t overlap with another slice. Non-existanct slice should be set to \'\'.\n\nYour output should strictly follow the format below.\n{\n    "traceback_warning_log_slice": "log_slice_string",\n    "issue_reproducer_slice": "code_slice_string",\n    "source_code_slice": "code_slice_string"\n}\nDO NOT SPEAK ANY REDUNDANT WORDS (like \'json\', \'output\', etc.)\n\nThe meanings of each field are:\n\n<field>\n    traceback_warning_log_slice: Traceback or warning log. Set to \'\' if not found.\n</field>\n<field>\n    issue_reproducer_slice: Code snippet to reproduce the issue. Should be a python code snippet that can be directly runned.\n            \n should be used for new line, 4 spaces should be used for indentation.\n            If the reproducer is mentioned in interactive mode, the code should be extracted and parsed into an .py file.\n            For example, \'>>> \' should never be used in an .py file, and the output of interactive shell should also be excluded.\n            Code shouldn\'t be inferred from natural language description. Set to \'\' if not found.\n</field>\n<field>\n    source_code_slice: Code referenced in the issue which comes from the source repo. Should have python code only.\n            DO NOT label code as this category UNLESS EXPLICITE words are found,\n            saying that it is COPIED / REFERENCED from the source repo.\n            Shouldn\'t overlap with traceback_warning_log_slice or issue_reproducer_slice.\n            Set to \'\' if no code satisfies this requirement.\n</field>\n\n\nAn example is given below:\n\n<repo_name>marshmallow-code/marshmallow<repo_name>\n<example_input_description>\n\n3.0: DateTime fields cannot be used as inner field for List or Tuple fields\n\n`DateTime` fields have started throwing an error when being instantiated as inner fields of container fields like `List` or `Tuple`.\n\n```python\nfrom marshmallow import fields, Schema\n\nclass MySchema(Schema):\n    times = fields.List(fields.DateTime())\n\nMySchema()\n```\n\nTraceback:\n```\nTraceback (most recent call last):\n  File "test-mm.py", line 8, in <module>\n    MySchema()\n  File "/Users/victor/.pyenv/versions/marshmallow/lib/python3.6/site-packages/marshmallow/schema.py", line 383, in __init__\n    self.fields = self._init_fields()\nAttributeError: \'List\' object has no attribute \'opts\'\n```\n\nIt seems like it\'s treating the parent field as a Schema without checking that it is indeed a schema.\n\n</example_input_description>\n<example_output>\n{\n    "traceback_warning_log_slice": "\\nTraceback (most recent call last):\\n  File \\"test-mm.py\\", line 8, in <module>\\n    MySchema()\\n  File \\"/Users/victor/.pyenv/versions/marshmallow/lib/python3.6/site-packages/marshmallow/schema.py\\", line 383, in __init__\\n    self.fields = self._init_fields()\\nAttributeError: \'List\' object has no attribute \'opts\'\\n",\n    "issue_reproducer_slice": "\\nfrom marshmallow import fields, Schema\\n\\nclass MySchema(Schema):\\n    times = fields.List(fields.DateTime())\\n\\nMySchema()\\n",\n    "source_code_slice": ""\n}\n</example_output>\n\n\nBelow is the real task for you to solve:\n<repo_name>django/django</repo_name>\nCannot override get_FOO_display() in Django 2.2+.\nDescription\n\t\nI cannot override the get_FIELD_display function on models since version 2.2. It works in version 2.1.\nExample:\nclass FooBar(models.Model):\n\tfoo_bar = models.CharField(_("foo"), choices=[(1, \'foo\'), (2, \'bar\')])\n\tdef __str__(self):\n\t\treturn self.get_foo_bar_display() # This returns \'foo\' or \'bar\' in 2.2, but \'something\' in 2.1\n\tdef get_foo_bar_display(self):\n\t\treturn "something"\nWhat I expect is that I should be able to override this function.\n\n')]), ChatMessage(role=<MessageRole.USER: 'user'>, additional_kwargs={}, blocks=[TextBlock(block_type='text', text='\nYour output should strictly follow the format below.\n{\n    "traceback_warning_log_slice": "log_slice_string",\n    "issue_reproducer_slice": "code_slice_string",\n    "source_code_slice": "code_slice_string"\n}\nDO NOT SPEAK ANY REDUNDANT WORDS (like \'json\', \'output\', etc.)\n')])]
[2026-07-29 14:38:22,384 - Orcar.trace_analysis_agent - INFO] Chat response: {
    "traceback_warning_log_slice": "",
    "issue_reproducer_slice": "from django.db import models\nfrom django.utils.translation import gettext_lazy as _\n\nclass FooBar(models.Model):\n    foo_bar = models.CharField(_(\"foo\"), choices=[(1, 'foo'), (2, 'bar')])\n\n    def __str__(self):\n        return self.get_foo_bar_display()  # This returns 'foo' or 'bar' in 2.2, but 'something' in 2.1\n\n    def get_foo_bar_display(self):\n        return \"something\"\n",
    "source_code_slice": ""
}
[2026-07-29 14:38:22,422 - Orcar.trace_analysis_agent - INFO] traceback_warning_log_slice='' issue_reproducer_slice='from django.db import models\nfrom django.utils.translation import gettext_lazy as _\n\nclass FooBar(models.Model):\n    foo_bar = models.CharField(_("foo"), choices=[(1, \'foo\'), (2, \'bar\')])\n\n    def __str__(self):\n        return self.get_foo_bar_display()  # This returns \'foo\' or \'bar\' in 2.2, but \'something\' in 2.1\n\n    def get_foo_bar_display(self):\n        return "something"\n' source_code_slice=''
[2026-07-29 14:38:22,437 - Orcar.trace_analysis_agent - INFO] Current step: reproduce_judge in handle_step_judge
[2026-07-29 14:38:22,461 - Orcar.trace_analysis_agent - INFO] Running reproducer...
[2026-07-29 14:38:23,098 - Orcar.trace_analysis_agent - INFO] Conda env: django__django__3.1

[2026-07-29 14:38:24,736 - Orcar.trace_analysis_agent - INFO] Reproducer log:
Traceback (most recent call last):
  File "/root/miniconda3/envs/django__django__3.1/bin/viztracer", line 8, in <module>
    sys.exit(main())
  File "/root/miniconda3/envs/django__django__3.1/lib/python3.6/site-packages/viztracer/main.py", line 568, in main
    success, err_msg = ui.run()
  File "/root/miniconda3/envs/django__django__3.1/lib/python3.6/site-packages/viztracer/main.py", line 306, in run
    return self.run_command()
  File "/root/miniconda3/envs/django__django__3.1/lib/python3.6/site-packages/viztracer/main.py", line 422, in run_command
    return self.run_code(code, main_mod.__dict__)
  File "/root/miniconda3/envs/django__django__3.1/lib/python3.6/site-packages/viztracer/main.py", line 339, in run_code
    exec(code, global_dict)
  File "/django__django/reproducer_django__django-11999.py", line 4, in <module>
    class FooBar(models.Model):
  File "/django__django/django/db/models/base.py", line 107, in __new__
    app_config = apps.get_containing_app_config(module)
  File "/django__django/django/apps/registry.py", line 252, in get_containing_app_config
    self.check_apps_ready()
  File "/django__django/django/apps/registry.py", line 134, in check_apps_ready
    settings.INSTALLED_APPS
  File "/django__django/django/conf/__init__.py", line 77, in __getattr__
    self._setup(name)
  File "/django__django/django/conf/__init__.py", line 62, in _setup
    % (desc, ENVIRONMENT_VARIABLE))
django.core.exceptions.ImproperlyConfigured: Requested setting INSTALLED_APPS, but settings are not configured. You must either define the environment variable DJANGO_SETTINGS_MODULE or call settings.configure() before accessing settings.

[2026-07-29 14:38:24,739 - Orcar.trace_analysis_agent - INFO] [ChatMessage(role=<MessageRole.SYSTEM: 'system'>, additional_kwargs={}, blocks=[TextBlock(block_type='text', text='\nYou are an expert python developer, mastering at summarizing and extracting from github issues.\n')]), ChatMessage(role=<MessageRole.USER: 'user'>, additional_kwargs={}, blocks=[TextBlock(block_type='text', text='\nYour task is to judge whether an input github issue is successfully reproduced,\nbased on the reproducer_log generated by a reproducer snippet;\nIf reproduce didn\'t succeed, try to generate a fixed reproduced snippet.\n\nSome examples of judgement include:\n1. SUCCESS if (the exactly same error message) from input_description is found in reproducer_log;\n1. FAILURE if the error message from input_description is different or irrelevant from the one found in reproducer_log;\n1. SUCCESS if (the same printed output) from input_description is found in reproducer_log;\n1. FAILURE if the reproducer in input_description is expected to have output (error or printed log) but reproducer_log is empty;\n1. FAILURE if the reproducer in input_description is expected to raise an error, but no error found from reproducer_log;\n1. FAILURE if the reproducer in input_description is not expected to raise any errors, but 1 or more errors are found from reproducer_log;\n1. FAILURE if the input_description describes different output for expected and problematic behavior, but the reproducer_log matches with expected one;\n\nYour output should strictly follow the format below.\n{\n    "is_successful": true,\n    "fixed_reproduce_snippet": "code_string"\n}\nDO NOT SPEAK ANY REDUNDANT WORDS (like \'json\', \'output\', etc.)\n\nThe meanings of each field are:\n\n<field>\n    is_successful: whether the reproduce_snippet successfully reproduced the issue, based on the reproducer_log it generated.\n            Note that \'successfully reproduce\' means the similar phenomenon is observed;\n            It does not necessarily means the snippet finished without error\n            (Getting the same error reported in issue means reproduction is successful)\n</field>\n<field>\n    fixed_reproduce_snippet: If is_successful is true, this should be set to empty string;\n            Otherwise, generate a fixed reproduce snippet based on previous snippet, problem description and previous log.\n</field>\n\n\nBelow is the real task for you to solve:\n<repo_name>django/django</repo_name>\n<input_description>\nCannot override get_FOO_display() in Django 2.2+.\nDescription\n\t\nI cannot override the get_FIELD_display function on models since version 2.2. It works in version 2.1.\nExample:\nclass FooBar(models.Model):\n\tfoo_bar = models.CharField(_("foo"), choices=[(1, \'foo\'), (2, \'bar\')])\n\tdef __str__(self):\n\t\treturn self.get_foo_bar_display() # This returns \'foo\' or \'bar\' in 2.2, but \'something\' in 2.1\n\tdef get_foo_bar_display(self):\n\t\treturn "something"\nWhat I expect is that I should be able to override this function.\n\n</input_description>\n<reproducer_snippet>\nfrom django.db import models\nfrom django.utils.translation import gettext_lazy as _\n\nclass FooBar(models.Model):\n    foo_bar = models.CharField(_("foo"), choices=[(1, \'foo\'), (2, \'bar\')])\n\n    def __str__(self):\n        return self.get_foo_bar_display()  # This returns \'foo\' or \'bar\' in 2.2, but \'something\' in 2.1\n\n    def get_foo_bar_display(self):\n        return "something"\n\n</reproducer_snippet>\n<reproducer_log>\nTraceback (most recent call last):\n  File "/root/miniconda3/envs/django__django__3.1/bin/viztracer", line 8, in <module>\n    sys.exit(main())\n  File "/root/miniconda3/envs/django__django__3.1/lib/python3.6/site-packages/viztracer/main.py", line 568, in main\n    success, err_msg = ui.run()\n  File "/root/miniconda3/envs/django__django__3.1/lib/python3.6/site-packages/viztracer/main.py", line 306, in run\n    return self.run_command()\n  File "/root/miniconda3/envs/django__django__3.1/lib/python3.6/site-packages/viztracer/main.py", line 422, in run_command\n    return self.run_code(code, main_mod.__dict__)\n  File "/root/miniconda3/envs/django__django__3.1/lib/python3.6/site-packages/viztracer/main.py", line 339, in run_code\n    exec(code, global_dict)\n  File "/django__django/reproducer_django__django-11999.py", line 4, in <module>\n    class FooBar(models.Model):\n  File "/django__django/django/db/models/base.py", line 107, in __new__\n    app_config = apps.get_containing_app_config(module)\n  File "/django__django/django/apps/registry.py", line 252, in get_containing_app_config\n    self.check_apps_ready()\n  File "/django__django/django/apps/registry.py", line 134, in check_apps_ready\n    settings.INSTALLED_APPS\n  File "/django__django/django/conf/__init__.py", line 77, in __getattr__\n    self._setup(name)\n  File "/django__django/django/conf/__init__.py", line 62, in _setup\n    % (desc, ENVIRONMENT_VARIABLE))\ndjango.core.exceptions.ImproperlyConfigured: Requested setting INSTALLED_APPS, but settings are not configured. You must either define the environment variable DJANGO_SETTINGS_MODULE or call settings.configure() before accessing settings.\n\n</reproducer_log>\n')]), ChatMessage(role=<MessageRole.USER: 'user'>, additional_kwargs={}, blocks=[TextBlock(block_type='text', text='\nYour output should strictly follow the format below.\n{\n    "is_successful": true,\n    "fixed_reproduce_snippet": "code_string"\n}\nDO NOT SPEAK ANY REDUNDANT WORDS (like \'json\', \'output\', etc.)\n')])]
[2026-07-29 14:38:27,532 - Orcar.trace_analysis_agent - INFO] Chat response: {
  "is_successful": false,
  "fixed_reproduce_snippet": "from django.conf import settings\nfrom django.db import models\nfrom django.utils.translation import gettext_lazy as _\n\nif not settings.configured:\n    settings.configure(\n        INSTALLED_APPS=[],\n        DATABASES={\"default\": {\"ENGINE\": \"django.db.backends.sqlite3\", \"NAME\": \":memory:\"}},\n    )\n\nimport django\ndjango.setup()\n\nclass FooBar(models.Model):\n    foo_bar = models.CharField(_(\"foo\"), choices=[(1, 'foo'), (2, 'bar')])\n\n    def __str__(self):\n        return self.get_foo_bar_display()\n\n    def get_foo_bar_display(self):\n        return \"something\"\n\nobj = FooBar()\nprint(obj.get_foo_bar_display())\n"
}
[2026-07-29 14:38:27,536 - Orcar.trace_analysis_agent - INFO] is_successful=False fixed_reproduce_snippet='from django.conf import settings\nfrom django.db import models\nfrom django.utils.translation import gettext_lazy as _\n\nif not settings.configured:\n    settings.configure(\n        INSTALLED_APPS=[],\n        DATABASES={"default": {"ENGINE": "django.db.backends.sqlite3", "NAME": ":memory:"}},\n    )\n\nimport django\ndjango.setup()\n\nclass FooBar(models.Model):\n    foo_bar = models.CharField(_("foo"), choices=[(1, \'foo\'), (2, \'bar\')])\n\n    def __str__(self):\n        return self.get_foo_bar_display()\n\n    def get_foo_bar_display(self):\n        return "something"\n\nobj = FooBar()\nprint(obj.get_foo_bar_display())\n'
[2026-07-29 14:38:27,537 - Orcar.trace_analysis_agent - INFO] Current step: reproduce_judge in handle_step_judge
[2026-07-29 14:38:27,593 - Orcar.trace_analysis_agent - INFO] Running reproducer...
[2026-07-29 14:38:28,248 - Orcar.trace_analysis_agent - INFO] Conda env: django__django__3.1

[2026-07-29 14:38:29,739 - Orcar.trace_analysis_agent - INFO] Reproducer log:
Traceback (most recent call last):
  File "/root/miniconda3/envs/django__django__3.1/bin/viztracer", line 8, in <module>
    sys.exit(main())
  File "/root/miniconda3/envs/django__django__3.1/lib/python3.6/site-packages/viztracer/main.py", line 568, in main
    success, err_msg = ui.run()
  File "/root/miniconda3/envs/django__django__3.1/lib/python3.6/site-packages/viztracer/main.py", line 306, in run
    return self.run_command()
  File "/root/miniconda3/envs/django__django__3.1/lib/python3.6/site-packages/viztracer/main.py", line 422, in run_command
    return self.run_code(code, main_mod.__dict__)
  File "/root/miniconda3/envs/django__django__3.1/lib/python3.6/site-packages/viztracer/main.py", line 339, in run_code
    exec(code, global_dict)
  File "/django__django/reproducer_django__django-11999.py", line 14, in <module>
    class FooBar(models.Model):
  File "/django__django/django/db/models/base.py", line 115, in __new__
    "INSTALLED_APPS." % (module, name)
RuntimeError: Model class __main__.FooBar doesn't declare an explicit app_label and isn't in an application in INSTALLED_APPS.

[2026-07-29 14:38:29,740 - Orcar.trace_analysis_agent - INFO] [ChatMessage(role=<MessageRole.SYSTEM: 'system'>, additional_kwargs={}, blocks=[TextBlock(block_type='text', text='\nYou are an expert python developer, mastering at summarizing and extracting from github issues.\n')]), ChatMessage(role=<MessageRole.USER: 'user'>, additional_kwargs={}, blocks=[TextBlock(block_type='text', text='\nYour task is to judge whether an input github issue is successfully reproduced,\nbased on the reproducer_log generated by a reproducer snippet;\nIf reproduce didn\'t succeed, try to generate a fixed reproduced snippet.\n\nSome examples of judgement include:\n1. SUCCESS if (the exactly same error message) from input_description is found in reproducer_log;\n1. FAILURE if the error message from input_description is different or irrelevant from the one found in reproducer_log;\n1. SUCCESS if (the same printed output) from input_description is found in reproducer_log;\n1. FAILURE if the reproducer in input_description is expected to have output (error or printed log) but reproducer_log is empty;\n1. FAILURE if the reproducer in input_description is expected to raise an error, but no error found from reproducer_log;\n1. FAILURE if the reproducer in input_description is not expected to raise any errors, but 1 or more errors are found from reproducer_log;\n1. FAILURE if the input_description describes different output for expected and problematic behavior, but the reproducer_log matches with expected one;\n\nYour output should strictly follow the format below.\n{\n    "is_successful": true,\n    "fixed_reproduce_snippet": "code_string"\n}\nDO NOT SPEAK ANY REDUNDANT WORDS (like \'json\', \'output\', etc.)\n\nThe meanings of each field are:\n\n<field>\n    is_successful: whether the reproduce_snippet successfully reproduced the issue, based on the reproducer_log it generated.\n            Note that \'successfully reproduce\' means the similar phenomenon is observed;\n            It does not necessarily means the snippet finished without error\n            (Getting the same error reported in issue means reproduction is successful)\n</field>\n<field>\n    fixed_reproduce_snippet: If is_successful is true, this should be set to empty string;\n            Otherwise, generate a fixed reproduce snippet based on previous snippet, problem description and previous log.\n</field>\n\n\nBelow is the real task for you to solve:\n<repo_name>django/django</repo_name>\n<input_description>\nCannot override get_FOO_display() in Django 2.2+.\nDescription\n\t\nI cannot override the get_FIELD_display function on models since version 2.2. It works in version 2.1.\nExample:\nclass FooBar(models.Model):\n\tfoo_bar = models.CharField(_("foo"), choices=[(1, \'foo\'), (2, \'bar\')])\n\tdef __str__(self):\n\t\treturn self.get_foo_bar_display() # This returns \'foo\' or \'bar\' in 2.2, but \'something\' in 2.1\n\tdef get_foo_bar_display(self):\n\t\treturn "something"\nWhat I expect is that I should be able to override this function.\n\n</input_description>\n<reproducer_snippet>\nfrom django.conf import settings\nfrom django.db import models\nfrom django.utils.translation import gettext_lazy as _\n\nif not settings.configured:\n    settings.configure(\n        INSTALLED_APPS=[],\n        DATABASES={"default": {"ENGINE": "django.db.backends.sqlite3", "NAME": ":memory:"}},\n    )\n\nimport django\ndjango.setup()\n\nclass FooBar(models.Model):\n    foo_bar = models.CharField(_("foo"), choices=[(1, \'foo\'), (2, \'bar\')])\n\n    def __str__(self):\n        return self.get_foo_bar_display()\n\n    def get_foo_bar_display(self):\n        return "something"\n\nobj = FooBar()\nprint(obj.get_foo_bar_display())\n\n</reproducer_snippet>\n<reproducer_log>\nTraceback (most recent call last):\n  File "/root/miniconda3/envs/django__django__3.1/bin/viztracer", line 8, in <module>\n    sys.exit(main())\n  File "/root/miniconda3/envs/django__django__3.1/lib/python3.6/site-packages/viztracer/main.py", line 568, in main\n    success, err_msg = ui.run()\n  File "/root/miniconda3/envs/django__django__3.1/lib/python3.6/site-packages/viztracer/main.py", line 306, in run\n    return self.run_command()\n  File "/root/miniconda3/envs/django__django__3.1/lib/python3.6/site-packages/viztracer/main.py", line 422, in run_command\n    return self.run_code(code, main_mod.__dict__)\n  File "/root/miniconda3/envs/django__django__3.1/lib/python3.6/site-packages/viztracer/main.py", line 339, in run_code\n    exec(code, global_dict)\n  File "/django__django/reproducer_django__django-11999.py", line 14, in <module>\n    class FooBar(models.Model):\n  File "/django__django/django/db/models/base.py", line 115, in __new__\n    "INSTALLED_APPS." % (module, name)\nRuntimeError: Model class __main__.FooBar doesn\'t declare an explicit app_label and isn\'t in an application in INSTALLED_APPS.\n\n</reproducer_log>\n')]), ChatMessage(role=<MessageRole.USER: 'user'>, additional_kwargs={}, blocks=[TextBlock(block_type='text', text='\nYour output should strictly follow the format below.\n{\n    "is_successful": true,\n    "fixed_reproduce_snippet": "code_string"\n}\nDO NOT SPEAK ANY REDUNDANT WORDS (like \'json\', \'output\', etc.)\n')])]
[2026-07-29 14:38:51,420 - Orcar.trace_analysis_agent - INFO] Chat response: {
  "is_successful": false,
  "fixed_reproduce_snippet": "from django.conf import settings\nfrom django.db import models\nfrom django.utils.translation import gettext_lazy as _\n\nif not settings.configured:\n    settings.configure(\n        INSTALLED_APPS=[],\n        DATABASES={\"default\": {\"ENGINE\": \"django.db.backends.sqlite3\", \"NAME\": \":memory:\"}},\n        SECRET_KEY=\"x\",\n    )\n\nimport django\ndjango.setup()\n\nclass FooBar(models.Model):\n    foo_bar = models.CharField(_(\"foo\"), choices=[(\"1\", \"foo\"), (\"2\", \"bar\")])\n\n    class Meta:\n        app_label = \"tests\"\n\n    def __str__(self):\n        return self.get_foo_bar_display()\n\n    def get_foo_bar_display(self):\n        return \"something\"\n\nobj = FooBar(foo_bar=\"1\")\nprint(obj.get_foo_bar_display())\n"
}
[2026-07-29 14:38:51,421 - Orcar.trace_analysis_agent - INFO] is_successful=False fixed_reproduce_snippet='from django.conf import settings\nfrom django.db import models\nfrom django.utils.translation import gettext_lazy as _\n\nif not settings.configured:\n    settings.configure(\n        INSTALLED_APPS=[],\n        DATABASES={"default": {"ENGINE": "django.db.backends.sqlite3", "NAME": ":memory:"}},\n        SECRET_KEY="x",\n    )\n\nimport django\ndjango.setup()\n\nclass FooBar(models.Model):\n    foo_bar = models.CharField(_("foo"), choices=[("1", "foo"), ("2", "bar")])\n\n    class Meta:\n        app_label = "tests"\n\n    def __str__(self):\n        return self.get_foo_bar_display()\n\n    def get_foo_bar_display(self):\n        return "something"\n\nobj = FooBar(foo_bar="1")\nprint(obj.get_foo_bar_display())\n'
[2026-07-29 14:38:51,422 - Orcar.trace_analysis_agent - INFO] Current step: reproduce_judge in handle_step_judge
[2026-07-29 14:38:51,443 - Orcar.trace_analysis_agent - INFO] Running reproducer...
[2026-07-29 14:38:52,114 - Orcar.trace_analysis_agent - INFO] Conda env: django__django__3.1

[2026-07-29 14:38:53,641 - Orcar.trace_analysis_agent - INFO] Reproducer log:
foo

[2026-07-29 14:38:53,642 - Orcar.trace_analysis_agent - INFO] [ChatMessage(role=<MessageRole.SYSTEM: 'system'>, additional_kwargs={}, blocks=[TextBlock(block_type='text', text='\nYou are an expert python developer, mastering at summarizing and extracting from github issues.\n')]), ChatMessage(role=<MessageRole.USER: 'user'>, additional_kwargs={}, blocks=[TextBlock(block_type='text', text='\nYour task is to judge whether an input github issue is successfully reproduced,\nbased on the reproducer_log generated by a reproducer snippet;\nIf reproduce didn\'t succeed, try to generate a fixed reproduced snippet.\n\nSome examples of judgement include:\n1. SUCCESS if (the exactly same error message) from input_description is found in reproducer_log;\n1. FAILURE if the error message from input_description is different or irrelevant from the one found in reproducer_log;\n1. SUCCESS if (the same printed output) from input_description is found in reproducer_log;\n1. FAILURE if the reproducer in input_description is expected to have output (error or printed log) but reproducer_log is empty;\n1. FAILURE if the reproducer in input_description is expected to raise an error, but no error found from reproducer_log;\n1. FAILURE if the reproducer in input_description is not expected to raise any errors, but 1 or more errors are found from reproducer_log;\n1. FAILURE if the input_description describes different output for expected and problematic behavior, but the reproducer_log matches with expected one;\n\nYour output should strictly follow the format below.\n{\n    "is_successful": true,\n    "fixed_reproduce_snippet": "code_string"\n}\nDO NOT SPEAK ANY REDUNDANT WORDS (like \'json\', \'output\', etc.)\n\nThe meanings of each field are:\n\n<field>\n    is_successful: whether the reproduce_snippet successfully reproduced the issue, based on the reproducer_log it generated.\n            Note that \'successfully reproduce\' means the similar phenomenon is observed;\n            It does not necessarily means the snippet finished without error\n            (Getting the same error reported in issue means reproduction is successful)\n</field>\n<field>\n    fixed_reproduce_snippet: If is_successful is true, this should be set to empty string;\n            Otherwise, generate a fixed reproduce snippet based on previous snippet, problem description and previous log.\n</field>\n\n\nBelow is the real task for you to solve:\n<repo_name>django/django</repo_name>\n<input_description>\nCannot override get_FOO_display() in Django 2.2+.\nDescription\n\t\nI cannot override the get_FIELD_display function on models since version 2.2. It works in version 2.1.\nExample:\nclass FooBar(models.Model):\n\tfoo_bar = models.CharField(_("foo"), choices=[(1, \'foo\'), (2, \'bar\')])\n\tdef __str__(self):\n\t\treturn self.get_foo_bar_display() # This returns \'foo\' or \'bar\' in 2.2, but \'something\' in 2.1\n\tdef get_foo_bar_display(self):\n\t\treturn "something"\nWhat I expect is that I should be able to override this function.\n\n</input_description>\n<reproducer_snippet>\nfrom django.conf import settings\nfrom django.db import models\nfrom django.utils.translation import gettext_lazy as _\n\nif not settings.configured:\n    settings.configure(\n        INSTALLED_APPS=[],\n        DATABASES={"default": {"ENGINE": "django.db.backends.sqlite3", "NAME": ":memory:"}},\n        SECRET_KEY="x",\n    )\n\nimport django\ndjango.setup()\n\nclass FooBar(models.Model):\n    foo_bar = models.CharField(_("foo"), choices=[("1", "foo"), ("2", "bar")])\n\n    class Meta:\n        app_label = "tests"\n\n    def __str__(self):\n        return self.get_foo_bar_display()\n\n    def get_foo_bar_display(self):\n        return "something"\n\nobj = FooBar(foo_bar="1")\nprint(obj.get_foo_bar_display())\n\n</reproducer_snippet>\n<reproducer_log>\nfoo\n\n</reproducer_log>\n')]), ChatMessage(role=<MessageRole.USER: 'user'>, additional_kwargs={}, blocks=[TextBlock(block_type='text', text='\nYour output should strictly follow the format below.\n{\n    "is_successful": true,\n    "fixed_reproduce_snippet": "code_string"\n}\nDO NOT SPEAK ANY REDUNDANT WORDS (like \'json\', \'output\', etc.)\n')])]
[2026-07-29 14:38:57,403 - Orcar.trace_analysis_agent - INFO] Chat response: {"is_successful": true,"fixed_reproduce_snippet":""}
[2026-07-29 14:38:57,404 - Orcar.trace_analysis_agent - INFO] is_successful=True fixed_reproduce_snippet=''
[2026-07-29 14:38:57,405 - Orcar.trace_analysis_agent - INFO] Current step: reproduce_code_parse in handle_step_parse
[2026-07-29 14:38:57,409 - Orcar.trace_analysis_agent - INFO] [ChatMessage(role=<MessageRole.SYSTEM: 'system'>, additional_kwargs={}, blocks=[TextBlock(block_type='text', text='\nYou are an expert python developer, mastering at summarizing and extracting from github issues.\n')]), ChatMessage(role=<MessageRole.USER: 'user'>, additional_kwargs={}, blocks=[TextBlock(block_type='text', text='\nYour task is to extract python code keywords and the filepath they belong to (if exist) from human reported github issue.\nNon-existanct filepath should be set to \'\'.\n\nYour output should strictly follow the format below.\n{\n    "code_info_list": [\n        {\n            "keyword": "class_or_function_name_1",\n            "file_path": ""\n        },\n        {\n            "keyword": "class_or_function_name_2",\n            "file_path": "file_path_2"\n        }\n    ]\n}\nDO NOT SPEAK ANY REDUNDANT WORDS (like \'json\', \'output\', etc.)\n\nThe meanings of each field are:\n\n<field>\n    keyword: the name of the class, function, method or global variable where the suspicious code lies in.\n            Should be a single word, not spliced with dot.\n</field>\n<field>\n    file_path: The path of the file containing the code. Can be relative or absolute path.\n            Levels of path should only be spliced with slash or backslash, not space.\n            Specially, python import style path should be parsed as:\n            1. dot replaced with slash;\n            2. add .py suffix if no suffix is found.\n            For example, "pvlib.bifacial.pvfactors" should be interpreted as "pvlib/bifacial/pvfactors.py"\n            Set to \'\' if cannot find path.\n</field>\n<field>\n    code_info_list: list of (keyword, file_path). All keywords mentioned should be extracted to the list.\n</field>\n\n\nAn example is given below:\n\n<repo_name>marshmallow-code/marshmallow<repo_name>\n<example_input_description>\n\nfrom marshmallow import fields, Schema\n\nclass MySchema(Schema):\n    times = fields.List(fields.DateTime())\n\nMySchema()\n\n</example_input_description>\n<example_output>\n{\n    "code_info_list": [\n        {\n            "keyword": "fields",\n            "file_path": ""\n        },\n        {\n            "keyword": "Schema",\n            "file_path": ""\n        }\n    ]\n}\n</example_output>\n\n\nBelow is the real task for you to solve:\n<repo_name>django/django</repo_name>\n<input_description>\nfrom django.conf import settings\nfrom django.db import models\nfrom django.utils.translation import gettext_lazy as _\n\nif not settings.configured:\n    settings.configure(\n        INSTALLED_APPS=[],\n        DATABASES={"default": {"ENGINE": "django.db.backends.sqlite3", "NAME": ":memory:"}},\n        SECRET_KEY="x",\n    )\n\nimport django\ndjango.setup()\n\nclass FooBar(models.Model):\n    foo_bar = models.CharField(_("foo"), choices=[("1", "foo"), ("2", "bar")])\n\n    class Meta:\n        app_label = "tests"\n\n    def __str__(self):\n        return self.get_foo_bar_display()\n\n    def get_foo_bar_display(self):\n        return "something"\n\nobj = FooBar(foo_bar="1")\nprint(obj.get_foo_bar_display())\n\n</input_description>\n')]), ChatMessage(role=<MessageRole.USER: 'user'>, additional_kwargs={}, blocks=[TextBlock(block_type='text', text='\nYour output should strictly follow the format below.\n{\n    "code_info_list": [\n        {\n            "keyword": "class_or_function_name_1",\n            "file_path": ""\n        },\n        {\n            "keyword": "class_or_function_name_2",\n            "file_path": "file_path_2"\n        }\n    ]\n}\nDO NOT SPEAK ANY REDUNDANT WORDS (like \'json\', \'output\', etc.)\n')])]
[2026-07-29 14:39:00,945 - Orcar.trace_analysis_agent - INFO] Chat response: {
  "code_info_list": [
    {
      "keyword": "settings",
      "file_path": "django/conf/__init__.py"
    },
    {
      "keyword": "models",
      "file_path": "django/db/models/__init__.py"
    },
    {
      "keyword": "gettext_lazy",
      "file_path": "django/utils/translation/__init__.py"
    },
    {
      "keyword": "FooBar",
      "file_path": ""
    },
    {
      "keyword": "Meta",
      "file_path": ""
    },
    {
      "keyword": "__str__",
      "file_path": ""
    },
    {
      "keyword": "get_foo_bar_display",
      "file_path": ""
    }
  ]
}
[2026-07-29 14:39:00,955 - Orcar.trace_analysis_agent - INFO] Before parse path: code_info_list=[CodeInfo(keyword='settings', file_path='django/conf/__init__.py'), CodeInfo(keyword='models', file_path='django/db/models/__init__.py'), CodeInfo(keyword='gettext_lazy', file_path='django/utils/translation/__init__.py'), CodeInfo(keyword='FooBar', file_path=''), CodeInfo(keyword='Meta', file_path=''), CodeInfo(keyword='__str__', file_path=''), CodeInfo(keyword='get_foo_bar_display', file_path='')]
[2026-07-29 14:39:08,194 - Orcar.trace_analysis_agent - INFO] After parse path: code_info_list=[CodeInfo(keyword='settings', file_path='django/conf/__init__.py'), CodeInfo(keyword='models', file_path='django/db/models/__init__.py'), CodeInfo(keyword='gettext_lazy', file_path='django/utils/translation/__init__.py'), CodeInfo(keyword='FooBar', file_path=''), CodeInfo(keyword='Meta', file_path=''), CodeInfo(keyword='__str__', file_path=''), CodeInfo(keyword='get_foo_bar_display', file_path='')]
[2026-07-29 14:39:08,196 - Orcar.trace_analysis_agent - INFO] Current step: reproduce_log_parse in handle_step_parse
[2026-07-29 14:39:08,199 - Orcar.trace_analysis_agent - INFO] [ChatMessage(role=<MessageRole.SYSTEM: 'system'>, additional_kwargs={}, blocks=[TextBlock(block_type='text', text='\nYou are an expert python developer, mastering at summarizing and extracting from github issues.\n')]), ChatMessage(role=<MessageRole.USER: 'user'>, additional_kwargs={}, blocks=[TextBlock(block_type='text', text='\nYour task is to extract python code keywords and the filepath they belong to (if exist) from human reported github issue.\nNon-existanct filepath should be set to \'\'.\n\nYour output should strictly follow the format below.\n{\n    "code_info_list": [\n        {\n            "keyword": "class_or_function_name_1",\n            "file_path": ""\n        },\n        {\n            "keyword": "class_or_function_name_2",\n            "file_path": "file_path_2"\n        }\n    ]\n}\nDO NOT SPEAK ANY REDUNDANT WORDS (like \'json\', \'output\', etc.)\n\nThe meanings of each field are:\n\n<field>\n    keyword: the name of the class, function, method or global variable where the suspicious code lies in.\n            Should be a single word, not spliced with dot.\n</field>\n<field>\n    file_path: The path of the file containing the code. Can be relative or absolute path.\n            Levels of path should only be spliced with slash or backslash, not space.\n            Specially, python import style path should be parsed as:\n            1. dot replaced with slash;\n            2. add .py suffix if no suffix is found.\n            For example, "pvlib.bifacial.pvfactors" should be interpreted as "pvlib/bifacial/pvfactors.py"\n            Set to \'\' if cannot find path.\n</field>\n<field>\n    code_info_list: list of (keyword, file_path). All keywords mentioned should be extracted to the list.\n</field>\n\n\nAn example is given below:\n\n<repo_name>marshmallow-code/marshmallow<repo_name>\n<example_input_description>\n\nTraceback (most recent call last):\n  File "test-mm.py", line 8, in <module>\n    MySchema()\n  File "/Users/victor/.pyenv/versions/marshmallow/lib/python3.6/site-packages/marshmallow/schema.py", line 383, in __init__\n    self.fields = self._init_fields()\n  File "/Users/victor/.pyenv/versions/marshmallow/lib/python3.6/site-packages/marshmallow/fields.py", line 636, in _bind_to_schema\n    self.inner._bind_to_schema(field_name, self)\nAttributeError: \'List\' object has no attribute \'opts\'\n\n</example_input_description>\n<example_output>\n{\n    "code_info_list": [\n        {\n            "keyword": "<module>",\n            "file_path": "test-mm.py"\n        },\n        {\n            "keyword": "__init__",\n            "file_path": "/Users/victor/.pyenv/versions/marshmallow/lib/python3.6/site-packages/marshmallow/schema.py"\n        },\n        {\n            "keyword": "_bind_to_schema",\n            "file_path": "/Users/victor/.pyenv/versions/marshmallow/lib/python3.6/site-packages/marshmallow/fields.py"\n        }\n    ]\n}\n</example_output>\n\n\nBelow is the real task for you to solve:\n<repo_name>django/django</repo_name>\n<input_description>\nfoo\n\n</input_description>\n')]), ChatMessage(role=<MessageRole.USER: 'user'>, additional_kwargs={}, blocks=[TextBlock(block_type='text', text='\nYour output should strictly follow the format below.\n{\n    "code_info_list": [\n        {\n            "keyword": "class_or_function_name_1",\n            "file_path": ""\n        },\n        {\n            "keyword": "class_or_function_name_2",\n            "file_path": "file_path_2"\n        }\n    ]\n}\nDO NOT SPEAK ANY REDUNDANT WORDS (like \'json\', \'output\', etc.)\n')])]
[2026-07-29 14:39:14,246 - Orcar.trace_analysis_agent - INFO] Chat response: {
    "code_info_list": []
}
[2026-07-29 14:39:14,246 - Orcar.trace_analysis_agent - INFO] Before parse path: code_info_list=[]
[2026-07-29 14:39:15,536 - Orcar.trace_analysis_agent - INFO] After parse path: code_info_list=[]
[2026-07-29 14:39:15,537 - Orcar.trace_analysis_agent - INFO] Current step: reproduce_trace in handle_step_trace
[2026-07-29 14:39:15,541 - Orcar.environment.utils - DEBUG] Run command in container: ls /tmp/tracer_output_django__django-11999.json
[2026-07-29 14:39:16,179 - Orcar.environment.benchmark - INFO] Copying file to host: docker cp orcar_django11999_no_disamb_warm_ctr://tmp/tracer_output_django__django-11999.json [HOME]/.orcar/tracer/tracer_output_django__django-11999.json
[2026-07-29 14:39:16,242 - Orcar.tracer - INFO] sensitivity_dict: {'FooBar': set(), 'settings': {'/django__django/django/conf/__init__.py'}, 'get_foo_bar_display': set(), '__str__': set(), 'models': {'/django__django/django/db/models/__init__.py'}, 'Meta': set(), 'gettext_lazy': {'/django__django/django/utils/translation/__init__.py'}}
[2026-07-29 14:39:16,269 - Orcar.tracer - INFO] Found tracer output at [HOME]/.orcar/tracer/tracer_output_django__django-11999.json
[2026-07-29 14:39:16,363 - Orcar.tracer - INFO] Successfully parsed tracer output into func_tree
[2026-07-29 14:39:16,385 - Orcar.tracer - INFO] Got sorted funcs:
[2026-07-29 14:39:16,386 - Orcar.tracer - INFO] Func 000/027
[2026-07-29 14:39:16,387 - Orcar.tracer - INFO] (FuncSign(filename='/django__django/reproducer_django__django-11999.py', lineno=15, funcname='FooBar'), FuncScore(is_same_file_with_key_parent=True, layers_from_key_parent=0, absolute_calling_index=848, absolute_layer=2, called_by=[]), (0, 0, 2, 848))
[2026-07-29 14:39:16,388 - Orcar.tracer - INFO] Func 001/027
[2026-07-29 14:39:16,388 - Orcar.tracer - INFO] (FuncSign(filename='/django__django/reproducer_django__django-11999.py', lineno=18, funcname='Meta'), FuncScore(is_same_file_with_key_parent=True, layers_from_key_parent=0, absolute_calling_index=953, absolute_layer=3, called_by=[]), (0, 0, 3, 953))
[2026-07-29 14:39:16,388 - Orcar.tracer - INFO] Func 002/027
[2026-07-29 14:39:16,388 - Orcar.tracer - INFO] (FuncSign(filename='/django__django/django/utils/functional.py', lineno=182, funcname='__wrapper__'), FuncScore(is_same_file_with_key_parent=False, layers_from_key_parent=1, absolute_calling_index=849, absolute_layer=3, called_by=[FuncSign(filename='/django__django/reproducer_django__django-11999.py', lineno=15, funcname='FooBar')]), (1, 1, 3, 849))
[2026-07-29 14:39:16,388 - Orcar.tracer - INFO] Func 003/027
[2026-07-29 14:39:16,388 - Orcar.tracer - INFO] (FuncSign(filename='/django__django/django/db/models/fields/__init__.py', lineno=971, funcname='__init__'), FuncScore(is_same_file_with_key_parent=False, layers_from_key_parent=1, absolute_calling_index=851, absolute_layer=3, called_by=[FuncSign(filename='/django__django/reproducer_django__django-11999.py', lineno=15, funcname='FooBar')]), (1, 1, 3, 851))
[2026-07-29 14:39:16,388 - Orcar.tracer - INFO] Func 004/027
[2026-07-29 14:39:16,389 - Orcar.tracer - INFO] (FuncSign(filename='/django__django/django/utils/functional.py', lineno=89, funcname='__init__'), FuncScore(is_same_file_with_key_parent=False, layers_from_key_parent=2, absolute_calling_index=850, absolute_layer=4, called_by=[FuncSign(filename='/django__django/reproducer_django__django-11999.py', lineno=15, funcname='FooBar'), FuncSign(filename='/django__django/django/utils/functional.py', lineno=182, funcname='__wrapper__')]), (1, 2, 4, 850))
[2026-07-29 14:39:16,389 - Orcar.tracer - INFO] Func 005/027
[2026-07-29 14:39:16,389 - Orcar.tracer - INFO] (FuncSign(filename='/django__django/django/db/models/fields/__init__.py', lineno=131, funcname='__init__'), FuncScore(is_same_file_with_key_parent=False, layers_from_key_parent=2, absolute_calling_index=852, absolute_layer=4, called_by=[FuncSign(filename='/django__django/reproducer_django__django-11999.py', lineno=15, funcname='FooBar'), FuncSign(filename='/django__django/django/db/models/fields/__init__.py', lineno=971, funcname='__init__')]), (1, 2, 4, 852))
[2026-07-29 14:39:16,389 - Orcar.tracer - INFO] Func 006/027
[2026-07-29 14:39:16,389 - Orcar.tracer - INFO] (FuncSign(filename='/django__django/django/utils/functional.py', lineno=40, funcname='__get__'), FuncScore(is_same_file_with_key_parent=False, layers_from_key_parent=2, absolute_calling_index=948, absolute_layer=4, called_by=[FuncSign(filename='/django__django/reproducer_django__django-11999.py', lineno=15, funcname='FooBar'), FuncSign(filename='/django__django/django/db/models/fields/__init__.py', lineno=971, funcname='__init__')]), (1, 2, 4, 948))
[2026-07-29 14:39:16,389 - Orcar.tracer - INFO] Func 007/027
[2026-07-29 14:39:16,389 - Orcar.tracer - INFO] (FuncSign(filename='/django__django/django/utils/deconstruct.py', lineno=14, funcname='__new__'), FuncScore(is_same_file_with_key_parent=False, layers_from_key_parent=2, absolute_calling_index=950, absolute_layer=4, called_by=[FuncSign(filename='/django__django/reproducer_django__django-11999.py', lineno=15, funcname='FooBar'), FuncSign(filename='/django__django/django/db/models/fields/__init__.py', lineno=971, funcname='__init__')]), (1, 2, 4, 950))
[2026-07-29 14:39:16,389 - Orcar.tracer - INFO] Func 008/027
[2026-07-29 14:39:16,390 - Orcar.tracer - INFO] (FuncSign(filename='/django__django/django/core/validators.py', lineno=302, funcname='__init__'), FuncScore(is_same_file_with_key_parent=False, layers_from_key_parent=2, absolute_calling_index=952, absolute_layer=4, called_by=[FuncSign(filename='/django__django/reproducer_django__django-11999.py', lineno=15, funcname='FooBar'), FuncSign(filename='/django__django/django/db/models/fields/__init__.py', lineno=971, funcname='__init__')]), (1, 2, 4, 952))
[2026-07-29 14:39:16,390 - Orcar.tracer - INFO] Func 009/027
[2026-07-29 14:39:16,390 - Orcar.tracer - INFO] (FuncSign(filename='/root/miniconda3/envs/django__django__3.1/lib/python3.6/abc.py', lineno=180, funcname='__instancecheck__'), FuncScore(is_same_file_with_key_parent=False, layers_from_key_parent=3, absolute_calling_index=853, absolute_layer=5, called_by=[FuncSign(filename='/django__django/reproducer_django__django-11999.py', lineno=15, funcname='FooBar'), FuncSign(filename='/django__django/django/db/models/fields/__init__.py', lineno=971, funcname='__init__'), FuncSign(filename='/django__django/django/db/models/fields/__init__.py', lineno=131, funcname='__init__')]), (1, 3, 5, 853))
[2026-07-29 14:39:16,390 - Orcar.tracer - INFO] Func 010/027
[2026-07-29 14:39:16,390 - Orcar.tracer - INFO] (FuncSign(filename='/django__django/django/db/models/fields/__init__.py', lineno=583, funcname='validators'), FuncScore(is_same_file_with_key_parent=False, layers_from_key_parent=3, absolute_calling_index=949, absolute_layer=5, called_by=[FuncSign(filename='/django__django/reproducer_django__django-11999.py', lineno=15, funcname='FooBar'), FuncSign(filename='/django__django/django/db/models/fields/__init__.py', lineno=971, funcname='__init__'), FuncSign(filename='/django__django/django/utils/functional.py', lineno=40, funcname='__get__')]), (1, 3, 5, 949))
[2026-07-29 14:39:16,391 - Orcar.tracer - INFO] Func 011/027
[2026-07-29 14:39:16,391 - Orcar.tracer - INFO] (FuncSign(filename='/root/miniconda3/envs/django__django__3.1/lib/python3.6/_weakrefset.py', lineno=70, funcname='__contains__'), FuncScore(is_same_file_with_key_parent=False, layers_from_key_parent=4, absolute_calling_index=854, absolute_layer=6, called_by=[FuncSign(filename='/django__django/reproducer_django__django-11999.py', lineno=15, funcname='FooBar'), FuncSign(filename='/django__django/django/db/models/fields/__init__.py', lineno=971, funcname='__init__'), FuncSign(filename='/django__django/django/db/models/fields/__init__.py', lineno=131, funcname='__init__'), FuncSign(filename='/root/miniconda3/envs/django__django__3.1/lib/python3.6/abc.py', lineno=180, funcname='__instancecheck__')]), (1, 4, 6, 854))
[2026-07-29 14:39:16,391 - Orcar.tracer - INFO] Func 012/027
[2026-07-29 14:39:16,391 - Orcar.tracer - INFO] (FuncSign(filename='/root/miniconda3/envs/django__django__3.1/lib/python3.6/abc.py', lineno=196, funcname='__subclasscheck__'), FuncScore(is_same_file_with_key_parent=False, layers_from_key_parent=4, absolute_calling_index=856, absolute_layer=6, called_by=[FuncSign(filename='/django__django/reproducer_django__django-11999.py', lineno=15, funcname='FooBar'), FuncSign(filename='/django__django/django/db/models/fields/__init__.py', lineno=971, funcname='__init__'), FuncSign(filename='/django__django/django/db/models/fields/__init__.py', lineno=131, funcname='__init__'), FuncSign(filename='/root/miniconda3/envs/django__django__3.1/lib/python3.6/abc.py', lineno=180, funcname='__instancecheck__')]), (1, 4, 6, 856))
[2026-07-29 14:39:16,391 - Orcar.tracer - INFO] Func 013/027
[2026-07-29 14:39:16,391 - Orcar.tracer - INFO] (FuncSign(filename='/root/miniconda3/envs/django__django__3.1/lib/python3.6/_collections_abc.py', lineno=271, funcname='__subclasshook__'), FuncScore(is_same_file_with_key_parent=False, layers_from_key_parent=5, absolute_calling_index=859, absolute_layer=7, called_by=[FuncSign(filename='/django__django/reproducer_django__django-11999.py', lineno=15, funcname='FooBar'), FuncSign(filename='/django__django/django/db/models/fields/__init__.py', lineno=971, funcname='__init__'), FuncSign(filename='/django__django/django/db/models/fields/__init__.py', lineno=131, funcname='__init__'), FuncSign(filename='/root/miniconda3/envs/django__django__3.1/lib/python3.6/abc.py', lineno=180, funcname='__instancecheck__'), FuncSign(filename='/root/miniconda3/envs/django__django__3.1/lib/python3.6/abc.py', lineno=196, funcname='__subclasscheck__')]), (1, 5, 7, 859))
[2026-07-29 14:39:16,391 - Orcar.tracer - INFO] Func 014/027
[2026-07-29 14:39:16,391 - Orcar.tracer - INFO] (FuncSign(filename='/root/miniconda3/envs/django__django__3.1/lib/python3.6/_weakrefset.py', lineno=58, funcname='__iter__'), FuncScore(is_same_file_with_key_parent=False, layers_from_key_parent=5, absolute_calling_index=861, absolute_layer=7, called_by=[FuncSign(filename='/django__django/reproducer_django__django-11999.py', lineno=15, funcname='FooBar'), FuncSign(filename='/django__django/django/db/models/fields/__init__.py', lineno=971, funcname='__init__'), FuncSign(filename='/django__django/django/db/models/fields/__init__.py', lineno=131, funcname='__init__'), FuncSign(filename='/root/miniconda3/envs/django__django__3.1/lib/python3.6/abc.py', lineno=180, funcname='__instancecheck__'), FuncSign(filename='/root/miniconda3/envs/django__django__3.1/lib/python3.6/abc.py', lineno=196, funcname='__subclasscheck__')]), (1, 5, 7, 861))
[2026-07-29 14:39:16,392 - Orcar.tracer - INFO] Func 015/027
[2026-07-29 14:39:16,392 - Orcar.tracer - INFO] (FuncSign(filename='/root/miniconda3/envs/django__django__3.1/lib/python3.6/typing.py', lineno=1145, funcname='__subclasscheck__'), FuncScore(is_same_file_with_key_parent=False, layers_from_key_parent=5, absolute_calling_index=897, absolute_layer=7, called_by=[FuncSign(filename='/django__django/reproducer_django__django-11999.py', lineno=15, funcname='FooBar'), FuncSign(filename='/django__django/django/db/models/fields/__init__.py', lineno=971, funcname='__init__'), FuncSign(filename='/django__django/django/db/models/fields/__init__.py', lineno=131, funcname='__init__'), FuncSign(filename='/root/miniconda3/envs/django__django__3.1/lib/python3.6/abc.py', lineno=180, funcname='__instancecheck__'), FuncSign(filename='/root/miniconda3/envs/django__django__3.1/lib/python3.6/abc.py', lineno=196, funcname='__subclasscheck__')]), (1, 5, 7, 897))
[2026-07-29 14:39:16,392 - Orcar.tracer - INFO] Func 016/027
[2026-07-29 14:39:16,392 - Orcar.tracer - INFO] (FuncSign(filename='/root/miniconda3/envs/django__django__3.1/lib/python3.6/_weakrefset.py', lineno=81, funcname='add'), FuncScore(is_same_file_with_key_parent=False, layers_from_key_parent=5, absolute_calling_index=947, absolute_layer=7, called_by=[FuncSign(filename='/django__django/reproducer_django__django-11999.py', lineno=15, funcname='FooBar'), FuncSign(filename='/django__django/django/db/models/fields/__init__.py', lineno=971, funcname='__init__'), FuncSign(filename='/django__django/django/db/models/fields/__init__.py', lineno=131, funcname='__init__'), FuncSign(filename='/root/miniconda3/envs/django__django__3.1/lib/python3.6/abc.py', lineno=180, funcname='__instancecheck__'), FuncSign(filename='/root/miniconda3/envs/django__django__3.1/lib/python3.6/abc.py', lineno=196, funcname='__subclasscheck__')]), (1, 5, 7, 947))
[2026-07-29 14:39:16,392 - Orcar.tracer - INFO] Func 017/027
[2026-07-29 14:39:16,392 - Orcar.tracer - INFO] (FuncSign(filename='/root/miniconda3/envs/django__django__3.1/lib/python3.6/_collections_abc.py', lineno=72, funcname='_check_methods'), FuncScore(is_same_file_with_key_parent=False, layers_from_key_parent=6, absolute_calling_index=860, absolute_layer=8, called_by=[FuncSign(filename='/django__django/reproducer_django__django-11999.py', lineno=15, funcname='FooBar'), FuncSign(filename='/django__django/django/db/models/fields/__init__.py', lineno=971, funcname='__init__'), FuncSign(filename='/django__django/django/db/models/fields/__init__.py', lineno=131, funcname='__init__'), FuncSign(filename='/root/miniconda3/envs/django__django__3.1/lib/python3.6/abc.py', lineno=180, funcname='__instancecheck__'), FuncSign(filename='/root/miniconda3/envs/django__django__3.1/lib/python3.6/abc.py', lineno=196, funcname='__subclasscheck__'), FuncSign(filename='/root/miniconda3/envs/django__django__3.1/lib/python3.6/_collections_abc.py', lineno=271, funcname='__subclasshook__')]), (1, 6, 8, 860))
[2026-07-29 14:39:16,392 - Orcar.tracer - INFO] Func 018/027
[2026-07-29 14:39:16,392 - Orcar.tracer - INFO] (FuncSign(filename='/root/miniconda3/envs/django__django__3.1/lib/python3.6/_weakrefset.py', lineno=16, funcname='__init__'), FuncScore(is_same_file_with_key_parent=False, layers_from_key_parent=6, absolute_calling_index=862, absolute_layer=8, called_by=[FuncSign(filename='/django__django/reproducer_django__django-11999.py', lineno=15, funcname='FooBar'), FuncSign(filename='/django__django/django/db/models/fields/__init__.py', lineno=971, funcname='__init__'), FuncSign(filename='/django__django/django/db/models/fields/__init__.py', lineno=131, funcname='__init__'), FuncSign(filename='/root/miniconda3/envs/django__django__3.1/lib/python3.6/abc.py', lineno=180, funcname='__instancecheck__'), FuncSign(filename='/root/miniconda3/envs/django__django__3.1/lib/python3.6/abc.py', lineno=196, funcname='__subclasscheck__'), FuncSign(filename='/root/miniconda3/envs/django__django__3.1/lib/python3.6/_weakrefset.py', lineno=58, funcname='__iter__')]), (1, 6, 8, 862))
[2026-07-29 14:39:16,393 - Orcar.tracer - INFO] Func 019/027
[2026-07-29 14:39:16,393 - Orcar.tracer - INFO] (FuncSign(filename='/root/miniconda3/envs/django__django__3.1/lib/python3.6/_weakrefset.py', lineno=20, funcname='__enter__'), FuncScore(is_same_file_with_key_parent=False, layers_from_key_parent=6, absolute_calling_index=863, absolute_layer=8, called_by=[FuncSign(filename='/django__django/reproducer_django__django-11999.py', lineno=15, funcname='FooBar'), FuncSign(filename='/django__django/django/db/models/fields/__init__.py', lineno=971, funcname='__init__'), FuncSign(filename='/django__django/django/db/models/fields/__init__.py', lineno=131, funcname='__init__'), FuncSign(filename='/root/miniconda3/envs/django__django__3.1/lib/python3.6/abc.py', lineno=180, funcname='__instancecheck__'), FuncSign(filename='/root/miniconda3/envs/django__django__3.1/lib/python3.6/abc.py', lineno=196, funcname='__subclasscheck__'), FuncSign(filename='/root/miniconda3/envs/django__django__3.1/lib/python3.6/_weakrefset.py', lineno=58, funcname='__iter__')]), (1, 6, 8, 863))
[2026-07-29 14:39:16,393 - Orcar.tracer - INFO] Func 020/027
[2026-07-29 14:39:16,393 - Orcar.tracer - INFO] (FuncSign(filename='/root/miniconda3/envs/django__django__3.1/lib/python3.6/_weakrefset.py', lineno=26, funcname='__exit__'), FuncScore(is_same_file_with_key_parent=False, layers_from_key_parent=6, absolute_calling_index=864, absolute_layer=8, called_by=[FuncSign(filename='/django__django/reproducer_django__django-11999.py', lineno=15, funcname='FooBar'), FuncSign(filename='/django__django/django/db/models/fields/__init__.py', lineno=971, funcname='__init__'), FuncSign(filename='/django__django/django/db/models/fields/__init__.py', lineno=131, funcname='__init__'), FuncSign(filename='/root/miniconda3/envs/django__django__3.1/lib/python3.6/abc.py', lineno=180, funcname='__instancecheck__'), FuncSign(filename='/root/miniconda3/envs/django__django__3.1/lib/python3.6/abc.py', lineno=196, funcname='__subclasscheck__'), FuncSign(filename='/root/miniconda3/envs/django__django__3.1/lib/python3.6/_weakrefset.py', lineno=58, funcname='__iter__')]), (1, 6, 8, 864))
[2026-07-29 14:39:16,393 - Orcar.tracer - INFO] Func 021/027
[2026-07-29 14:39:16,393 - Orcar.tracer - INFO] (FuncSign(filename='/root/miniconda3/envs/django__django__3.1/lib/python3.6/_collections_abc.py', lineno=349, funcname='__subclasshook__'), FuncScore(is_same_file_with_key_parent=False, layers_from_key_parent=6, absolute_calling_index=869, absolute_layer=8, called_by=[FuncSign(filename='/django__django/reproducer_django__django-11999.py', lineno=15, funcname='FooBar'), FuncSign(filename='/django__django/django/db/models/fields/__init__.py', lineno=971, funcname='__init__'), FuncSign(filename='/django__django/django/db/models/fields/__init__.py', lineno=131, funcname='__init__'), FuncSign(filename='/root/miniconda3/envs/django__django__3.1/lib/python3.6/abc.py', lineno=180, funcname='__instancecheck__'), FuncSign(filename='/root/miniconda3/envs/django__django__3.1/lib/python3.6/abc.py', lineno=196, funcname='__subclasscheck__'), FuncSign(filename='/root/miniconda3/envs/django__django__3.1/lib/python3.6/abc.py', lineno=196, funcname='__subclasscheck__')]), (1, 6, 8, 869))
[2026-07-29 14:39:16,393 - Orcar.tracer - INFO] Func 022/027
[2026-07-29 14:39:16,394 - Orcar.tracer - INFO] (FuncSign(filename='/root/miniconda3/envs/django__django__3.1/lib/python3.6/_weakrefset.py', lineno=52, funcname='_commit_removals'), FuncScore(is_same_file_with_key_parent=False, layers_from_key_parent=7, absolute_calling_index=865, absolute_layer=9, called_by=[FuncSign(filename='/django__django/reproducer_django__django-11999.py', lineno=15, funcname='FooBar'), FuncSign(filename='/django__django/django/db/models/fields/__init__.py', lineno=971, funcname='__init__'), FuncSign(filename='/django__django/django/db/models/fields/__init__.py', lineno=131, funcname='__init__'), FuncSign(filename='/root/miniconda3/envs/django__django__3.1/lib/python3.6/abc.py', lineno=180, funcname='__instancecheck__'), FuncSign(filename='/root/miniconda3/envs/django__django__3.1/lib/python3.6/abc.py', lineno=196, funcname='__subclasscheck__'), FuncSign(filename='/root/miniconda3/envs/django__django__3.1/lib/python3.6/_weakrefset.py', lineno=58, funcname='__iter__'), FuncSign(filename='/root/miniconda3/envs/django__django__3.1/lib/python3.6/_weakrefset.py', lineno=26, funcname='__exit__')]), (1, 7, 9, 865))
[2026-07-29 14:39:16,394 - Orcar.tracer - INFO] Func 023/027
[2026-07-29 14:39:16,394 - Orcar.tracer - INFO] (FuncSign(filename='/root/miniconda3/envs/django__django__3.1/lib/python3.6/typing.py', lineno=1033, funcname='_abc_negative_cache_version'), FuncScore(is_same_file_with_key_parent=False, layers_from_key_parent=7, absolute_calling_index=900, absolute_layer=9, called_by=[FuncSign(filename='/django__django/reproducer_django__django-11999.py', lineno=15, funcname='FooBar'), FuncSign(filename='/django__django/django/db/models/fields/__init__.py', lineno=971, funcname='__init__'), FuncSign(filename='/django__django/django/db/models/fields/__init__.py', lineno=131, funcname='__init__'), FuncSign(filename='/root/miniconda3/envs/django__django__3.1/lib/python3.6/abc.py', lineno=180, funcname='__instancecheck__'), FuncSign(filename='/root/miniconda3/envs/django__django__3.1/lib/python3.6/abc.py', lineno=196, funcname='__subclasscheck__'), FuncSign(filename='/root/miniconda3/envs/django__django__3.1/lib/python3.6/typing.py', lineno=1145, funcname='__subclasscheck__'), FuncSign(filename='/root/miniconda3/envs/django__django__3.1/lib/python3.6/abc.py', lineno=196, funcname='__subclasscheck__')]), (1, 7, 9, 900))
[2026-07-29 14:39:16,394 - Orcar.tracer - INFO] Func 024/027
[2026-07-29 14:39:16,394 - Orcar.tracer - INFO] (FuncSign(filename='/root/miniconda3/envs/django__django__3.1/lib/python3.6/typing.py', lineno=1019, funcname='_abc_negative_cache'), FuncScore(is_same_file_with_key_parent=False, layers_from_key_parent=7, absolute_calling_index=901, absolute_layer=9, called_by=[FuncSign(filename='/django__django/reproducer_django__django-11999.py', lineno=15, funcname='FooBar'), FuncSign(filename='/django__django/django/db/models/fields/__init__.py', lineno=971, funcname='__init__'), FuncSign(filename='/django__django/django/db/models/fields/__init__.py', lineno=131, funcname='__init__'), FuncSign(filename='/root/miniconda3/envs/django__django__3.1/lib/python3.6/abc.py', lineno=180, funcname='__instancecheck__'), FuncSign(filename='/root/miniconda3/envs/django__django__3.1/lib/python3.6/abc.py', lineno=196, funcname='__subclasscheck__'), FuncSign(filename='/root/miniconda3/envs/django__django__3.1/lib/python3.6/typing.py', lineno=1145, funcname='__subclasscheck__'), FuncSign(filename='/root/miniconda3/envs/django__django__3.1/lib/python3.6/abc.py', lineno=196, funcname='__subclasscheck__')]), (1, 7, 9, 901))
[2026-07-29 14:39:16,394 - Orcar.tracer - INFO] Func 025/027
[2026-07-29 14:39:16,395 - Orcar.tracer - INFO] (FuncSign(filename='/root/miniconda3/envs/django__django__3.1/lib/python3.6/typing.py', lineno=875, funcname='__extrahook__'), FuncScore(is_same_file_with_key_parent=False, layers_from_key_parent=7, absolute_calling_index=903, absolute_layer=9, called_by=[FuncSign(filename='/django__django/reproducer_django__django-11999.py', lineno=15, funcname='FooBar'), FuncSign(filename='/django__django/django/db/models/fields/__init__.py', lineno=971, funcname='__init__'), FuncSign(filename='/django__django/django/db/models/fields/__init__.py', lineno=131, funcname='__init__'), FuncSign(filename='/root/miniconda3/envs/django__django__3.1/lib/python3.6/abc.py', lineno=180, funcname='__instancecheck__'), FuncSign(filename='/root/miniconda3/envs/django__django__3.1/lib/python3.6/abc.py', lineno=196, funcname='__subclasscheck__'), FuncSign(filename='/root/miniconda3/envs/django__django__3.1/lib/python3.6/typing.py', lineno=1145, funcname='__subclasscheck__'), FuncSign(filename='/root/miniconda3/envs/django__django__3.1/lib/python3.6/abc.py', lineno=196, funcname='__subclasscheck__')]), (1, 7, 9, 903))
[2026-07-29 14:39:16,395 - Orcar.tracer - INFO] Func 026/027
[2026-07-29 14:39:16,395 - Orcar.tracer - INFO] (FuncSign(filename='/root/miniconda3/envs/django__django__3.1/lib/python3.6/typing.py', lineno=1089, funcname='__eq__'), FuncScore(is_same_file_with_key_parent=False, layers_from_key_parent=7, absolute_calling_index=909, absolute_layer=9, called_by=[FuncSign(filename='/django__django/reproducer_django__django-11999.py', lineno=15, funcname='FooBar'), FuncSign(filename='/django__django/django/db/models/fields/__init__.py', lineno=971, funcname='__init__'), FuncSign(filename='/django__django/django/db/models/fields/__init__.py', lineno=131, funcname='__init__'), FuncSign(filename='/root/miniconda3/envs/django__django__3.1/lib/python3.6/abc.py', lineno=180, funcname='__instancecheck__'), FuncSign(filename='/root/miniconda3/envs/django__django__3.1/lib/python3.6/abc.py', lineno=196, funcname='__subclasscheck__'), FuncSign(filename='/root/miniconda3/envs/django__django__3.1/lib/python3.6/typing.py', lineno=1145, funcname='__subclasscheck__'), FuncSign(filename='/root/miniconda3/envs/django__django__3.1/lib/python3.6/abc.py', lineno=196, funcname='__subclasscheck__')]), (1, 7, 9, 909))
[2026-07-29 14:39:16,395 - Orcar.tracer - INFO] Finished tracer output parsing
[2026-07-29 14:39:16,396 - Orcar.trace_analysis_agent - INFO] Tracer output 8 items for reranking
[2026-07-29 14:39:16,399 - Orcar.trace_analysis_agent - INFO] funcsign_score_list: [(FuncSign(filename='[REPO_ROOT]/work/django11999_stability/runs/no_disamb/trial_01/orcar_cache/django__django/django/utils/functional.py', lineno=182, funcname='__wrapper__'), FuncScore(is_same_file_with_key_parent=False, layers_from_key_parent=1, absolute_calling_index=849, absolute_layer=3, called_by=[FuncSign(filename='[REPO_ROOT]/work/django11999_stability/runs/no_disamb/trial_01/orcar_cache/django__django/reproducer_django__django-11999.py', lineno=15, funcname='FooBar')])), (FuncSign(filename='[REPO_ROOT]/work/django11999_stability/runs/no_disamb/trial_01/orcar_cache/django__django/django/db/models/fields/__init__.py', lineno=971, funcname='__init__'), FuncScore(is_same_file_with_key_parent=False, layers_from_key_parent=1, absolute_calling_index=851, absolute_layer=3, called_by=[FuncSign(filename='[REPO_ROOT]/work/django11999_stability/runs/no_disamb/trial_01/orcar_cache/django__django/reproducer_django__django-11999.py', lineno=15, funcname='FooBar')])), (FuncSign(filename='[REPO_ROOT]/work/django11999_stability/runs/no_disamb/trial_01/orcar_cache/django__django/django/utils/functional.py', lineno=89, funcname='__init__'), FuncScore(is_same_file_with_key_parent=False, layers_from_key_parent=2, absolute_calling_index=850, absolute_layer=4, called_by=[FuncSign(filename='[REPO_ROOT]/work/django11999_stability/runs/no_disamb/trial_01/orcar_cache/django__django/reproducer_django__django-11999.py', lineno=15, funcname='FooBar'), FuncSign(filename='[REPO_ROOT]/work/django11999_stability/runs/no_disamb/trial_01/orcar_cache/django__django/django/utils/functional.py', lineno=182, funcname='__wrapper__')])), (FuncSign(filename='[REPO_ROOT]/work/django11999_stability/runs/no_disamb/trial_01/orcar_cache/django__django/django/db/models/fields/__init__.py', lineno=131, funcname='__init__'), FuncScore(is_same_file_with_key_parent=False, layers_from_key_parent=2, absolute_calling_index=852, absolute_layer=4, called_by=[FuncSign(filename='[REPO_ROOT]/work/django11999_stability/runs/no_disamb/trial_01/orcar_cache/django__django/reproducer_django__django-11999.py', lineno=15, funcname='FooBar'), FuncSign(filename='[REPO_ROOT]/work/django11999_stability/runs/no_disamb/trial_01/orcar_cache/django__django/django/db/models/fields/__init__.py', lineno=971, funcname='__init__')])), (FuncSign(filename='[REPO_ROOT]/work/django11999_stability/runs/no_disamb/trial_01/orcar_cache/django__django/django/utils/functional.py', lineno=40, funcname='__get__'), FuncScore(is_same_file_with_key_parent=False, layers_from_key_parent=2, absolute_calling_index=948, absolute_layer=4, called_by=[FuncSign(filename='[REPO_ROOT]/work/django11999_stability/runs/no_disamb/trial_01/orcar_cache/django__django/reproducer_django__django-11999.py', lineno=15, funcname='FooBar'), FuncSign(filename='[REPO_ROOT]/work/django11999_stability/runs/no_disamb/trial_01/orcar_cache/django__django/django/db/models/fields/__init__.py', lineno=971, funcname='__init__')])), (FuncSign(filename='[REPO_ROOT]/work/django11999_stability/runs/no_disamb/trial_01/orcar_cache/django__django/django/utils/deconstruct.py', lineno=14, funcname='__new__'), FuncScore(is_same_file_with_key_parent=False, layers_from_key_parent=2, absolute_calling_index=950, absolute_layer=4, called_by=[FuncSign(filename='[REPO_ROOT]/work/django11999_stability/runs/no_disamb/trial_01/orcar_cache/django__django/reproducer_django__django-11999.py', lineno=15, funcname='FooBar'), FuncSign(filename='[REPO_ROOT]/work/django11999_stability/runs/no_disamb/trial_01/orcar_cache/django__django/django/db/models/fields/__init__.py', lineno=971, funcname='__init__')])), (FuncSign(filename='[REPO_ROOT]/work/django11999_stability/runs/no_disamb/trial_01/orcar_cache/django__django/django/core/validators.py', lineno=302, funcname='__init__'), FuncScore(is_same_file_with_key_parent=False, layers_from_key_parent=2, absolute_calling_index=952, absolute_layer=4, called_by=[FuncSign(filename='[REPO_ROOT]/work/django11999_stability/runs/no_disamb/trial_01/orcar_cache/django__django/reproducer_django__django-11999.py', lineno=15, funcname='FooBar'), FuncSign(filename='[REPO_ROOT]/work/django11999_stability/runs/no_disamb/trial_01/orcar_cache/django__django/django/db/models/fields/__init__.py', lineno=971, funcname='__init__')])), (FuncSign(filename='[REPO_ROOT]/work/django11999_stability/runs/no_disamb/trial_01/orcar_cache/django__django/django/db/models/fields/__init__.py', lineno=583, funcname='validators'), FuncScore(is_same_file_with_key_parent=False, layers_from_key_parent=3, absolute_calling_index=949, absolute_layer=5, called_by=[FuncSign(filename='[REPO_ROOT]/work/django11999_stability/runs/no_disamb/trial_01/orcar_cache/django__django/reproducer_django__django-11999.py', lineno=15, funcname='FooBar'), FuncSign(filename='[REPO_ROOT]/work/django11999_stability/runs/no_disamb/trial_01/orcar_cache/django__django/django/db/models/fields/__init__.py', lineno=971, funcname='__init__'), FuncSign(filename='[REPO_ROOT]/work/django11999_stability/runs/no_disamb/trial_01/orcar_cache/django__django/django/utils/functional.py', lineno=40, funcname='__get__')]))]
[2026-07-29 14:40:00,213 - Orcar.code_scorer - INFO] Total batch chat time: 10.44s
[2026-07-29 14:40:00,213 - Orcar.code_scorer - INFO] in_token_cnt=337 out_token_cnt=1
[2026-07-29 14:40:00,213 - Orcar.code_scorer - INFO] in_token_cnt=335 out_token_cnt=1
[2026-07-29 14:40:00,213 - Orcar.code_scorer - INFO] in_token_cnt=351 out_token_cnt=1
[2026-07-29 14:40:00,214 - Orcar.code_scorer - INFO] in_token_cnt=747 out_token_cnt=1
[2026-07-29 14:40:00,214 - Orcar.code_scorer - INFO] in_token_cnt=388 out_token_cnt=1
[2026-07-29 14:40:00,214 - Orcar.code_scorer - INFO] in_token_cnt=357 out_token_cnt=1
[2026-07-29 14:40:00,214 - Orcar.code_scorer - INFO] in_token_cnt=335 out_token_cnt=1
[2026-07-29 14:40:00,214 - Orcar.code_scorer - INFO] in_token_cnt=360 out_token_cnt=1
[2026-07-29 14:40:00,214 - Orcar.tracer_reranker - INFO] Func 01/08
[2026-07-29 14:40:00,214 - Orcar.tracer_reranker - INFO] filename='[REPO_ROOT]/work/django11999_stability/runs/no_disamb/trial_01/orcar_cache/django__django/django/utils/functional.py' lineno=182 funcname='__wrapper__' classname='__proxy__'
[2026-07-29 14:40:00,214 - Orcar.tracer_reranker - INFO] LLM score: 8 / 100
[2026-07-29 14:40:00,214 - Orcar.tracer_reranker - INFO]     @wraps(func)
    def __wrapper__(*args, **kw):
        # Creates the proxy object, instead of the actual value.
        return __proxy__(args, kw)

[2026-07-29 14:40:00,214 - Orcar.tracer_reranker - INFO] Func 02/08
[2026-07-29 14:40:00,215 - Orcar.tracer_reranker - INFO] filename='[REPO_ROOT]/work/django11999_stability/runs/no_disamb/trial_01/orcar_cache/django__django/django/db/models/fields/__init__.py' lineno=971 funcname='__init__' classname='CharField'
[2026-07-29 14:40:00,215 - Orcar.tracer_reranker - INFO] LLM score: 2 / 100
[2026-07-29 14:40:00,215 - Orcar.tracer_reranker - INFO]     def __init__(self, *args, **kwargs):
        super().__init__(*args, **kwargs)
        self.validators.append(validators.MaxLengthValidator(self.max_length))

[2026-07-29 14:40:00,215 - Orcar.tracer_reranker - INFO] Func 03/08
[2026-07-29 14:40:00,215 - Orcar.tracer_reranker - INFO] filename='[REPO_ROOT]/work/django11999_stability/runs/no_disamb/trial_01/orcar_cache/django__django/django/utils/functional.py' lineno=89 funcname='__init__' classname='__proxy__'
[2026-07-29 14:40:00,215 - Orcar.tracer_reranker - INFO] LLM score: 18 / 100
[2026-07-29 14:40:00,215 - Orcar.tracer_reranker - INFO]         def __init__(self, args, kw):
            self.__args = args
            self.__kw = kw
            if not self.__prepared:
                self.__prepare_class__()
            self.__class__.__prepared = True

[2026-07-29 14:40:00,216 - Orcar.tracer_reranker - INFO] Func 04/08
[2026-07-29 14:40:00,216 - Orcar.tracer_reranker - INFO] filename='[REPO_ROOT]/work/django11999_stability/runs/no_disamb/trial_01/orcar_cache/django__django/django/db/models/fields/__init__.py' lineno=131 funcname='__init__' classname='Field'
[2026-07-29 14:40:00,216 - Orcar.tracer_reranker - INFO] LLM score: 5 / 100
[2026-07-29 14:40:00,216 - Orcar.tracer_reranker - INFO]     def __init__(self, verbose_name=None, name=None, primary_key=False,
                 max_length=None, unique=False, blank=False, null=False,
                 db_index=False, rel=None, default=NOT_PROVIDED, editable=True,
                 serialize=True, unique_for_date=None, unique_for_month=None,
                 unique_for_year=None, choices=None, help_text='', db_column=None,
                 db_tablespace=None, auto_created=False, validators=(),
                 error_messages=None):
        self.name = name
        self.verbose_name = verbose_name  # May be set by set_attributes_from_name
        self._verbose_name = verbose_name  # Store original for deconstruction
        self.primary_key = primary_key
        self.max_length, self._unique = max_length, unique
        self.blank, self.null = blank, null
        self.remote_field = rel
        self.is_relation = self.remote_field is not None
        self.default = default
        self.editable = editable
        self.serialize = serialize
        self.unique_for_date = unique_for_date
        self.unique_for_month = unique_for_month
        self.unique_for_year = unique_for_year
        if isinstance(choices, collections.abc.Iterator):
            choices = list(choices)
        self.choices = choices
        self.help_text = help_text
        self.db_index = db_index
        self.db_column = db_column
        self._db_tablespace = db_tablespace
        self.auto_created = auto_created

        # Adjust the appropriate creation counter, and save our local copy.
        if auto_created:
            self.creation_counter = Field.auto_creation_counter
            Field.auto_creation_counter -= 1
        else:
            self.creation_counter = Field.creation_counter
            Field.creation_counter += 1

        self._validators = list(validators)  # Store for deconstruction later

        messages = {}
        for c in reversed(self.__class__.__mro__):
            messages.update(getattr(c, 'default_error_messages', {}))
        messages.update(error_messages or {})
        self._error_messages = error_messages  # Store for deconstruction later
        self.error_messages = messages

[2026-07-29 14:40:00,216 - Orcar.tracer_reranker - INFO] Func 05/08
[2026-07-29 14:40:00,216 - Orcar.tracer_reranker - INFO] filename='[REPO_ROOT]/work/django11999_stability/runs/no_disamb/trial_01/orcar_cache/django__django/django/utils/functional.py' lineno=40 funcname='__get__' classname='cached_property'
[2026-07-29 14:40:00,216 - Orcar.tracer_reranker - INFO] LLM score: 18 / 100
[2026-07-29 14:40:00,216 - Orcar.tracer_reranker - INFO]     def __get__(self, instance, cls=None):
        """
        Call the function and put the return value in instance.__dict__ so that
        subsequent attribute access on the instance returns the cached value
        instead of calling cached_property.__get__().
        """
        if instance is None:
            return self
        res = instance.__dict__[self.name] = self.func(instance)
        return res

[2026-07-29 14:40:00,217 - Orcar.tracer_reranker - INFO] Func 06/08
[2026-07-29 14:40:00,217 - Orcar.tracer_reranker - INFO] filename='[REPO_ROOT]/work/django11999_stability/runs/no_disamb/trial_01/orcar_cache/django__django/django/utils/deconstruct.py' lineno=14 funcname='__new__' classname=''
[2026-07-29 14:40:00,217 - Orcar.tracer_reranker - INFO] LLM score: 20 / 100
[2026-07-29 14:40:00,217 - Orcar.tracer_reranker - INFO]         def __new__(cls, *args, **kwargs):
            # We capture the arguments to make returning them trivial
            obj = super(klass, cls).__new__(cls)
            obj._constructor_args = (args, kwargs)
            return obj

[2026-07-29 14:40:00,217 - Orcar.tracer_reranker - INFO] Func 07/08
[2026-07-29 14:40:00,217 - Orcar.tracer_reranker - INFO] filename='[REPO_ROOT]/work/django11999_stability/runs/no_disamb/trial_01/orcar_cache/django__django/django/core/validators.py' lineno=302 funcname='__init__' classname='BaseValidator'
[2026-07-29 14:40:00,217 - Orcar.tracer_reranker - INFO] LLM score: 0 / 100
[2026-07-29 14:40:00,217 - Orcar.tracer_reranker - INFO]     def __init__(self, limit_value, message=None):
        self.limit_value = limit_value
        if message:
            self.message = message

[2026-07-29 14:40:00,217 - Orcar.tracer_reranker - INFO] Func 08/08
[2026-07-29 14:40:00,217 - Orcar.tracer_reranker - INFO] filename='[REPO_ROOT]/work/django11999_stability/runs/no_disamb/trial_01/orcar_cache/django__django/django/db/models/fields/__init__.py' lineno=583 funcname='validators' classname='Field'
[2026-07-29 14:40:00,217 - Orcar.tracer_reranker - INFO] LLM score: 8 / 100
[2026-07-29 14:40:00,217 - Orcar.tracer_reranker - INFO]     @cached_property
    def validators(self):
        """
        Some validators can't be created at field initialization time.
        This method provides a way to delay their creation until required.
        """
        return [*self.default_validators, *self._validators]

[2026-07-29 14:40:00,218 - Orcar.code_scorer - INFO] Total Scorer cnt         : in   3210 tokens, out      8 tokens
[2026-07-29 14:40:00,218 - Orcar.tracer_reranker - INFO] ['__wrapper__', '__init__', '__init__', '__init__', '__get__', '__new__', '__init__', 'validators']
[2026-07-29 14:40:00,219 - Orcar.tracer_reranker - INFO] ----------------Before sort-----------------------
[2026-07-29 14:40:00,219 - Orcar.tracer_reranker - INFO] [('__wrapper__', 8), ('__init__', 2), ('__init__', 18), ('__init__', 5), ('__get__', 18), ('__new__', 20), ('__init__', 0), ('validators', 8)]
[2026-07-29 14:40:00,219 - Orcar.tracer_reranker - INFO] ----------------After sort------------------------
[2026-07-29 14:40:00,219 - Orcar.tracer_reranker - INFO] [('__wrapper__', 8), ('__init__', 2), ('__new__', 20), ('__init__', 18), ('__get__', 18), ('__init__', 5), ('__init__', 0), ('validators', 8)]
[2026-07-29 14:40:00,219 - Orcar.tracer_reranker - INFO] ----------------After filter------------------------
[2026-07-29 14:40:00,219 - Orcar.tracer_reranker - INFO] []
[2026-07-29 14:40:00,219 - Orcar.trace_analysis_agent - INFO] After limit size & parse: []
[2026-07-29 14:40:00,221 - Orcar.trace_analysis_agent - INFO] slice                    : in    989 tokens, out    146 tokens
[2026-07-29 14:40:00,221 - Orcar.trace_analysis_agent - INFO] reproduce_judge          : in   1242 tokens, out    198 tokens
[2026-07-29 14:40:00,221 - Orcar.trace_analysis_agent - INFO] reproduce_judge          : in   1149 tokens, out    226 tokens
[2026-07-29 14:40:00,221 - Orcar.trace_analysis_agent - INFO] reproduce_judge          : in    838 tokens, out     15 tokens
[2026-07-29 14:40:00,221 - Orcar.trace_analysis_agent - INFO] reproduce_code_parse     : in    741 tokens, out    161 tokens
[2026-07-29 14:40:00,221 - Orcar.trace_analysis_agent - INFO] reproduce_log_parse      : in    775 tokens, out      9 tokens
[2026-07-29 14:40:00,221 - Orcar.trace_analysis_agent - INFO] tracer_rerank            : in   3210 tokens, out      8 tokens
[2026-07-29 14:40:00,222 - Orcar.trace_analysis_agent - INFO] Total cnt                : in   8944 tokens, out    763 tokens
[2026-07-29 14:40:00,239 - Orcar.agent - INFO] Raw Trace Analysis output:
[2026-07-29 14:40:00,241 - Orcar.agent - INFO] summary='' suspicious_code=[CodeInfo(keyword='settings', file_path='django/conf/__init__.py'), CodeInfo(keyword='FooBar', file_path=''), CodeInfo(keyword='get_foo_bar_display', file_path=''), CodeInfo(keyword='__str__', file_path=''), CodeInfo(keyword='models', file_path='django/db/models/__init__.py'), CodeInfo(keyword='Meta', file_path=''), CodeInfo(keyword='gettext_lazy', file_path='django/utils/translation/__init__.py')] suspicious_code_from_tracer=[] related_source_code='' is_reproduce_pass=True reproduce_code='from django.conf import settings\nfrom django.db import models\nfrom django.utils.translation import gettext_lazy as _\n\nif not settings.configured:\n    settings.configure(\n        INSTALLED_APPS=[],\n        DATABASES={"default": {"ENGINE": "django.db.backends.sqlite3", "NAME": ":memory:"}},\n        SECRET_KEY="x",\n    )\n\nimport django\ndjango.setup()\n\nclass FooBar(models.Model):\n    foo_bar = models.CharField(_("foo"), choices=[("1", "foo"), ("2", "bar")])\n\n    class Meta:\n        app_label = "tests"\n\n    def __str__(self):\n        return self.get_foo_bar_display()\n\n    def get_foo_bar_display(self):\n        return "something"\n\nobj = FooBar(foo_bar="1")\nprint(obj.get_foo_bar_display())\n' env_reproduce_path='/django__django/reproducer_django__django-11999.py'
[2026-07-29 14:40:00,247 - Orcar.agent - INFO] Current container subprocess: 1098756
[2026-07-29 14:40:18,162 - Orcar.search_agent - DEBUG] Config: score_decomposition.disambiguation changed from True to False
[2026-07-29 14:40:18,162 - Orcar.search_agent - INFO] Configuration loaded from [REPO_ROOT]/work/django11999_stability/runs/no_disamb/trial_01/OrcaLoca/Orcar/search.cfg
[2026-07-29 14:40:18,163 - Orcar.formatter - INFO] Found tokenizer for model 'gpt-5.4-mini'
[2026-07-29 14:40:18,179 - Orcar.search_agent - DEBUG] Search content: []
[2026-07-29 14:40:18,180 - Orcar.search_agent - INFO] Search cache: []
[2026-07-29 14:40:31,634 - Orcar.search_agent - INFO] in_token_cnt=2598 out_token_cnt=230
[2026-07-29 14:40:31,634 - Orcar.search_agent - INFO] Chat response: assistant: {"action":"search_class","action_input":{"class_name":"Model","file_path":"django/db/models/base.py"}}{"observation_feedback":"The regression likely comes from Django's automatic generation of `get_FIELD_display()` during model class construction, which may now overwrite or shadow a user-defined method. The most relevant area is the model base metaclass logic that attaches choice-display helpers, plus the shared implementation used by those helpers.","potential_bug_locations":[{"file_path":"django/db/models/base.py","class_name":"ModelBase","method_name":"__new__"},{"file_path":"django/db/models/base.py","class_name":"Model","method_name":"_get_FIELD_display"}],"new_search_actions":[{"action":"search_class","action_input":{"class_name":"ModelBase","file_path":"django/db/models/base.py"}},{"action":"search_method_in_class","action_input":{"class_name":"ModelBase","method_name":"__new__","file_path":"django/db/models/base.py"}},{"action":"search_method_in_class","action_input":{"class_name":"Model","method_name":"_get_FIELD_display","file_path":"django/db/models/base.py"}}]}
[2026-07-29 14:40:31,635 - action_history - DEBUG] Action history: 
 SearchActionHistory(
  Search Action: search_class
Search Action Input: {'class_name': 'ModelBase', 'file_path': 'django/db/models/base.py'}: 1
  Search Action: search_method_in_class
Search Action Input: {'class_name': 'ModelBase', 'method_name': '__new__', 'file_path': 'django/db/models/base.py'}: 1
  Search Action: search_method_in_class
Search Action Input: {'class_name': 'Model', 'method_name': '_get_FIELD_display', 'file_path': 'django/db/models/base.py'}: 1
)
[2026-07-29 14:40:31,635 - Orcar.search_agent - INFO] Current search queue size: 3
[2026-07-29 14:40:44,263 - Orcar.search_agent - INFO] Is early stop: False similarity: False
[2026-07-29 14:40:44,264 - Orcar.search_agent - INFO] Is complete: False
[2026-07-29 14:40:44,264 - search_queue - DEBUG] search queue: 
 SearchQueue(
  Value: 1, Action: Search Action: search_class
Search Action Input: {'class_name': 'ModelBase', 'file_path': 'django/db/models/base.py'}
  Value: 1, Action: Search Action: search_method_in_class
Search Action Input: {'class_name': 'ModelBase', 'method_name': '__new__', 'file_path': 'django/db/models/base.py'}
  Value: 1, Action: Search Action: search_method_in_class
Search Action Input: {'class_name': 'Model', 'method_name': '_get_FIELD_display', 'file_path': 'django/db/models/base.py'}
)
[2026-07-29 14:40:44,326 - Orcar.search_agent - INFO] Class methods number: 5
[2026-07-29 14:40:44,327 - Orcar.formatter - INFO] Found tokenizer for model 'gpt-5.4-mini'
[2026-07-29 14:40:57,049 - Orcar.code_scorer - INFO] Total batch chat time: 12.72s
[2026-07-29 14:40:57,049 - Orcar.code_scorer - INFO] in_token_cnt=2301 out_token_cnt=1
[2026-07-29 14:40:57,049 - Orcar.code_scorer - INFO] in_token_cnt=305 out_token_cnt=1
[2026-07-29 14:40:57,049 - Orcar.code_scorer - INFO] in_token_cnt=703 out_token_cnt=1
[2026-07-29 14:40:57,049 - Orcar.code_scorer - INFO] in_token_cnt=278 out_token_cnt=1
[2026-07-29 14:40:57,049 - Orcar.code_scorer - INFO] in_token_cnt=278 out_token_cnt=1
[2026-07-29 14:40:57,050 - action_history - INFO] Top class methods: [SearchActionStep(search_action='search_method_in_class', search_action_input={'class_name': 'ModelBase', 'method_name': '_prepare', 'file_path': 'django/db/models/base.py'})]
[2026-07-29 14:40:57,053 - Orcar.search_agent - INFO] File search: django/db/models/base.py
[2026-07-29 14:40:57,068 - Orcar.search_agent - DEBUG] Search content: [ChatMessage(role=<MessageRole.USER: 'user'>, additional_kwargs={}, blocks=[TextBlock(block_type='text', text="Please provide observation feedback and new_search_actions on the search results below. \n<New Info>\n\n            Search Action: search_class\n\n            Search Action Input: {'class_name': 'ModelBase', 'file_path': 'django/db/models/base.py'}\n\n            File Path: django/db/models/base.py \nClass Skeleton: \nClass Signature: ModelBase\nDocstring: Metaclass for all models.\n\nMethod: __new__\nMethod Signature: __new__(cls, name, bases, attrs)\nDocstring: None\n\nMethod: add_to_class\nMethod Signature: add_to_class(cls, name, value)\nDocstring: None\n\nMethod: _prepare\nMethod Signature: _prepare(cls)\nDocstring: Create some methods once self._meta has been populated.\n\nMethod: _base_manager\nMethod Signature: _base_manager(cls)\nDocstring: None\n\nMethod: _default_manager\nMethod Signature: _default_manager(cls)\nDocstring: None\n\n</New Info>\n")])]
[2026-07-29 14:40:57,068 - Orcar.search_agent - INFO] Search cache: []
[2026-07-29 14:41:10,054 - Orcar.search_agent - INFO] in_token_cnt=3032 out_token_cnt=408
[2026-07-29 14:41:10,054 - Orcar.search_agent - INFO] Chat response: assistant: {
  "observation_feedback": "The issue still points to model-class construction: `ModelBase` is the place where Django attaches `get_FIELD_display()` helpers, so a change there could cause user-defined methods to be ignored in 2.2+. The likely regression is either in `ModelBase.__new__()` or `_prepare()`, where the auto-generated display method may now be installed unconditionally or in the wrong order relative to model-defined methods.",
  "potential_bug_locations": [
    {
      "file_path": "django/db/models/base.py",
      "class_name": "ModelBase",
      "method_name": "__new__"
    },
    {
      "file_path": "django/db/models/base.py",
      "class_name": "ModelBase",
      "method_name": "_prepare"
    },
    {
      "file_path": "django/db/models/base.py",
      "class_name": "Model",
      "method_name": "_get_FIELD_display"
    }
  ],
  "new_search_actions": [
    {
      "action": "search_method_in_class",
      "action_input": {
        "class_name": "ModelBase",
        "method_name": "_prepare",
        "file_path": "django/db/models/base.py"
      }
    },
    {
      "action": "search_file_contents",
      "action_input": {
        "file_name": "base.py",
        "directory_path": "django/db/models"
      }
    },
    {
      "action": "search_method_in_class",
      "action_input": {
        "class_name": "ModelBase",
        "method_name": "__new__",
        "file_path": "django/db/models/base.py"
      }
    },
    {
      "action": "search_method_in_class",
      "action_input": {
        "class_name": "Model",
        "method_name": "_get_FIELD_display",
        "file_path": "django/db/models/base.py"
      }
    }
  ]
}
[2026-07-29 14:41:10,055 - action_history - DEBUG] Action history: 
 SearchActionHistory(
  Search Action: search_class
Search Action Input: {'class_name': 'ModelBase', 'file_path': 'django/db/models/base.py'}: 1
  Search Action: search_method_in_class
Search Action Input: {'class_name': 'ModelBase', 'method_name': '__new__', 'file_path': 'django/db/models/base.py'}: 2
  Search Action: search_method_in_class
Search Action Input: {'class_name': 'Model', 'method_name': '_get_FIELD_display', 'file_path': 'django/db/models/base.py'}: 2
  Search Action: search_method_in_class
Search Action Input: {'class_name': 'ModelBase', 'method_name': '_prepare', 'file_path': 'django/db/models/base.py'}: 2
  Search Action: search_file_contents
Search Action Input: {'file_name': 'base.py', 'directory_path': 'django/db/models'}: 2
)
[2026-07-29 14:41:10,055 - Orcar.search_agent - INFO] Current search queue size: 4
[2026-07-29 14:41:10,926 - Orcar.search_agent - INFO] Is early stop: False similarity: False
[2026-07-29 14:41:10,927 - Orcar.search_agent - INFO] Is complete: False
[2026-07-29 14:41:10,927 - search_queue - DEBUG] search queue: 
 SearchQueue(
  Value: 2, Action: Search Action: search_method_in_class
Search Action Input: {'class_name': 'ModelBase', 'method_name': '__new__', 'file_path': 'django/db/models/base.py'}
  Value: 2, Action: Search Action: search_method_in_class
Search Action Input: {'class_name': 'Model', 'method_name': '_get_FIELD_display', 'file_path': 'django/db/models/base.py'}
  Value: 2, Action: Search Action: search_method_in_class
Search Action Input: {'class_name': 'ModelBase', 'method_name': '_prepare', 'file_path': 'django/db/models/base.py'}
  Value: 2, Action: Search Action: search_file_contents
Search Action Input: {'file_name': 'base.py', 'directory_path': 'django/db/models'}
)
[2026-07-29 14:41:10,972 - Orcar.search_agent - DEBUG] Search content: [ChatMessage(role=<MessageRole.USER: 'user'>, additional_kwargs={}, blocks=[TextBlock(block_type='text', text='Please provide observation feedback and new_search_actions on the search results below. \n<New Info>\n\n            Search Action: search_method_in_class\n\n            Search Action Input: {\'class_name\': \'ModelBase\', \'method_name\': \'__new__\', \'file_path\': \'django/db/models/base.py\'}\n\n            File Path: django/db/models/base.py \nMethod Content: \n    def __new__(cls, name, bases, attrs, **kwargs):\n        super_new = super().__new__\n\n        # Also ensure initialization is only performed for subclasses of Model\n        # (excluding Model class itself).\n        parents = [b for b in bases if isinstance(b, ModelBase)]\n        if not parents:\n            return super_new(cls, name, bases, attrs)\n\n        # Create the class.\n        module = attrs.pop(\'__module__\')\n        new_attrs = {\'__module__\': module}\n        classcell = attrs.pop(\'__classcell__\', None)\n        if classcell is not None:\n            new_attrs[\'__classcell__\'] = classcell\n        attr_meta = attrs.pop(\'Meta\', None)\n        # Pass all attrs without a (Django-specific) contribute_to_class()\n        # method to type.__new__() so that they\'re properly initialized\n        # (i.e. __set_name__()).\n        contributable_attrs = {}\n        for obj_name, obj in list(attrs.items()):\n            if _has_contribute_to_class(obj):\n                contributable_attrs[obj_name] = obj\n            else:\n                new_attrs[obj_name] = obj\n        new_class = super_new(cls, name, bases, new_attrs, **kwargs)\n\n        abstract = getattr(attr_meta, \'abstract\', False)\n        meta = attr_meta or getattr(new_class, \'Meta\', None)\n        base_meta = getattr(new_class, \'_meta\', None)\n\n        app_label = None\n\n        # Look for an application configuration to attach the model to.\n        app_config = apps.get_containing_app_config(module)\n\n        if getattr(meta, \'app_label\', None) is None:\n            if app_config is None:\n                if not abstract:\n                    raise RuntimeError(\n                        "Model class %s.%s doesn\'t declare an explicit "\n                        "app_label and isn\'t in an application in "\n                        "INSTALLED_APPS." % (module, name)\n                    )\n\n            else:\n                app_label = app_config.label\n\n        new_class.add_to_class(\'_meta\', Options(meta, app_label))\n        if not abstract:\n            new_class.add_to_class(\n                \'DoesNotExist\',\n                subclass_exception(\n                    \'DoesNotExist\',\n                    tuple(\n                        x.DoesNotExist for x in parents if hasattr(x, \'_meta\') and not x._meta.abstract\n                    ) or (ObjectDoesNotExist,),\n                    module,\n                    attached_to=new_class))\n            new_class.add_to_class(\n                \'MultipleObjectsReturned\',\n                subclass_exception(\n                    \'MultipleObjectsReturned\',\n                    tuple(\n                        x.MultipleObjectsReturned for x in parents if hasattr(x, \'_meta\') and not x._meta.abstract\n                    ) or (MultipleObjectsReturned,),\n                    module,\n                    attached_to=new_class))\n            if base_meta and not base_meta.abstract:\n                # Non-abstract child classes inherit some attributes from their\n                # non-abstract parent (unless an ABC comes before it in the\n                # method resolution order).\n                if not hasattr(meta, \'ordering\'):\n                    new_class._meta.ordering = base_meta.ordering\n                if not hasattr(meta, \'get_latest_by\'):\n                    new_class._meta.get_latest_by = base_meta.get_latest_by\n\n        is_proxy = new_class._meta.proxy\n\n        # If the model is a proxy, ensure that the base class\n        # hasn\'t been swapped out.\n        if is_proxy and base_meta and base_meta.swapped:\n            raise TypeError("%s cannot proxy the swapped model \'%s\'." % (name, base_meta.swapped))\n\n        # Add remaining attributes (those with a contribute_to_class() method)\n        # to the class.\n        for obj_name, obj in contributable_attrs.items():\n            new_class.add_to_class(obj_name, obj)\n\n        # All the fields of any type declared on this model\n        new_fields = chain(\n            new_class._meta.local_fields,\n            new_class._meta.local_many_to_many,\n            new_class._meta.private_fields\n        )\n        field_names = {f.name for f in new_fields}\n\n        # Basic setup for proxy models.\n        if is_proxy:\n            base = None\n            for parent in [kls for kls in parents if hasattr(kls, \'_meta\')]:\n                if parent._meta.abstract:\n                    if parent._meta.fields:\n                        raise TypeError(\n                            "Abstract base class containing model fields not "\n                            "permitted for proxy model \'%s\'." % name\n                        )\n                    else:\n                        continue\n                if base is None:\n                    base = parent\n                elif parent._meta.concrete_model is not base._meta.concrete_model:\n                    raise TypeError("Proxy model \'%s\' has more than one non-abstract model base class." % name)\n            if base is None:\n                raise TypeError("Proxy model \'%s\' has no non-abstract model base class." % name)\n            new_class._meta.setup_proxy(base)\n            new_class._meta.concrete_model = base._meta.concrete_model\n        else:\n            new_class._meta.concrete_model = new_class\n\n        # Collect the parent links for multi-table inheritance.\n        parent_links = {}\n        for base in reversed([new_class] + parents):\n            # Conceptually equivalent to `if base is Model`.\n            if not hasattr(base, \'_meta\'):\n                continue\n            # Skip concrete parent classes.\n            if base != new_class and not base._meta.abstract:\n                continue\n            # Locate OneToOneField instances.\n            for field in base._meta.local_fields:\n                if isinstance(field, OneToOneField):\n                    related = resolve_relation(new_class, field.remote_field.model)\n                    parent_links[make_model_tuple(related)] = field\n\n        # Track fields inherited from base models.\n        inherited_attributes = set()\n        # Do the appropriate setup for any model parents.\n        for base in new_class.mro():\n            if base not in parents or not hasattr(base, \'_meta\'):\n                # Things without _meta aren\'t functional models, so they\'re\n                # uninteresting parents.\n                inherited_attributes.update(base.__dict__)\n                continue\n\n            parent_fields = base._meta.local_fields + base._meta.local_many_to_many\n            if not base._meta.abstract:\n                # Check for clashes between locally declared fields and those\n                # on the base classes.\n                for field in parent_fields:\n                    if field.name in field_names:\n                        raise FieldError(\n                            \'Local field %r in class %r clashes with field of \'\n                            \'the same name from base class %r.\' % (\n                                field.name,\n                                name,\n                                base.__name__,\n                            )\n                        )\n                    else:\n                        inherited_attributes.add(field.name)\n\n                # Concrete classes...\n                base = base._meta.concrete_model\n                base_key = make_model_tuple(base)\n                if base_key in parent_links:\n                    field = parent_links[base_key]\n                elif not is_proxy:\n                    attr_name = \'%s_ptr\' % base._meta.model_name\n                    field = OneToOneField(\n                        base,\n                        on_delete=CASCADE,\n                        name=attr_name,\n                        auto_created=True,\n                        parent_link=True,\n                    )\n\n                    if attr_name in field_names:\n                        raise FieldError(\n                            "Auto-generated field \'%s\' in class %r for "\n                            "parent_link to base class %r clashes with "\n                            "declared field of the same name." % (\n                                attr_name,\n                                name,\n                                base.__name__,\n                            )\n                        )\n\n                    # Only add the ptr field if it\'s not already present;\n                    # e.g. migrations will already have it specified\n                    if not hasattr(new_class, attr_name):\n                        new_class.add_to_class(attr_name, field)\n                else:\n                    field = None\n                new_class._meta.parents[base] = field\n            else:\n                base_parents = base._meta.parents.copy()\n\n                # Add fields from abstract base class if it wasn\'t overridden.\n                for field in parent_fields:\n                    if (field.name not in field_names and\n                            field.name not in new_class.__dict__ and\n                            field.name not in inherited_attributes):\n                        new_field = copy.deepcopy(field)\n                        new_class.add_to_class(field.name, new_field)\n                        # Replace parent links defined on this base by the new\n                        # field. It will be appropriately resolved if required.\n                        if field.one_to_one:\n                            for parent, parent_link in base_parents.items():\n                                if field == parent_link:\n                                    base_parents[parent] = new_field\n\n                # Pass any non-abstract parent classes onto child.\n                new_class._meta.parents.update(base_parents)\n\n            # Inherit private fields (like GenericForeignKey) from the parent\n            # class\n            for field in base._meta.private_fields:\n                if field.name in field_names:\n                    if not base._meta.abstract:\n                        raise FieldError(\n                            \'Local field %r in class %r clashes with field of \'\n                            \'the same name from base class %r.\' % (\n                                field.name,\n                                name,\n                                base.__name__,\n                            )\n                        )\n                else:\n                    field = copy.deepcopy(field)\n                    if not base._meta.abstract:\n                        field.mti_inherited = True\n                    new_class.add_to_class(field.name, field)\n\n        # Copy indexes so that index names are unique when models extend an\n        # abstract model.\n        new_class._meta.indexes = [copy.deepcopy(idx) for idx in new_class._meta.indexes]\n\n        if abstract:\n            # Abstract base models can\'t be instantiated and don\'t appear in\n            # the list of models for an app. We do the final setup for them a\n            # little differently from normal models.\n            attr_meta.abstract = False\n            new_class.Meta = attr_meta\n            return new_class\n\n        new_class._prepare()\n        new_class._meta.apps.register_model(new_class._meta.app_label, new_class)\n        return new_class\n\n</New Info>\n')])]
[2026-07-29 14:41:10,973 - Orcar.search_agent - INFO] Search cache: [SearchResult(search_action='search_method_in_class', search_action_input={'class_name': 'ModelBase', 'method_name': '__new__', 'file_path': 'django/db/models/base.py'}, search_content='File Path: django/db/models/base.py \nMethod Content: \n    def __new__(cls, name, bases, attrs, **kwargs):\n        super_new = super().__new__\n\n        # Also ensure initialization is only performed for subclasses of Model\n        # (excluding Model class itself).\n        parents = [b for b in bases if isinstance(b, ModelBase)]\n        if not parents:\n            return super_new(cls, name, bases, attrs)\n\n        # Create the class.\n        module = attrs.pop(\'__module__\')\n        new_attrs = {\'__module__\': module}\n        classcell = attrs.pop(\'__classcell__\', None)\n        if classcell is not None:\n            new_attrs[\'__classcell__\'] = classcell\n        attr_meta = attrs.pop(\'Meta\', None)\n        # Pass all attrs without a (Django-specific) contribute_to_class()\n        # method to type.__new__() so that they\'re properly initialized\n        # (i.e. __set_name__()).\n        contributable_attrs = {}\n        for obj_name, obj in list(attrs.items()):\n            if _has_contribute_to_class(obj):\n                contributable_attrs[obj_name] = obj\n            else:\n                new_attrs[obj_name] = obj\n        new_class = super_new(cls, name, bases, new_attrs, **kwargs)\n\n        abstract = getattr(attr_meta, \'abstract\', False)\n        meta = attr_meta or getattr(new_class, \'Meta\', None)\n        base_meta = getattr(new_class, \'_meta\', None)\n\n        app_label = None\n\n        # Look for an application configuration to attach the model to.\n        app_config = apps.get_containing_app_config(module)\n\n        if getattr(meta, \'app_label\', None) is None:\n            if app_config is None:\n                if not abstract:\n                    raise RuntimeError(\n                        "Model class %s.%s doesn\'t declare an explicit "\n                        "app_label and isn\'t in an application in "\n                        "INSTALLED_APPS." % (module, name)\n                    )\n\n            else:\n                app_label = app_config.label\n\n        new_class.add_to_class(\'_meta\', Options(meta, app_label))\n        if not abstract:\n            new_class.add_to_class(\n                \'DoesNotExist\',\n                subclass_exception(\n                    \'DoesNotExist\',\n                    tuple(\n                        x.DoesNotExist for x in parents if hasattr(x, \'_meta\') and not x._meta.abstract\n                    ) or (ObjectDoesNotExist,),\n                    module,\n                    attached_to=new_class))\n            new_class.add_to_class(\n                \'MultipleObjectsReturned\',\n                subclass_exception(\n                    \'MultipleObjectsReturned\',\n                    tuple(\n                        x.MultipleObjectsReturned for x in parents if hasattr(x, \'_meta\') and not x._meta.abstract\n                    ) or (MultipleObjectsReturned,),\n                    module,\n                    attached_to=new_class))\n            if base_meta and not base_meta.abstract:\n                # Non-abstract child classes inherit some attributes from their\n                # non-abstract parent (unless an ABC comes before it in the\n                # method resolution order).\n                if not hasattr(meta, \'ordering\'):\n                    new_class._meta.ordering = base_meta.ordering\n                if not hasattr(meta, \'get_latest_by\'):\n                    new_class._meta.get_latest_by = base_meta.get_latest_by\n\n        is_proxy = new_class._meta.proxy\n\n        # If the model is a proxy, ensure that the base class\n        # hasn\'t been swapped out.\n        if is_proxy and base_meta and base_meta.swapped:\n            raise TypeError("%s cannot proxy the swapped model \'%s\'." % (name, base_meta.swapped))\n\n        # Add remaining attributes (those with a contribute_to_class() method)\n        # to the class.\n        for obj_name, obj in contributable_attrs.items():\n            new_class.add_to_class(obj_name, obj)\n\n        # All the fields of any type declared on this model\n        new_fields = chain(\n            new_class._meta.local_fields,\n            new_class._meta.local_many_to_many,\n            new_class._meta.private_fields\n        )\n        field_names = {f.name for f in new_fields}\n\n        # Basic setup for proxy models.\n        if is_proxy:\n            base = None\n            for parent in [kls for kls in parents if hasattr(kls, \'_meta\')]:\n                if parent._meta.abstract:\n                    if parent._meta.fields:\n                        raise TypeError(\n                            "Abstract base class containing model fields not "\n                            "permitted for proxy model \'%s\'." % name\n                        )\n                    else:\n                        continue\n                if base is None:\n                    base = parent\n                elif parent._meta.concrete_model is not base._meta.concrete_model:\n                    raise TypeError("Proxy model \'%s\' has more than one non-abstract model base class." % name)\n            if base is None:\n                raise TypeError("Proxy model \'%s\' has no non-abstract model base class." % name)\n            new_class._meta.setup_proxy(base)\n            new_class._meta.concrete_model = base._meta.concrete_model\n        else:\n            new_class._meta.concrete_model = new_class\n\n        # Collect the parent links for multi-table inheritance.\n        parent_links = {}\n        for base in reversed([new_class] + parents):\n            # Conceptually equivalent to `if base is Model`.\n            if not hasattr(base, \'_meta\'):\n                continue\n            # Skip concrete parent classes.\n            if base != new_class and not base._meta.abstract:\n                continue\n            # Locate OneToOneField instances.\n            for field in base._meta.local_fields:\n                if isinstance(field, OneToOneField):\n                    related = resolve_relation(new_class, field.remote_field.model)\n                    parent_links[make_model_tuple(related)] = field\n\n        # Track fields inherited from base models.\n        inherited_attributes = set()\n        # Do the appropriate setup for any model parents.\n        for base in new_class.mro():\n            if base not in parents or not hasattr(base, \'_meta\'):\n                # Things without _meta aren\'t functional models, so they\'re\n                # uninteresting parents.\n                inherited_attributes.update(base.__dict__)\n                continue\n\n            parent_fields = base._meta.local_fields + base._meta.local_many_to_many\n            if not base._meta.abstract:\n                # Check for clashes between locally declared fields and those\n                # on the base classes.\n                for field in parent_fields:\n                    if field.name in field_names:\n                        raise FieldError(\n                            \'Local field %r in class %r clashes with field of \'\n                            \'the same name from base class %r.\' % (\n                                field.name,\n                                name,\n                                base.__name__,\n                            )\n                        )\n                    else:\n                        inherited_attributes.add(field.name)\n\n                # Concrete classes...\n                base = base._meta.concrete_model\n                base_key = make_model_tuple(base)\n                if base_key in parent_links:\n                    field = parent_links[base_key]\n                elif not is_proxy:\n                    attr_name = \'%s_ptr\' % base._meta.model_name\n                    field = OneToOneField(\n                        base,\n                        on_delete=CASCADE,\n                        name=attr_name,\n                        auto_created=True,\n                        parent_link=True,\n                    )\n\n                    if attr_name in field_names:\n                        raise FieldError(\n                            "Auto-generated field \'%s\' in class %r for "\n                            "parent_link to base class %r clashes with "\n                            "declared field of the same name." % (\n                                attr_name,\n                                name,\n                                base.__name__,\n                            )\n                        )\n\n                    # Only add the ptr field if it\'s not already present;\n                    # e.g. migrations will already have it specified\n                    if not hasattr(new_class, attr_name):\n                        new_class.add_to_class(attr_name, field)\n                else:\n                    field = None\n                new_class._meta.parents[base] = field\n            else:\n                base_parents = base._meta.parents.copy()\n\n                # Add fields from abstract base class if it wasn\'t overridden.\n                for field in parent_fields:\n                    if (field.name not in field_names and\n                            field.name not in new_class.__dict__ and\n                            field.name not in inherited_attributes):\n                        new_field = copy.deepcopy(field)\n                        new_class.add_to_class(field.name, new_field)\n                        # Replace parent links defined on this base by the new\n                        # field. It will be appropriately resolved if required.\n                        if field.one_to_one:\n                            for parent, parent_link in base_parents.items():\n                                if field == parent_link:\n                                    base_parents[parent] = new_field\n\n                # Pass any non-abstract parent classes onto child.\n                new_class._meta.parents.update(base_parents)\n\n            # Inherit private fields (like GenericForeignKey) from the parent\n            # class\n            for field in base._meta.private_fields:\n                if field.name in field_names:\n                    if not base._meta.abstract:\n                        raise FieldError(\n                            \'Local field %r in class %r clashes with field of \'\n                            \'the same name from base class %r.\' % (\n                                field.name,\n                                name,\n                                base.__name__,\n                            )\n                        )\n                else:\n                    field = copy.deepcopy(field)\n                    if not base._meta.abstract:\n                        field.mti_inherited = True\n                    new_class.add_to_class(field.name, field)\n\n        # Copy indexes so that index names are unique when models extend an\n        # abstract model.\n        new_class._meta.indexes = [copy.deepcopy(idx) for idx in new_class._meta.indexes]\n\n        if abstract:\n            # Abstract base models can\'t be instantiated and don\'t appear in\n            # the list of models for an app. We do the final setup for them a\n            # little differently from normal models.\n            attr_meta.abstract = False\n            new_class.Meta = attr_meta\n            return new_class\n\n        new_class._prepare()\n        new_class._meta.apps.register_model(new_class._meta.app_label, new_class)\n        return new_class\n')]
[2026-07-29 14:41:19,596 - Orcar.search_agent - INFO] in_token_cnt=7108 out_token_cnt=361
[2026-07-29 14:41:19,597 - Orcar.search_agent - INFO] Chat response: assistant: {
  "observation_feedback": "The metaclass path in `django/db/models/base.py` is still the strongest lead. `ModelBase.__new__()` finishes by calling `_prepare()`, so if Django 2.2 started generating `get_FIELD_display()` there, that would explain why a model-defined override is no longer used. The actual override behavior likely depends on the implementation of `_get_FIELD_display()` and where `_prepare()` installs the public helper on the model class.",
  "potential_bug_locations": [
    {
      "file_path": "django/db/models/base.py",
      "class_name": "ModelBase",
      "method_name": "_prepare"
    },
    {
      "file_path": "django/db/models/base.py",
      "class_name": "Model",
      "method_name": "_get_FIELD_display"
    },
    {
      "file_path": "django/db/models/base.py",
      "class_name": "ModelBase",
      "method_name": "__new__"
    }
  ],
  "new_search_actions": [
    {
      "action": "search_method_in_class",
      "action_input": {
        "class_name": "Model",
        "method_name": "_get_FIELD_display",
        "file_path": "django/db/models/base.py"
      }
    },
    {
      "action": "search_method_in_class",
      "action_input": {
        "class_name": "ModelBase",
        "method_name": "_prepare",
        "file_path": "django/db/models/base.py"
      }
    },
    {
      "action": "search_file_contents",
      "action_input": {
        "file_name": "base.py",
        "directory_path": "django/db/models"
      }
    }
  ]
}
[2026-07-29 14:41:19,597 - action_history - DEBUG] Action history: 
 SearchActionHistory(
  Search Action: search_class
Search Action Input: {'class_name': 'ModelBase', 'file_path': 'django/db/models/base.py'}: 1
  Search Action: search_method_in_class
Search Action Input: {'class_name': 'ModelBase', 'method_name': '__new__', 'file_path': 'django/db/models/base.py'}: 2
  Search Action: search_method_in_class
Search Action Input: {'class_name': 'Model', 'method_name': '_get_FIELD_display', 'file_path': 'django/db/models/base.py'}: 3
  Search Action: search_method_in_class
Search Action Input: {'class_name': 'ModelBase', 'method_name': '_prepare', 'file_path': 'django/db/models/base.py'}: 3
  Search Action: search_file_contents
Search Action Input: {'file_name': 'base.py', 'directory_path': 'django/db/models'}: 3
)
[2026-07-29 14:41:19,597 - Orcar.search_agent - INFO] Current search queue size: 3
[2026-07-29 14:41:20,574 - Orcar.search_agent - INFO] Is early stop: False similarity: False
[2026-07-29 14:41:20,575 - Orcar.search_agent - INFO] Is complete: False
[2026-07-29 14:41:20,575 - search_queue - DEBUG] search queue: 
 SearchQueue(
  Value: 3, Action: Search Action: search_method_in_class
Search Action Input: {'class_name': 'Model', 'method_name': '_get_FIELD_display', 'file_path': 'django/db/models/base.py'}
  Value: 3, Action: Search Action: search_method_in_class
Search Action Input: {'class_name': 'ModelBase', 'method_name': '_prepare', 'file_path': 'django/db/models/base.py'}
  Value: 3, Action: Search Action: search_file_contents
Search Action Input: {'file_name': 'base.py', 'directory_path': 'django/db/models'}
)
[2026-07-29 14:41:20,606 - Orcar.search_agent - DEBUG] Search content: [ChatMessage(role=<MessageRole.USER: 'user'>, additional_kwargs={}, blocks=[TextBlock(block_type='text', text="Please provide observation feedback and new_search_actions on the search results below. \n<New Info>\n\n            Search Action: search_method_in_class\n\n            Search Action Input: {'class_name': 'Model', 'method_name': '_get_FIELD_display', 'file_path': 'django/db/models/base.py'}\n\n            File Path: django/db/models/base.py \nMethod Content: \n    def _get_FIELD_display(self, field):\n        value = getattr(self, field.attname)\n        # force_str() to coerce lazy strings.\n        return force_str(dict(field.flatchoices).get(value, value), strings_only=True)\n\n</New Info>\n")])]
[2026-07-29 14:41:20,607 - Orcar.search_agent - INFO] Search cache: [SearchResult(search_action='search_method_in_class', search_action_input={'class_name': 'ModelBase', 'method_name': '__new__', 'file_path': 'django/db/models/base.py'}, search_content='File Path: django/db/models/base.py \nMethod Content: \n    def __new__(cls, name, bases, attrs, **kwargs):\n        super_new = super().__new__\n\n        # Also ensure initialization is only performed for subclasses of Model\n        # (excluding Model class itself).\n        parents = [b for b in bases if isinstance(b, ModelBase)]\n        if not parents:\n            return super_new(cls, name, bases, attrs)\n\n        # Create the class.\n        module = attrs.pop(\'__module__\')\n        new_attrs = {\'__module__\': module}\n        classcell = attrs.pop(\'__classcell__\', None)\n        if classcell is not None:\n            new_attrs[\'__classcell__\'] = classcell\n        attr_meta = attrs.pop(\'Meta\', None)\n        # Pass all attrs without a (Django-specific) contribute_to_class()\n        # method to type.__new__() so that they\'re properly initialized\n        # (i.e. __set_name__()).\n        contributable_attrs = {}\n        for obj_name, obj in list(attrs.items()):\n            if _has_contribute_to_class(obj):\n                contributable_attrs[obj_name] = obj\n            else:\n                new_attrs[obj_name] = obj\n        new_class = super_new(cls, name, bases, new_attrs, **kwargs)\n\n        abstract = getattr(attr_meta, \'abstract\', False)\n        meta = attr_meta or getattr(new_class, \'Meta\', None)\n        base_meta = getattr(new_class, \'_meta\', None)\n\n        app_label = None\n\n        # Look for an application configuration to attach the model to.\n        app_config = apps.get_containing_app_config(module)\n\n        if getattr(meta, \'app_label\', None) is None:\n            if app_config is None:\n                if not abstract:\n                    raise RuntimeError(\n                        "Model class %s.%s doesn\'t declare an explicit "\n                        "app_label and isn\'t in an application in "\n                        "INSTALLED_APPS." % (module, name)\n                    )\n\n            else:\n                app_label = app_config.label\n\n        new_class.add_to_class(\'_meta\', Options(meta, app_label))\n        if not abstract:\n            new_class.add_to_class(\n                \'DoesNotExist\',\n                subclass_exception(\n                    \'DoesNotExist\',\n                    tuple(\n                        x.DoesNotExist for x in parents if hasattr(x, \'_meta\') and not x._meta.abstract\n                    ) or (ObjectDoesNotExist,),\n                    module,\n                    attached_to=new_class))\n            new_class.add_to_class(\n                \'MultipleObjectsReturned\',\n                subclass_exception(\n                    \'MultipleObjectsReturned\',\n                    tuple(\n                        x.MultipleObjectsReturned for x in parents if hasattr(x, \'_meta\') and not x._meta.abstract\n                    ) or (MultipleObjectsReturned,),\n                    module,\n                    attached_to=new_class))\n            if base_meta and not base_meta.abstract:\n                # Non-abstract child classes inherit some attributes from their\n                # non-abstract parent (unless an ABC comes before it in the\n                # method resolution order).\n                if not hasattr(meta, \'ordering\'):\n                    new_class._meta.ordering = base_meta.ordering\n                if not hasattr(meta, \'get_latest_by\'):\n                    new_class._meta.get_latest_by = base_meta.get_latest_by\n\n        is_proxy = new_class._meta.proxy\n\n        # If the model is a proxy, ensure that the base class\n        # hasn\'t been swapped out.\n        if is_proxy and base_meta and base_meta.swapped:\n            raise TypeError("%s cannot proxy the swapped model \'%s\'." % (name, base_meta.swapped))\n\n        # Add remaining attributes (those with a contribute_to_class() method)\n        # to the class.\n        for obj_name, obj in contributable_attrs.items():\n            new_class.add_to_class(obj_name, obj)\n\n        # All the fields of any type declared on this model\n        new_fields = chain(\n            new_class._meta.local_fields,\n            new_class._meta.local_many_to_many,\n            new_class._meta.private_fields\n        )\n        field_names = {f.name for f in new_fields}\n\n        # Basic setup for proxy models.\n        if is_proxy:\n            base = None\n            for parent in [kls for kls in parents if hasattr(kls, \'_meta\')]:\n                if parent._meta.abstract:\n                    if parent._meta.fields:\n                        raise TypeError(\n                            "Abstract base class containing model fields not "\n                            "permitted for proxy model \'%s\'." % name\n                        )\n                    else:\n                        continue\n                if base is None:\n                    base = parent\n                elif parent._meta.concrete_model is not base._meta.concrete_model:\n                    raise TypeError("Proxy model \'%s\' has more than one non-abstract model base class." % name)\n            if base is None:\n                raise TypeError("Proxy model \'%s\' has no non-abstract model base class." % name)\n            new_class._meta.setup_proxy(base)\n            new_class._meta.concrete_model = base._meta.concrete_model\n        else:\n            new_class._meta.concrete_model = new_class\n\n        # Collect the parent links for multi-table inheritance.\n        parent_links = {}\n        for base in reversed([new_class] + parents):\n            # Conceptually equivalent to `if base is Model`.\n            if not hasattr(base, \'_meta\'):\n                continue\n            # Skip concrete parent classes.\n            if base != new_class and not base._meta.abstract:\n                continue\n            # Locate OneToOneField instances.\n            for field in base._meta.local_fields:\n                if isinstance(field, OneToOneField):\n                    related = resolve_relation(new_class, field.remote_field.model)\n                    parent_links[make_model_tuple(related)] = field\n\n        # Track fields inherited from base models.\n        inherited_attributes = set()\n        # Do the appropriate setup for any model parents.\n        for base in new_class.mro():\n            if base not in parents or not hasattr(base, \'_meta\'):\n                # Things without _meta aren\'t functional models, so they\'re\n                # uninteresting parents.\n                inherited_attributes.update(base.__dict__)\n                continue\n\n            parent_fields = base._meta.local_fields + base._meta.local_many_to_many\n            if not base._meta.abstract:\n                # Check for clashes between locally declared fields and those\n                # on the base classes.\n                for field in parent_fields:\n                    if field.name in field_names:\n                        raise FieldError(\n                            \'Local field %r in class %r clashes with field of \'\n                            \'the same name from base class %r.\' % (\n                                field.name,\n                                name,\n                                base.__name__,\n                            )\n                        )\n                    else:\n                        inherited_attributes.add(field.name)\n\n                # Concrete classes...\n                base = base._meta.concrete_model\n                base_key = make_model_tuple(base)\n                if base_key in parent_links:\n                    field = parent_links[base_key]\n                elif not is_proxy:\n                    attr_name = \'%s_ptr\' % base._meta.model_name\n                    field = OneToOneField(\n                        base,\n                        on_delete=CASCADE,\n                        name=attr_name,\n                        auto_created=True,\n                        parent_link=True,\n                    )\n\n                    if attr_name in field_names:\n                        raise FieldError(\n                            "Auto-generated field \'%s\' in class %r for "\n                            "parent_link to base class %r clashes with "\n                            "declared field of the same name." % (\n                                attr_name,\n                                name,\n                                base.__name__,\n                            )\n                        )\n\n                    # Only add the ptr field if it\'s not already present;\n                    # e.g. migrations will already have it specified\n                    if not hasattr(new_class, attr_name):\n                        new_class.add_to_class(attr_name, field)\n                else:\n                    field = None\n                new_class._meta.parents[base] = field\n            else:\n                base_parents = base._meta.parents.copy()\n\n                # Add fields from abstract base class if it wasn\'t overridden.\n                for field in parent_fields:\n                    if (field.name not in field_names and\n                            field.name not in new_class.__dict__ and\n                            field.name not in inherited_attributes):\n                        new_field = copy.deepcopy(field)\n                        new_class.add_to_class(field.name, new_field)\n                        # Replace parent links defined on this base by the new\n                        # field. It will be appropriately resolved if required.\n                        if field.one_to_one:\n                            for parent, parent_link in base_parents.items():\n                                if field == parent_link:\n                                    base_parents[parent] = new_field\n\n                # Pass any non-abstract parent classes onto child.\n                new_class._meta.parents.update(base_parents)\n\n            # Inherit private fields (like GenericForeignKey) from the parent\n            # class\n            for field in base._meta.private_fields:\n                if field.name in field_names:\n                    if not base._meta.abstract:\n                        raise FieldError(\n                            \'Local field %r in class %r clashes with field of \'\n                            \'the same name from base class %r.\' % (\n                                field.name,\n                                name,\n                                base.__name__,\n                            )\n                        )\n                else:\n                    field = copy.deepcopy(field)\n                    if not base._meta.abstract:\n                        field.mti_inherited = True\n                    new_class.add_to_class(field.name, field)\n\n        # Copy indexes so that index names are unique when models extend an\n        # abstract model.\n        new_class._meta.indexes = [copy.deepcopy(idx) for idx in new_class._meta.indexes]\n\n        if abstract:\n            # Abstract base models can\'t be instantiated and don\'t appear in\n            # the list of models for an app. We do the final setup for them a\n            # little differently from normal models.\n            attr_meta.abstract = False\n            new_class.Meta = attr_meta\n            return new_class\n\n        new_class._prepare()\n        new_class._meta.apps.register_model(new_class._meta.app_label, new_class)\n        return new_class\n'), SearchResult(search_action='search_method_in_class', search_action_input={'class_name': 'Model', 'method_name': '_get_FIELD_display', 'file_path': 'django/db/models/base.py'}, search_content='File Path: django/db/models/base.py \nMethod Content: \n    def _get_FIELD_display(self, field):\n        value = getattr(self, field.attname)\n        # force_str() to coerce lazy strings.\n        return force_str(dict(field.flatchoices).get(value, value), strings_only=True)\n')]
[2026-07-29 14:41:28,247 - Orcar.search_agent - INFO] in_token_cnt=5293 out_token_cnt=416
[2026-07-29 14:41:28,247 - Orcar.search_agent - INFO] Chat response: assistant: {"observation_feedback":"The current evidence is still centered on `django/db/models/base.py`. `Model._get_FIELD_display()` is only the shared implementation for the fallback helper; it does not explain why a model-defined `get_foo_bar_display()` stopped taking precedence. The likely regression point is `ModelBase._prepare()`, where Django probably installs the generated `get_FIELD_display()` methods onto the class and may now be overwriting an existing method instead of leaving the user override intact.","potential_bug_locations":[{"file_path":"django/db/models/base.py","class_name":"ModelBase","method_name":"_prepare"},{"file_path":"django/db/models/base.py","class_name":"Model","method_name":"_get_FIELD_display"}],"new_search_actions":[{"action":"search_method_in_class","action_input":{"class_name":"ModelBase","method_name":"_prepare","file_path":"django/db/models/base.py"}},{"action":"search_file_contents","action_input":{"file_name":"base.py","directory_path":"django/db/models"}}]}{"observation_feedback":"The current evidence is still centered on `django/db/models/base.py`. `Model._get_FIELD_display()` is only the shared implementation for the fallback helper; it does not explain why a model-defined `get_foo_bar_display()` stopped taking precedence. The likely regression point is `ModelBase._prepare()`, where Django probably installs the generated `get_FIELD_display()` methods onto the class and may now be overwriting an existing method instead of leaving the user override intact.","potential_bug_locations":[{"file_path":"django/db/models/base.py","class_name":"ModelBase","method_name":"_prepare"},{"file_path":"django/db/models/base.py","class_name":"Model","method_name":"_get_FIELD_display"}],"new_search_actions":[{"action":"search_method_in_class","action_input":{"class_name":"ModelBase","method_name":"_prepare","file_path":"django/db/models/base.py"}},{"action":"search_file_contents","action_input":{"file_name":"base.py","directory_path":"django/db/models"}}]}
[2026-07-29 14:41:28,248 - action_history - DEBUG] Action history: 
 SearchActionHistory(
  Search Action: search_class
Search Action Input: {'class_name': 'ModelBase', 'file_path': 'django/db/models/base.py'}: 1
  Search Action: search_method_in_class
Search Action Input: {'class_name': 'ModelBase', 'method_name': '__new__', 'file_path': 'django/db/models/base.py'}: 2
  Search Action: search_method_in_class
Search Action Input: {'class_name': 'Model', 'method_name': '_get_FIELD_display', 'file_path': 'django/db/models/base.py'}: 3
  Search Action: search_method_in_class
Search Action Input: {'class_name': 'ModelBase', 'method_name': '_prepare', 'file_path': 'django/db/models/base.py'}: 4
  Search Action: search_file_contents
Search Action Input: {'file_name': 'base.py', 'directory_path': 'django/db/models'}: 4
)
[2026-07-29 14:41:28,248 - Orcar.search_agent - INFO] Current search queue size: 2
[2026-07-29 14:41:29,214 - Orcar.search_agent - INFO] Is early stop: False similarity: True
[2026-07-29 14:41:29,215 - Orcar.search_agent - INFO] Is complete: False
[2026-07-29 14:41:29,215 - search_queue - DEBUG] search queue: 
 SearchQueue(
  Value: 4, Action: Search Action: search_method_in_class
Search Action Input: {'class_name': 'ModelBase', 'method_name': '_prepare', 'file_path': 'django/db/models/base.py'}
  Value: 4, Action: Search Action: search_file_contents
Search Action Input: {'file_name': 'base.py', 'directory_path': 'django/db/models'}
)
[2026-07-29 14:41:29,252 - Orcar.search_agent - DEBUG] Search content: [ChatMessage(role=<MessageRole.USER: 'user'>, additional_kwargs={}, blocks=[TextBlock(block_type='text', text='Please provide observation feedback and new_search_actions on the search results below. \n<New Info>\n\n            Search Action: search_method_in_class\n\n            Search Action Input: {\'class_name\': \'ModelBase\', \'method_name\': \'_prepare\', \'file_path\': \'django/db/models/base.py\'}\n\n            File Path: django/db/models/base.py \nMethod Content: \n    def _prepare(cls):\n        """Create some methods once self._meta has been populated."""\n        opts = cls._meta\n        opts._prepare(cls)\n\n        if opts.order_with_respect_to:\n            cls.get_next_in_order = partialmethod(cls._get_next_or_previous_in_order, is_next=True)\n            cls.get_previous_in_order = partialmethod(cls._get_next_or_previous_in_order, is_next=False)\n\n            # Defer creating accessors on the foreign class until it has been\n            # created and registered. If remote_field is None, we\'re ordering\n            # with respect to a GenericForeignKey and don\'t know what the\n            # foreign class is - we\'ll add those accessors later in\n            # contribute_to_class().\n            if opts.order_with_respect_to.remote_field:\n                wrt = opts.order_with_respect_to\n                remote = wrt.remote_field.model\n                lazy_related_operation(make_foreign_order_accessors, cls, remote)\n\n        # Give the class a docstring -- its definition.\n        if cls.__doc__ is None:\n            cls.__doc__ = "%s(%s)" % (cls.__name__, ", ".join(f.name for f in opts.fields))\n\n        get_absolute_url_override = settings.ABSOLUTE_URL_OVERRIDES.get(opts.label_lower)\n        if get_absolute_url_override:\n            setattr(cls, \'get_absolute_url\', get_absolute_url_override)\n\n        if not opts.managers:\n            if any(f.name == \'objects\' for f in opts.fields):\n                raise ValueError(\n                    "Model %s must specify a custom Manager, because it has a "\n                    "field named \'objects\'." % cls.__name__\n                )\n            manager = Manager()\n            manager.auto_created = True\n            cls.add_to_class(\'objects\', manager)\n\n        # Set the name of _meta.indexes. This can\'t be done in\n        # Options.contribute_to_class() because fields haven\'t been added to\n        # the model at that point.\n        for index in cls._meta.indexes:\n            if not index.name:\n                index.set_name_with_model(cls)\n\n        class_prepared.send(sender=cls)\n\n</New Info>\n')])]
[2026-07-29 14:41:29,252 - Orcar.search_agent - INFO] Search cache: [SearchResult(search_action='search_method_in_class', search_action_input={'class_name': 'Model', 'method_name': '_get_FIELD_display', 'file_path': 'django/db/models/base.py'}, search_content='File Path: django/db/models/base.py \nMethod Content: \n    def _get_FIELD_display(self, field):\n        value = getattr(self, field.attname)\n        # force_str() to coerce lazy strings.\n        return force_str(dict(field.flatchoices).get(value, value), strings_only=True)\n'), SearchResult(search_action='search_method_in_class', search_action_input={'class_name': 'ModelBase', 'method_name': '_prepare', 'file_path': 'django/db/models/base.py'}, search_content='File Path: django/db/models/base.py \nMethod Content: \n    def _prepare(cls):\n        """Create some methods once self._meta has been populated."""\n        opts = cls._meta\n        opts._prepare(cls)\n\n        if opts.order_with_respect_to:\n            cls.get_next_in_order = partialmethod(cls._get_next_or_previous_in_order, is_next=True)\n            cls.get_previous_in_order = partialmethod(cls._get_next_or_previous_in_order, is_next=False)\n\n            # Defer creating accessors on the foreign class until it has been\n            # created and registered. If remote_field is None, we\'re ordering\n            # with respect to a GenericForeignKey and don\'t know what the\n            # foreign class is - we\'ll add those accessors later in\n            # contribute_to_class().\n            if opts.order_with_respect_to.remote_field:\n                wrt = opts.order_with_respect_to\n                remote = wrt.remote_field.model\n                lazy_related_operation(make_foreign_order_accessors, cls, remote)\n\n        # Give the class a docstring -- its definition.\n        if cls.__doc__ is None:\n            cls.__doc__ = "%s(%s)" % (cls.__name__, ", ".join(f.name for f in opts.fields))\n\n        get_absolute_url_override = settings.ABSOLUTE_URL_OVERRIDES.get(opts.label_lower)\n        if get_absolute_url_override:\n            setattr(cls, \'get_absolute_url\', get_absolute_url_override)\n\n        if not opts.managers:\n            if any(f.name == \'objects\' for f in opts.fields):\n                raise ValueError(\n                    "Model %s must specify a custom Manager, because it has a "\n                    "field named \'objects\'." % cls.__name__\n                )\n            manager = Manager()\n            manager.auto_created = True\n            cls.add_to_class(\'objects\', manager)\n\n        # Set the name of _meta.indexes. This can\'t be done in\n        # Options.contribute_to_class() because fields haven\'t been added to\n        # the model at that point.\n        for index in cls._meta.indexes:\n            if not index.name:\n                index.set_name_with_model(cls)\n\n        class_prepared.send(sender=cls)\n'), SearchResult(search_action='search_method_in_class', search_action_input={'class_name': 'ModelBase', 'method_name': '__new__', 'file_path': 'django/db/models/base.py'}, search_content='File Path: django/db/models/base.py \nMethod Content: \n    def __new__(cls, name, bases, attrs, **kwargs):\n        super_new = super().__new__\n\n        # Also ensure initialization is only performed for subclasses of Model\n        # (excluding Model class itself).\n        parents = [b for b in bases if isinstance(b, ModelBase)]\n        if not parents:\n            return super_new(cls, name, bases, attrs)\n\n        # Create the class.\n        module = attrs.pop(\'__module__\')\n        new_attrs = {\'__module__\': module}\n        classcell = attrs.pop(\'__classcell__\', None)\n        if classcell is not None:\n            new_attrs[\'__classcell__\'] = classcell\n        attr_meta = attrs.pop(\'Meta\', None)\n        # Pass all attrs without a (Django-specific) contribute_to_class()\n        # method to type.__new__() so that they\'re properly initialized\n        # (i.e. __set_name__()).\n        contributable_attrs = {}\n        for obj_name, obj in list(attrs.items()):\n            if _has_contribute_to_class(obj):\n                contributable_attrs[obj_name] = obj\n            else:\n                new_attrs[obj_name] = obj\n        new_class = super_new(cls, name, bases, new_attrs, **kwargs)\n\n        abstract = getattr(attr_meta, \'abstract\', False)\n        meta = attr_meta or getattr(new_class, \'Meta\', None)\n        base_meta = getattr(new_class, \'_meta\', None)\n\n        app_label = None\n\n        # Look for an application configuration to attach the model to.\n        app_config = apps.get_containing_app_config(module)\n\n        if getattr(meta, \'app_label\', None) is None:\n            if app_config is None:\n                if not abstract:\n                    raise RuntimeError(\n                        "Model class %s.%s doesn\'t declare an explicit "\n                        "app_label and isn\'t in an application in "\n                        "INSTALLED_APPS." % (module, name)\n                    )\n\n            else:\n                app_label = app_config.label\n\n        new_class.add_to_class(\'_meta\', Options(meta, app_label))\n        if not abstract:\n            new_class.add_to_class(\n                \'DoesNotExist\',\n                subclass_exception(\n                    \'DoesNotExist\',\n                    tuple(\n                        x.DoesNotExist for x in parents if hasattr(x, \'_meta\') and not x._meta.abstract\n                    ) or (ObjectDoesNotExist,),\n                    module,\n                    attached_to=new_class))\n            new_class.add_to_class(\n                \'MultipleObjectsReturned\',\n                subclass_exception(\n                    \'MultipleObjectsReturned\',\n                    tuple(\n                        x.MultipleObjectsReturned for x in parents if hasattr(x, \'_meta\') and not x._meta.abstract\n                    ) or (MultipleObjectsReturned,),\n                    module,\n                    attached_to=new_class))\n            if base_meta and not base_meta.abstract:\n                # Non-abstract child classes inherit some attributes from their\n                # non-abstract parent (unless an ABC comes before it in the\n                # method resolution order).\n                if not hasattr(meta, \'ordering\'):\n                    new_class._meta.ordering = base_meta.ordering\n                if not hasattr(meta, \'get_latest_by\'):\n                    new_class._meta.get_latest_by = base_meta.get_latest_by\n\n        is_proxy = new_class._meta.proxy\n\n        # If the model is a proxy, ensure that the base class\n        # hasn\'t been swapped out.\n        if is_proxy and base_meta and base_meta.swapped:\n            raise TypeError("%s cannot proxy the swapped model \'%s\'." % (name, base_meta.swapped))\n\n        # Add remaining attributes (those with a contribute_to_class() method)\n        # to the class.\n        for obj_name, obj in contributable_attrs.items():\n            new_class.add_to_class(obj_name, obj)\n\n        # All the fields of any type declared on this model\n        new_fields = chain(\n            new_class._meta.local_fields,\n            new_class._meta.local_many_to_many,\n            new_class._meta.private_fields\n        )\n        field_names = {f.name for f in new_fields}\n\n        # Basic setup for proxy models.\n        if is_proxy:\n            base = None\n            for parent in [kls for kls in parents if hasattr(kls, \'_meta\')]:\n                if parent._meta.abstract:\n                    if parent._meta.fields:\n                        raise TypeError(\n                            "Abstract base class containing model fields not "\n                            "permitted for proxy model \'%s\'." % name\n                        )\n                    else:\n                        continue\n                if base is None:\n                    base = parent\n                elif parent._meta.concrete_model is not base._meta.concrete_model:\n                    raise TypeError("Proxy model \'%s\' has more than one non-abstract model base class." % name)\n            if base is None:\n                raise TypeError("Proxy model \'%s\' has no non-abstract model base class." % name)\n            new_class._meta.setup_proxy(base)\n            new_class._meta.concrete_model = base._meta.concrete_model\n        else:\n            new_class._meta.concrete_model = new_class\n\n        # Collect the parent links for multi-table inheritance.\n        parent_links = {}\n        for base in reversed([new_class] + parents):\n            # Conceptually equivalent to `if base is Model`.\n            if not hasattr(base, \'_meta\'):\n                continue\n            # Skip concrete parent classes.\n            if base != new_class and not base._meta.abstract:\n                continue\n            # Locate OneToOneField instances.\n            for field in base._meta.local_fields:\n                if isinstance(field, OneToOneField):\n                    related = resolve_relation(new_class, field.remote_field.model)\n                    parent_links[make_model_tuple(related)] = field\n\n        # Track fields inherited from base models.\n        inherited_attributes = set()\n        # Do the appropriate setup for any model parents.\n        for base in new_class.mro():\n            if base not in parents or not hasattr(base, \'_meta\'):\n                # Things without _meta aren\'t functional models, so they\'re\n                # uninteresting parents.\n                inherited_attributes.update(base.__dict__)\n                continue\n\n            parent_fields = base._meta.local_fields + base._meta.local_many_to_many\n            if not base._meta.abstract:\n                # Check for clashes between locally declared fields and those\n                # on the base classes.\n                for field in parent_fields:\n                    if field.name in field_names:\n                        raise FieldError(\n                            \'Local field %r in class %r clashes with field of \'\n                            \'the same name from base class %r.\' % (\n                                field.name,\n                                name,\n                                base.__name__,\n                            )\n                        )\n                    else:\n                        inherited_attributes.add(field.name)\n\n                # Concrete classes...\n                base = base._meta.concrete_model\n                base_key = make_model_tuple(base)\n                if base_key in parent_links:\n                    field = parent_links[base_key]\n                elif not is_proxy:\n                    attr_name = \'%s_ptr\' % base._meta.model_name\n                    field = OneToOneField(\n                        base,\n                        on_delete=CASCADE,\n                        name=attr_name,\n                        auto_created=True,\n                        parent_link=True,\n                    )\n\n                    if attr_name in field_names:\n                        raise FieldError(\n                            "Auto-generated field \'%s\' in class %r for "\n                            "parent_link to base class %r clashes with "\n                            "declared field of the same name." % (\n                                attr_name,\n                                name,\n                                base.__name__,\n                            )\n                        )\n\n                    # Only add the ptr field if it\'s not already present;\n                    # e.g. migrations will already have it specified\n                    if not hasattr(new_class, attr_name):\n                        new_class.add_to_class(attr_name, field)\n                else:\n                    field = None\n                new_class._meta.parents[base] = field\n            else:\n                base_parents = base._meta.parents.copy()\n\n                # Add fields from abstract base class if it wasn\'t overridden.\n                for field in parent_fields:\n                    if (field.name not in field_names and\n                            field.name not in new_class.__dict__ and\n                            field.name not in inherited_attributes):\n                        new_field = copy.deepcopy(field)\n                        new_class.add_to_class(field.name, new_field)\n                        # Replace parent links defined on this base by the new\n                        # field. It will be appropriately resolved if required.\n                        if field.one_to_one:\n                            for parent, parent_link in base_parents.items():\n                                if field == parent_link:\n                                    base_parents[parent] = new_field\n\n                # Pass any non-abstract parent classes onto child.\n                new_class._meta.parents.update(base_parents)\n\n            # Inherit private fields (like GenericForeignKey) from the parent\n            # class\n            for field in base._meta.private_fields:\n                if field.name in field_names:\n                    if not base._meta.abstract:\n                        raise FieldError(\n                            \'Local field %r in class %r clashes with field of \'\n                            \'the same name from base class %r.\' % (\n                                field.name,\n                                name,\n                                base.__name__,\n                            )\n                        )\n                else:\n                    field = copy.deepcopy(field)\n                    if not base._meta.abstract:\n                        field.mti_inherited = True\n                    new_class.add_to_class(field.name, field)\n\n        # Copy indexes so that index names are unique when models extend an\n        # abstract model.\n        new_class._meta.indexes = [copy.deepcopy(idx) for idx in new_class._meta.indexes]\n\n        if abstract:\n            # Abstract base models can\'t be instantiated and don\'t appear in\n            # the list of models for an app. We do the final setup for them a\n            # little differently from normal models.\n            attr_meta.abstract = False\n            new_class.Meta = attr_meta\n            return new_class\n\n        new_class._prepare()\n        new_class._meta.apps.register_model(new_class._meta.app_label, new_class)\n        return new_class\n')]
[2026-07-29 14:41:32,244 - Orcar.search_agent - INFO] in_token_cnt=6246 out_token_cnt=286
[2026-07-29 14:41:32,245 - Orcar.search_agent - INFO] Chat response: assistant: {
  "observation_feedback": "The evidence now shows that ModelBase.__new__ calls _prepare() after all class attributes and contributed fields are attached, so any auto-generated helper methods are installed very late in model creation. Since Model._get_FIELD_display() is just the generic implementation, the regression is most likely in the code that creates the public get_FIELD_display method from the field choices, probably in field contribution/metadata setup rather than in the fallback method itself. The key suspicion remains that Django 2.2 now adds get_FOO_display in a way that overwrites a user-defined method on the model class.",
  "potential_bug_locations": [
    {
      "file_path": "django/db/models/base.py",
      "class_name": "ModelBase",
      "method_name": "_prepare"
    },
    {
      "file_path": "django/db/models/base.py",
      "class_name": "ModelBase",
      "method_name": "__new__"
    },
    {
      "file_path": "django/db/models/base.py",
      "class_name": "Model",
      "method_name": "_get_FIELD_display"
    }
  ],
  "new_search_actions": [
    {
      "action": "search_file_contents",
      "action_input": {
        "file_name": "fields.py",
        "directory_path": "django/db/models"
      }
    }
  ]
}
[2026-07-29 14:41:32,245 - action_history - DEBUG] Action history: 
 SearchActionHistory(
  Search Action: search_class
Search Action Input: {'class_name': 'ModelBase', 'file_path': 'django/db/models/base.py'}: 1
  Search Action: search_method_in_class
Search Action Input: {'class_name': 'ModelBase', 'method_name': '__new__', 'file_path': 'django/db/models/base.py'}: 2
  Search Action: search_method_in_class
Search Action Input: {'class_name': 'Model', 'method_name': '_get_FIELD_display', 'file_path': 'django/db/models/base.py'}: 3
  Search Action: search_method_in_class
Search Action Input: {'class_name': 'ModelBase', 'method_name': '_prepare', 'file_path': 'django/db/models/base.py'}: 4
  Search Action: search_file_contents
Search Action Input: {'file_name': 'base.py', 'directory_path': 'django/db/models'}: 4
  Search Action: search_file_contents
Search Action Input: {'file_name': 'fields.py', 'directory_path': 'django/db/models'}: 1
)
[2026-07-29 14:41:32,245 - Orcar.search_agent - INFO] Current search queue size: 2
[2026-07-29 14:41:33,294 - Orcar.search_agent - INFO] Is early stop: False similarity: False
[2026-07-29 14:41:33,295 - Orcar.search_agent - INFO] Is complete: False
[2026-07-29 14:41:33,295 - search_queue - DEBUG] search queue: 
 SearchQueue(
  Value: 4, Action: Search Action: search_file_contents
Search Action Input: {'file_name': 'base.py', 'directory_path': 'django/db/models'}
  Value: 1, Action: Search Action: search_file_contents
Search Action Input: {'file_name': 'fields.py', 'directory_path': 'django/db/models'}
)
[2026-07-29 14:41:33,307 - Orcar.search_agent - INFO] File functions number: 9
[2026-07-29 14:41:33,307 - Orcar.formatter - INFO] Found tokenizer for model 'gpt-5.4-mini'
[2026-07-29 14:41:38,906 - Orcar.code_scorer - INFO] Total batch chat time: 5.60s
[2026-07-29 14:41:38,906 - Orcar.code_scorer - INFO] in_token_cnt=294 out_token_cnt=1
[2026-07-29 14:41:38,906 - Orcar.code_scorer - INFO] in_token_cnt=368 out_token_cnt=1
[2026-07-29 14:41:38,906 - Orcar.code_scorer - INFO] in_token_cnt=302 out_token_cnt=1
[2026-07-29 14:41:38,906 - Orcar.code_scorer - INFO] in_token_cnt=304 out_token_cnt=1
[2026-07-29 14:41:38,906 - Orcar.code_scorer - INFO] in_token_cnt=353 out_token_cnt=1
[2026-07-29 14:41:38,906 - Orcar.code_scorer - INFO] in_token_cnt=362 out_token_cnt=1
[2026-07-29 14:41:38,906 - Orcar.code_scorer - INFO] in_token_cnt=329 out_token_cnt=1
[2026-07-29 14:41:38,907 - Orcar.code_scorer - INFO] in_token_cnt=339 out_token_cnt=1
[2026-07-29 14:41:38,907 - Orcar.code_scorer - INFO] in_token_cnt=332 out_token_cnt=1
[2026-07-29 14:41:38,907 - action_history - INFO] Top file functions: [SearchActionStep(search_action='search_callable', search_action_input={'query_name': '_has_contribute_to_class', 'file_path': 'django/db/models/base.py'})]
[2026-07-29 14:41:38,935 - Orcar.search_agent - DEBUG] Search content: [ChatMessage(role=<MessageRole.USER: 'user'>, additional_kwargs={}, blocks=[TextBlock(block_type='text', text="Please provide observation feedback and new_search_actions on the search results below. \n<New Info>\n\n            Search Action: search_file_contents\n\n            Search Action Input: {'file_name': 'base.py', 'directory_path': 'django/db/models'}\n\n            File Path: django/db/models/base.py \nFile Skeleton: \n\nClass: Deferred\nSignature: Deferred\n\nGlobal_variable: DEFERRED\nSignature: DEFERRED\n\nFunction: subclass_exception\nSignature: subclass_exception(name, bases, module, attached_to)\nDocstring: Create exception subclass. Used by ModelBase below.\n\nThe exception is created in a way that allows it to be pickled, assuming\nthat the returned exception class will be added as an attribute to the\n'attached_to' class.\n\nFunction: _has_contribute_to_class\nSignature: _has_contribute_to_class(value)\n\nClass: ModelBase\nSignature: ModelBase\nDocstring: Metaclass for all models.\n\nClass: ModelStateFieldsCacheDescriptor\nSignature: ModelStateFieldsCacheDescriptor\n\nClass: ModelState\nSignature: ModelState\nDocstring: Store model instance state.\n\nClass: Model\nSignature: Model\n\nFunction: method_set_order\nSignature: method_set_order(self, ordered_obj, id_list, using)\n\nFunction: method_get_order\nSignature: method_get_order(self, ordered_obj)\n\nFunction: make_foreign_order_accessors\nSignature: make_foreign_order_accessors(model, related_model)\n\nFunction: model_unpickle\nSignature: model_unpickle(model_id)\nDocstring: Used to unpickle Model subclasses with deferred fields.\n\n</New Info>\n")])]
[2026-07-29 14:41:38,935 - Orcar.search_agent - INFO] Search cache: [SearchResult(search_action='search_method_in_class', search_action_input={'class_name': 'ModelBase', 'method_name': '__new__', 'file_path': 'django/db/models/base.py'}, search_content='File Path: django/db/models/base.py \nMethod Content: \n    def __new__(cls, name, bases, attrs, **kwargs):\n        super_new = super().__new__\n\n        # Also ensure initialization is only performed for subclasses of Model\n        # (excluding Model class itself).\n        parents = [b for b in bases if isinstance(b, ModelBase)]\n        if not parents:\n            return super_new(cls, name, bases, attrs)\n\n        # Create the class.\n        module = attrs.pop(\'__module__\')\n        new_attrs = {\'__module__\': module}\n        classcell = attrs.pop(\'__classcell__\', None)\n        if classcell is not None:\n            new_attrs[\'__classcell__\'] = classcell\n        attr_meta = attrs.pop(\'Meta\', None)\n        # Pass all attrs without a (Django-specific) contribute_to_class()\n        # method to type.__new__() so that they\'re properly initialized\n        # (i.e. __set_name__()).\n        contributable_attrs = {}\n        for obj_name, obj in list(attrs.items()):\n            if _has_contribute_to_class(obj):\n                contributable_attrs[obj_name] = obj\n            else:\n                new_attrs[obj_name] = obj\n        new_class = super_new(cls, name, bases, new_attrs, **kwargs)\n\n        abstract = getattr(attr_meta, \'abstract\', False)\n        meta = attr_meta or getattr(new_class, \'Meta\', None)\n        base_meta = getattr(new_class, \'_meta\', None)\n\n        app_label = None\n\n        # Look for an application configuration to attach the model to.\n        app_config = apps.get_containing_app_config(module)\n\n        if getattr(meta, \'app_label\', None) is None:\n            if app_config is None:\n                if not abstract:\n                    raise RuntimeError(\n                        "Model class %s.%s doesn\'t declare an explicit "\n                        "app_label and isn\'t in an application in "\n                        "INSTALLED_APPS." % (module, name)\n                    )\n\n            else:\n                app_label = app_config.label\n\n        new_class.add_to_class(\'_meta\', Options(meta, app_label))\n        if not abstract:\n            new_class.add_to_class(\n                \'DoesNotExist\',\n                subclass_exception(\n                    \'DoesNotExist\',\n                    tuple(\n                        x.DoesNotExist for x in parents if hasattr(x, \'_meta\') and not x._meta.abstract\n                    ) or (ObjectDoesNotExist,),\n                    module,\n                    attached_to=new_class))\n            new_class.add_to_class(\n                \'MultipleObjectsReturned\',\n                subclass_exception(\n                    \'MultipleObjectsReturned\',\n                    tuple(\n                        x.MultipleObjectsReturned for x in parents if hasattr(x, \'_meta\') and not x._meta.abstract\n                    ) or (MultipleObjectsReturned,),\n                    module,\n                    attached_to=new_class))\n            if base_meta and not base_meta.abstract:\n                # Non-abstract child classes inherit some attributes from their\n                # non-abstract parent (unless an ABC comes before it in the\n                # method resolution order).\n                if not hasattr(meta, \'ordering\'):\n                    new_class._meta.ordering = base_meta.ordering\n                if not hasattr(meta, \'get_latest_by\'):\n                    new_class._meta.get_latest_by = base_meta.get_latest_by\n\n        is_proxy = new_class._meta.proxy\n\n        # If the model is a proxy, ensure that the base class\n        # hasn\'t been swapped out.\n        if is_proxy and base_meta and base_meta.swapped:\n            raise TypeError("%s cannot proxy the swapped model \'%s\'." % (name, base_meta.swapped))\n\n        # Add remaining attributes (those with a contribute_to_class() method)\n        # to the class.\n        for obj_name, obj in contributable_attrs.items():\n            new_class.add_to_class(obj_name, obj)\n\n        # All the fields of any type declared on this model\n        new_fields = chain(\n            new_class._meta.local_fields,\n            new_class._meta.local_many_to_many,\n            new_class._meta.private_fields\n        )\n        field_names = {f.name for f in new_fields}\n\n        # Basic setup for proxy models.\n        if is_proxy:\n            base = None\n            for parent in [kls for kls in parents if hasattr(kls, \'_meta\')]:\n                if parent._meta.abstract:\n                    if parent._meta.fields:\n                        raise TypeError(\n                            "Abstract base class containing model fields not "\n                            "permitted for proxy model \'%s\'." % name\n                        )\n                    else:\n                        continue\n                if base is None:\n                    base = parent\n                elif parent._meta.concrete_model is not base._meta.concrete_model:\n                    raise TypeError("Proxy model \'%s\' has more than one non-abstract model base class." % name)\n            if base is None:\n                raise TypeError("Proxy model \'%s\' has no non-abstract model base class." % name)\n            new_class._meta.setup_proxy(base)\n            new_class._meta.concrete_model = base._meta.concrete_model\n        else:\n            new_class._meta.concrete_model = new_class\n\n        # Collect the parent links for multi-table inheritance.\n        parent_links = {}\n        for base in reversed([new_class] + parents):\n            # Conceptually equivalent to `if base is Model`.\n            if not hasattr(base, \'_meta\'):\n                continue\n            # Skip concrete parent classes.\n            if base != new_class and not base._meta.abstract:\n                continue\n            # Locate OneToOneField instances.\n            for field in base._meta.local_fields:\n                if isinstance(field, OneToOneField):\n                    related = resolve_relation(new_class, field.remote_field.model)\n                    parent_links[make_model_tuple(related)] = field\n\n        # Track fields inherited from base models.\n        inherited_attributes = set()\n        # Do the appropriate setup for any model parents.\n        for base in new_class.mro():\n            if base not in parents or not hasattr(base, \'_meta\'):\n                # Things without _meta aren\'t functional models, so they\'re\n                # uninteresting parents.\n                inherited_attributes.update(base.__dict__)\n                continue\n\n            parent_fields = base._meta.local_fields + base._meta.local_many_to_many\n            if not base._meta.abstract:\n                # Check for clashes between locally declared fields and those\n                # on the base classes.\n                for field in parent_fields:\n                    if field.name in field_names:\n                        raise FieldError(\n                            \'Local field %r in class %r clashes with field of \'\n                            \'the same name from base class %r.\' % (\n                                field.name,\n                                name,\n                                base.__name__,\n                            )\n                        )\n                    else:\n                        inherited_attributes.add(field.name)\n\n                # Concrete classes...\n                base = base._meta.concrete_model\n                base_key = make_model_tuple(base)\n                if base_key in parent_links:\n                    field = parent_links[base_key]\n                elif not is_proxy:\n                    attr_name = \'%s_ptr\' % base._meta.model_name\n                    field = OneToOneField(\n                        base,\n                        on_delete=CASCADE,\n                        name=attr_name,\n                        auto_created=True,\n                        parent_link=True,\n                    )\n\n                    if attr_name in field_names:\n                        raise FieldError(\n                            "Auto-generated field \'%s\' in class %r for "\n                            "parent_link to base class %r clashes with "\n                            "declared field of the same name." % (\n                                attr_name,\n                                name,\n                                base.__name__,\n                            )\n                        )\n\n                    # Only add the ptr field if it\'s not already present;\n                    # e.g. migrations will already have it specified\n                    if not hasattr(new_class, attr_name):\n                        new_class.add_to_class(attr_name, field)\n                else:\n                    field = None\n                new_class._meta.parents[base] = field\n            else:\n                base_parents = base._meta.parents.copy()\n\n                # Add fields from abstract base class if it wasn\'t overridden.\n                for field in parent_fields:\n                    if (field.name not in field_names and\n                            field.name not in new_class.__dict__ and\n                            field.name not in inherited_attributes):\n                        new_field = copy.deepcopy(field)\n                        new_class.add_to_class(field.name, new_field)\n                        # Replace parent links defined on this base by the new\n                        # field. It will be appropriately resolved if required.\n                        if field.one_to_one:\n                            for parent, parent_link in base_parents.items():\n                                if field == parent_link:\n                                    base_parents[parent] = new_field\n\n                # Pass any non-abstract parent classes onto child.\n                new_class._meta.parents.update(base_parents)\n\n            # Inherit private fields (like GenericForeignKey) from the parent\n            # class\n            for field in base._meta.private_fields:\n                if field.name in field_names:\n                    if not base._meta.abstract:\n                        raise FieldError(\n                            \'Local field %r in class %r clashes with field of \'\n                            \'the same name from base class %r.\' % (\n                                field.name,\n                                name,\n                                base.__name__,\n                            )\n                        )\n                else:\n                    field = copy.deepcopy(field)\n                    if not base._meta.abstract:\n                        field.mti_inherited = True\n                    new_class.add_to_class(field.name, field)\n\n        # Copy indexes so that index names are unique when models extend an\n        # abstract model.\n        new_class._meta.indexes = [copy.deepcopy(idx) for idx in new_class._meta.indexes]\n\n        if abstract:\n            # Abstract base models can\'t be instantiated and don\'t appear in\n            # the list of models for an app. We do the final setup for them a\n            # little differently from normal models.\n            attr_meta.abstract = False\n            new_class.Meta = attr_meta\n            return new_class\n\n        new_class._prepare()\n        new_class._meta.apps.register_model(new_class._meta.app_label, new_class)\n        return new_class\n'), SearchResult(search_action='search_method_in_class', search_action_input={'class_name': 'Model', 'method_name': '_get_FIELD_display', 'file_path': 'django/db/models/base.py'}, search_content='File Path: django/db/models/base.py \nMethod Content: \n    def _get_FIELD_display(self, field):\n        value = getattr(self, field.attname)\n        # force_str() to coerce lazy strings.\n        return force_str(dict(field.flatchoices).get(value, value), strings_only=True)\n'), SearchResult(search_action='search_method_in_class', search_action_input={'class_name': 'ModelBase', 'method_name': '_prepare', 'file_path': 'django/db/models/base.py'}, search_content='File Path: django/db/models/base.py \nMethod Content: \n    def _prepare(cls):\n        """Create some methods once self._meta has been populated."""\n        opts = cls._meta\n        opts._prepare(cls)\n\n        if opts.order_with_respect_to:\n            cls.get_next_in_order = partialmethod(cls._get_next_or_previous_in_order, is_next=True)\n            cls.get_previous_in_order = partialmethod(cls._get_next_or_previous_in_order, is_next=False)\n\n            # Defer creating accessors on the foreign class until it has been\n            # created and registered. If remote_field is None, we\'re ordering\n            # with respect to a GenericForeignKey and don\'t know what the\n            # foreign class is - we\'ll add those accessors later in\n            # contribute_to_class().\n            if opts.order_with_respect_to.remote_field:\n                wrt = opts.order_with_respect_to\n                remote = wrt.remote_field.model\n                lazy_related_operation(make_foreign_order_accessors, cls, remote)\n\n        # Give the class a docstring -- its definition.\n        if cls.__doc__ is None:\n            cls.__doc__ = "%s(%s)" % (cls.__name__, ", ".join(f.name for f in opts.fields))\n\n        get_absolute_url_override = settings.ABSOLUTE_URL_OVERRIDES.get(opts.label_lower)\n        if get_absolute_url_override:\n            setattr(cls, \'get_absolute_url\', get_absolute_url_override)\n\n        if not opts.managers:\n            if any(f.name == \'objects\' for f in opts.fields):\n                raise ValueError(\n                    "Model %s must specify a custom Manager, because it has a "\n                    "field named \'objects\'." % cls.__name__\n                )\n            manager = Manager()\n            manager.auto_created = True\n            cls.add_to_class(\'objects\', manager)\n\n        # Set the name of _meta.indexes. This can\'t be done in\n        # Options.contribute_to_class() because fields haven\'t been added to\n        # the model at that point.\n        for index in cls._meta.indexes:\n            if not index.name:\n                index.set_name_with_model(cls)\n\n        class_prepared.send(sender=cls)\n')]
[2026-07-29 14:42:15,157 - Orcar.search_agent - INFO] in_token_cnt=6212 out_token_cnt=275
[2026-07-29 14:42:15,157 - Orcar.search_agent - INFO] Chat response: assistant: {
  "observation_feedback": "The current evidence still points to model class construction: `ModelBase.__new__()` adds contributable field objects after the class body is created, and `ModelBase._prepare()` runs afterward. That makes the field-generated `get_FOO_display()` helper the most likely place where a user-defined override gets overwritten in 2.2+. `Model._get_FIELD_display()` is only the shared fallback implementation, so it is probably not the regression point itself.",
  "potential_bug_locations": [
    {
      "file_path": "django/db/models/base.py",
      "class_name": "ModelBase",
      "method_name": "_prepare"
    },
    {
      "file_path": "django/db/models/fields/__init__.py",
      "class_name": "Field",
      "method_name": "contribute_to_class"
    }
  ],
  "new_search_actions": [
    {
      "action": "search_callable",
      "action_input": {
        "query_name": "_has_contribute_to_class",
        "file_path": "django/db/models/base.py"
      }
    },
    {
      "action": "search_file_contents",
      "action_input": {
        "file_name": "fields.py",
        "directory_path": "django/db/models"
      }
    }
  ]
}
[2026-07-29 14:42:15,158 - action_history - DEBUG] Action history: 
 SearchActionHistory(
  Search Action: search_class
Search Action Input: {'class_name': 'ModelBase', 'file_path': 'django/db/models/base.py'}: 1
  Search Action: search_method_in_class
Search Action Input: {'class_name': 'ModelBase', 'method_name': '__new__', 'file_path': 'django/db/models/base.py'}: 2
  Search Action: search_method_in_class
Search Action Input: {'class_name': 'Model', 'method_name': '_get_FIELD_display', 'file_path': 'django/db/models/base.py'}: 3
  Search Action: search_method_in_class
Search Action Input: {'class_name': 'ModelBase', 'method_name': '_prepare', 'file_path': 'django/db/models/base.py'}: 4
  Search Action: search_file_contents
Search Action Input: {'file_name': 'base.py', 'directory_path': 'django/db/models'}: 4
  Search Action: search_file_contents
Search Action Input: {'file_name': 'fields.py', 'directory_path': 'django/db/models'}: 2
  Search Action: search_callable
Search Action Input: {'query_name': '_has_contribute_to_class', 'file_path': 'django/db/models/base.py'}: 2
)
[2026-07-29 14:42:15,158 - Orcar.search_agent - INFO] Current search queue size: 2
[2026-07-29 14:42:16,151 - Orcar.search_agent - INFO] Is early stop: False similarity: False
[2026-07-29 14:42:16,151 - Orcar.search_agent - INFO] Is complete: False
[2026-07-29 14:42:16,152 - search_queue - DEBUG] search queue: 
 SearchQueue(
  Value: 2, Action: Search Action: search_file_contents
Search Action Input: {'file_name': 'fields.py', 'directory_path': 'django/db/models'}
  Value: 2, Action: Search Action: search_callable
Search Action Input: {'query_name': '_has_contribute_to_class', 'file_path': 'django/db/models/base.py'}
)
[2026-07-29 14:42:16,187 - Orcar.search_agent - DEBUG] Search content: [ChatMessage(role=<MessageRole.USER: 'user'>, additional_kwargs={}, blocks=[TextBlock(block_type='text', text="Please provide observation feedback and new_search_actions on the search results below. \n<New Info>\n\n            Search Action: search_file_contents\n\n            Search Action Input: {'file_name': 'fields.py', 'directory_path': 'django/db/models'}\n\n            Cannot find the file fields.py in django/db/models\n</New Info>\n")])]
[2026-07-29 14:42:16,188 - Orcar.search_agent - INFO] Search cache: [SearchResult(search_action='search_method_in_class', search_action_input={'class_name': 'ModelBase', 'method_name': '_prepare', 'file_path': 'django/db/models/base.py'}, search_content='File Path: django/db/models/base.py \nMethod Content: \n    def _prepare(cls):\n        """Create some methods once self._meta has been populated."""\n        opts = cls._meta\n        opts._prepare(cls)\n\n        if opts.order_with_respect_to:\n            cls.get_next_in_order = partialmethod(cls._get_next_or_previous_in_order, is_next=True)\n            cls.get_previous_in_order = partialmethod(cls._get_next_or_previous_in_order, is_next=False)\n\n            # Defer creating accessors on the foreign class until it has been\n            # created and registered. If remote_field is None, we\'re ordering\n            # with respect to a GenericForeignKey and don\'t know what the\n            # foreign class is - we\'ll add those accessors later in\n            # contribute_to_class().\n            if opts.order_with_respect_to.remote_field:\n                wrt = opts.order_with_respect_to\n                remote = wrt.remote_field.model\n                lazy_related_operation(make_foreign_order_accessors, cls, remote)\n\n        # Give the class a docstring -- its definition.\n        if cls.__doc__ is None:\n            cls.__doc__ = "%s(%s)" % (cls.__name__, ", ".join(f.name for f in opts.fields))\n\n        get_absolute_url_override = settings.ABSOLUTE_URL_OVERRIDES.get(opts.label_lower)\n        if get_absolute_url_override:\n            setattr(cls, \'get_absolute_url\', get_absolute_url_override)\n\n        if not opts.managers:\n            if any(f.name == \'objects\' for f in opts.fields):\n                raise ValueError(\n                    "Model %s must specify a custom Manager, because it has a "\n                    "field named \'objects\'." % cls.__name__\n                )\n            manager = Manager()\n            manager.auto_created = True\n            cls.add_to_class(\'objects\', manager)\n\n        # Set the name of _meta.indexes. This can\'t be done in\n        # Options.contribute_to_class() because fields haven\'t been added to\n        # the model at that point.\n        for index in cls._meta.indexes:\n            if not index.name:\n                index.set_name_with_model(cls)\n\n        class_prepared.send(sender=cls)\n'), SearchResult(search_action='search_method_in_class', search_action_input={'class_name': 'Model', 'method_name': '_get_FIELD_display', 'file_path': 'django/db/models/base.py'}, search_content='File Path: django/db/models/base.py \nMethod Content: \n    def _get_FIELD_display(self, field):\n        value = getattr(self, field.attname)\n        # force_str() to coerce lazy strings.\n        return force_str(dict(field.flatchoices).get(value, value), strings_only=True)\n'), SearchResult(search_action='search_method_in_class', search_action_input={'class_name': 'ModelBase', 'method_name': '__new__', 'file_path': 'django/db/models/base.py'}, search_content='File Path: django/db/models/base.py \nMethod Content: \n    def __new__(cls, name, bases, attrs, **kwargs):\n        super_new = super().__new__\n\n        # Also ensure initialization is only performed for subclasses of Model\n        # (excluding Model class itself).\n        parents = [b for b in bases if isinstance(b, ModelBase)]\n        if not parents:\n            return super_new(cls, name, bases, attrs)\n\n        # Create the class.\n        module = attrs.pop(\'__module__\')\n        new_attrs = {\'__module__\': module}\n        classcell = attrs.pop(\'__classcell__\', None)\n        if classcell is not None:\n            new_attrs[\'__classcell__\'] = classcell\n        attr_meta = attrs.pop(\'Meta\', None)\n        # Pass all attrs without a (Django-specific) contribute_to_class()\n        # method to type.__new__() so that they\'re properly initialized\n        # (i.e. __set_name__()).\n        contributable_attrs = {}\n        for obj_name, obj in list(attrs.items()):\n            if _has_contribute_to_class(obj):\n                contributable_attrs[obj_name] = obj\n            else:\n                new_attrs[obj_name] = obj\n        new_class = super_new(cls, name, bases, new_attrs, **kwargs)\n\n        abstract = getattr(attr_meta, \'abstract\', False)\n        meta = attr_meta or getattr(new_class, \'Meta\', None)\n        base_meta = getattr(new_class, \'_meta\', None)\n\n        app_label = None\n\n        # Look for an application configuration to attach the model to.\n        app_config = apps.get_containing_app_config(module)\n\n        if getattr(meta, \'app_label\', None) is None:\n            if app_config is None:\n                if not abstract:\n                    raise RuntimeError(\n                        "Model class %s.%s doesn\'t declare an explicit "\n                        "app_label and isn\'t in an application in "\n                        "INSTALLED_APPS." % (module, name)\n                    )\n\n            else:\n                app_label = app_config.label\n\n        new_class.add_to_class(\'_meta\', Options(meta, app_label))\n        if not abstract:\n            new_class.add_to_class(\n                \'DoesNotExist\',\n                subclass_exception(\n                    \'DoesNotExist\',\n                    tuple(\n                        x.DoesNotExist for x in parents if hasattr(x, \'_meta\') and not x._meta.abstract\n                    ) or (ObjectDoesNotExist,),\n                    module,\n                    attached_to=new_class))\n            new_class.add_to_class(\n                \'MultipleObjectsReturned\',\n                subclass_exception(\n                    \'MultipleObjectsReturned\',\n                    tuple(\n                        x.MultipleObjectsReturned for x in parents if hasattr(x, \'_meta\') and not x._meta.abstract\n                    ) or (MultipleObjectsReturned,),\n                    module,\n                    attached_to=new_class))\n            if base_meta and not base_meta.abstract:\n                # Non-abstract child classes inherit some attributes from their\n                # non-abstract parent (unless an ABC comes before it in the\n                # method resolution order).\n                if not hasattr(meta, \'ordering\'):\n                    new_class._meta.ordering = base_meta.ordering\n                if not hasattr(meta, \'get_latest_by\'):\n                    new_class._meta.get_latest_by = base_meta.get_latest_by\n\n        is_proxy = new_class._meta.proxy\n\n        # If the model is a proxy, ensure that the base class\n        # hasn\'t been swapped out.\n        if is_proxy and base_meta and base_meta.swapped:\n            raise TypeError("%s cannot proxy the swapped model \'%s\'." % (name, base_meta.swapped))\n\n        # Add remaining attributes (those with a contribute_to_class() method)\n        # to the class.\n        for obj_name, obj in contributable_attrs.items():\n            new_class.add_to_class(obj_name, obj)\n\n        # All the fields of any type declared on this model\n        new_fields = chain(\n            new_class._meta.local_fields,\n            new_class._meta.local_many_to_many,\n            new_class._meta.private_fields\n        )\n        field_names = {f.name for f in new_fields}\n\n        # Basic setup for proxy models.\n        if is_proxy:\n            base = None\n            for parent in [kls for kls in parents if hasattr(kls, \'_meta\')]:\n                if parent._meta.abstract:\n                    if parent._meta.fields:\n                        raise TypeError(\n                            "Abstract base class containing model fields not "\n                            "permitted for proxy model \'%s\'." % name\n                        )\n                    else:\n                        continue\n                if base is None:\n                    base = parent\n                elif parent._meta.concrete_model is not base._meta.concrete_model:\n                    raise TypeError("Proxy model \'%s\' has more than one non-abstract model base class." % name)\n            if base is None:\n                raise TypeError("Proxy model \'%s\' has no non-abstract model base class." % name)\n            new_class._meta.setup_proxy(base)\n            new_class._meta.concrete_model = base._meta.concrete_model\n        else:\n            new_class._meta.concrete_model = new_class\n\n        # Collect the parent links for multi-table inheritance.\n        parent_links = {}\n        for base in reversed([new_class] + parents):\n            # Conceptually equivalent to `if base is Model`.\n            if not hasattr(base, \'_meta\'):\n                continue\n            # Skip concrete parent classes.\n            if base != new_class and not base._meta.abstract:\n                continue\n            # Locate OneToOneField instances.\n            for field in base._meta.local_fields:\n                if isinstance(field, OneToOneField):\n                    related = resolve_relation(new_class, field.remote_field.model)\n                    parent_links[make_model_tuple(related)] = field\n\n        # Track fields inherited from base models.\n        inherited_attributes = set()\n        # Do the appropriate setup for any model parents.\n        for base in new_class.mro():\n            if base not in parents or not hasattr(base, \'_meta\'):\n                # Things without _meta aren\'t functional models, so they\'re\n                # uninteresting parents.\n                inherited_attributes.update(base.__dict__)\n                continue\n\n            parent_fields = base._meta.local_fields + base._meta.local_many_to_many\n            if not base._meta.abstract:\n                # Check for clashes between locally declared fields and those\n                # on the base classes.\n                for field in parent_fields:\n                    if field.name in field_names:\n                        raise FieldError(\n                            \'Local field %r in class %r clashes with field of \'\n                            \'the same name from base class %r.\' % (\n                                field.name,\n                                name,\n                                base.__name__,\n                            )\n                        )\n                    else:\n                        inherited_attributes.add(field.name)\n\n                # Concrete classes...\n                base = base._meta.concrete_model\n                base_key = make_model_tuple(base)\n                if base_key in parent_links:\n                    field = parent_links[base_key]\n                elif not is_proxy:\n                    attr_name = \'%s_ptr\' % base._meta.model_name\n                    field = OneToOneField(\n                        base,\n                        on_delete=CASCADE,\n                        name=attr_name,\n                        auto_created=True,\n                        parent_link=True,\n                    )\n\n                    if attr_name in field_names:\n                        raise FieldError(\n                            "Auto-generated field \'%s\' in class %r for "\n                            "parent_link to base class %r clashes with "\n                            "declared field of the same name." % (\n                                attr_name,\n                                name,\n                                base.__name__,\n                            )\n                        )\n\n                    # Only add the ptr field if it\'s not already present;\n                    # e.g. migrations will already have it specified\n                    if not hasattr(new_class, attr_name):\n                        new_class.add_to_class(attr_name, field)\n                else:\n                    field = None\n                new_class._meta.parents[base] = field\n            else:\n                base_parents = base._meta.parents.copy()\n\n                # Add fields from abstract base class if it wasn\'t overridden.\n                for field in parent_fields:\n                    if (field.name not in field_names and\n                            field.name not in new_class.__dict__ and\n                            field.name not in inherited_attributes):\n                        new_field = copy.deepcopy(field)\n                        new_class.add_to_class(field.name, new_field)\n                        # Replace parent links defined on this base by the new\n                        # field. It will be appropriately resolved if required.\n                        if field.one_to_one:\n                            for parent, parent_link in base_parents.items():\n                                if field == parent_link:\n                                    base_parents[parent] = new_field\n\n                # Pass any non-abstract parent classes onto child.\n                new_class._meta.parents.update(base_parents)\n\n            # Inherit private fields (like GenericForeignKey) from the parent\n            # class\n            for field in base._meta.private_fields:\n                if field.name in field_names:\n                    if not base._meta.abstract:\n                        raise FieldError(\n                            \'Local field %r in class %r clashes with field of \'\n                            \'the same name from base class %r.\' % (\n                                field.name,\n                                name,\n                                base.__name__,\n                            )\n                        )\n                else:\n                    field = copy.deepcopy(field)\n                    if not base._meta.abstract:\n                        field.mti_inherited = True\n                    new_class.add_to_class(field.name, field)\n\n        # Copy indexes so that index names are unique when models extend an\n        # abstract model.\n        new_class._meta.indexes = [copy.deepcopy(idx) for idx in new_class._meta.indexes]\n\n        if abstract:\n            # Abstract base models can\'t be instantiated and don\'t appear in\n            # the list of models for an app. We do the final setup for them a\n            # little differently from normal models.\n            attr_meta.abstract = False\n            new_class.Meta = attr_meta\n            return new_class\n\n        new_class._prepare()\n        new_class._meta.apps.register_model(new_class._meta.app_label, new_class)\n        return new_class\n')]
[2026-07-29 14:42:24,692 - Orcar.search_agent - INFO] in_token_cnt=6024 out_token_cnt=283
[2026-07-29 14:42:24,693 - Orcar.search_agent - INFO] Chat response: assistant: {
  "observation_feedback": "The regression still appears to be in `django/db/models/base.py`, where model construction decides which attributes and generated helpers land on the final class. `ModelBase.__new__()` is the likely entry point because it splits class attributes into regular attrs vs. contributable attrs, then calls `_prepare()` after fields are attached. Since `Model._get_FIELD_display()` is only the shared fallback implementation, the most likely bug is that the auto-generated `get_FIELD_display()` helper is being installed in a way that overrides a user-defined method during class setup.",
  "potential_bug_locations": [
    {
      "file_path": "django/db/models/base.py",
      "class_name": "ModelBase",
      "method_name": "__new__"
    },
    {
      "file_path": "django/db/models/base.py",
      "class_name": "ModelBase",
      "method_name": "_prepare"
    },
    {
      "file_path": "django/db/models/base.py",
      "class_name": "Model",
      "method_name": "_get_FIELD_display"
    }
  ],
  "new_search_actions": [
    {
      "action": "search_callable",
      "action_input": {
        "query_name": "_has_contribute_to_class",
        "file_path": "django/db/models/base.py"
      }
    }
  ]
}
[2026-07-29 14:42:24,693 - action_history - DEBUG] Action history: 
 SearchActionHistory(
  Search Action: search_class
Search Action Input: {'class_name': 'ModelBase', 'file_path': 'django/db/models/base.py'}: 1
  Search Action: search_method_in_class
Search Action Input: {'class_name': 'ModelBase', 'method_name': '__new__', 'file_path': 'django/db/models/base.py'}: 2
  Search Action: search_method_in_class
Search Action Input: {'class_name': 'Model', 'method_name': '_get_FIELD_display', 'file_path': 'django/db/models/base.py'}: 3
  Search Action: search_method_in_class
Search Action Input: {'class_name': 'ModelBase', 'method_name': '_prepare', 'file_path': 'django/db/models/base.py'}: 4
  Search Action: search_file_contents
Search Action Input: {'file_name': 'base.py', 'directory_path': 'django/db/models'}: 4
  Search Action: search_file_contents
Search Action Input: {'file_name': 'fields.py', 'directory_path': 'django/db/models'}: 2
  Search Action: search_callable
Search Action Input: {'query_name': '_has_contribute_to_class', 'file_path': 'django/db/models/base.py'}: 3
)
[2026-07-29 14:42:24,693 - Orcar.search_agent - INFO] Current search queue size: 1
[2026-07-29 14:42:25,721 - Orcar.search_agent - INFO] Is early stop: False similarity: True
[2026-07-29 14:42:25,722 - Orcar.search_agent - INFO] Is complete: False
[2026-07-29 14:42:25,722 - search_queue - DEBUG] search queue: 
 SearchQueue(
  Value: 3, Action: Search Action: search_callable
Search Action Input: {'query_name': '_has_contribute_to_class', 'file_path': 'django/db/models/base.py'}
)
[2026-07-29 14:42:25,763 - Orcar.search_agent - DEBUG] Search content: [ChatMessage(role=<MessageRole.USER: 'user'>, additional_kwargs={}, blocks=[TextBlock(block_type='text', text="Please provide observation feedback and new_search_actions on the search results below. \n<New Info>\n\n            Search Action: search_callable\n\n            Search Action Input: {'query_name': '_has_contribute_to_class', 'file_path': 'django/db/models/base.py'}\n\n            File Path: django/db/models/base.py \nQuery Type: function \nCode Snippet: \ndef _has_contribute_to_class(value):\n    # Only call contribute_to_class() if it's bound.\n    return not inspect.isclass(value) and hasattr(value, 'contribute_to_class')\n\n</New Info>\n")])]
[2026-07-29 14:42:25,764 - Orcar.search_agent - INFO] Search cache: [SearchResult(search_action='search_method_in_class', search_action_input={'class_name': 'ModelBase', 'method_name': '__new__', 'file_path': 'django/db/models/base.py'}, search_content='File Path: django/db/models/base.py \nMethod Content: \n    def __new__(cls, name, bases, attrs, **kwargs):\n        super_new = super().__new__\n\n        # Also ensure initialization is only performed for subclasses of Model\n        # (excluding Model class itself).\n        parents = [b for b in bases if isinstance(b, ModelBase)]\n        if not parents:\n            return super_new(cls, name, bases, attrs)\n\n        # Create the class.\n        module = attrs.pop(\'__module__\')\n        new_attrs = {\'__module__\': module}\n        classcell = attrs.pop(\'__classcell__\', None)\n        if classcell is not None:\n            new_attrs[\'__classcell__\'] = classcell\n        attr_meta = attrs.pop(\'Meta\', None)\n        # Pass all attrs without a (Django-specific) contribute_to_class()\n        # method to type.__new__() so that they\'re properly initialized\n        # (i.e. __set_name__()).\n        contributable_attrs = {}\n        for obj_name, obj in list(attrs.items()):\n            if _has_contribute_to_class(obj):\n                contributable_attrs[obj_name] = obj\n            else:\n                new_attrs[obj_name] = obj\n        new_class = super_new(cls, name, bases, new_attrs, **kwargs)\n\n        abstract = getattr(attr_meta, \'abstract\', False)\n        meta = attr_meta or getattr(new_class, \'Meta\', None)\n        base_meta = getattr(new_class, \'_meta\', None)\n\n        app_label = None\n\n        # Look for an application configuration to attach the model to.\n        app_config = apps.get_containing_app_config(module)\n\n        if getattr(meta, \'app_label\', None) is None:\n            if app_config is None:\n                if not abstract:\n                    raise RuntimeError(\n                        "Model class %s.%s doesn\'t declare an explicit "\n                        "app_label and isn\'t in an application in "\n                        "INSTALLED_APPS." % (module, name)\n                    )\n\n            else:\n                app_label = app_config.label\n\n        new_class.add_to_class(\'_meta\', Options(meta, app_label))\n        if not abstract:\n            new_class.add_to_class(\n                \'DoesNotExist\',\n                subclass_exception(\n                    \'DoesNotExist\',\n                    tuple(\n                        x.DoesNotExist for x in parents if hasattr(x, \'_meta\') and not x._meta.abstract\n                    ) or (ObjectDoesNotExist,),\n                    module,\n                    attached_to=new_class))\n            new_class.add_to_class(\n                \'MultipleObjectsReturned\',\n                subclass_exception(\n                    \'MultipleObjectsReturned\',\n                    tuple(\n                        x.MultipleObjectsReturned for x in parents if hasattr(x, \'_meta\') and not x._meta.abstract\n                    ) or (MultipleObjectsReturned,),\n                    module,\n                    attached_to=new_class))\n            if base_meta and not base_meta.abstract:\n                # Non-abstract child classes inherit some attributes from their\n                # non-abstract parent (unless an ABC comes before it in the\n                # method resolution order).\n                if not hasattr(meta, \'ordering\'):\n                    new_class._meta.ordering = base_meta.ordering\n                if not hasattr(meta, \'get_latest_by\'):\n                    new_class._meta.get_latest_by = base_meta.get_latest_by\n\n        is_proxy = new_class._meta.proxy\n\n        # If the model is a proxy, ensure that the base class\n        # hasn\'t been swapped out.\n        if is_proxy and base_meta and base_meta.swapped:\n            raise TypeError("%s cannot proxy the swapped model \'%s\'." % (name, base_meta.swapped))\n\n        # Add remaining attributes (those with a contribute_to_class() method)\n        # to the class.\n        for obj_name, obj in contributable_attrs.items():\n            new_class.add_to_class(obj_name, obj)\n\n        # All the fields of any type declared on this model\n        new_fields = chain(\n            new_class._meta.local_fields,\n            new_class._meta.local_many_to_many,\n            new_class._meta.private_fields\n        )\n        field_names = {f.name for f in new_fields}\n\n        # Basic setup for proxy models.\n        if is_proxy:\n            base = None\n            for parent in [kls for kls in parents if hasattr(kls, \'_meta\')]:\n                if parent._meta.abstract:\n                    if parent._meta.fields:\n                        raise TypeError(\n                            "Abstract base class containing model fields not "\n                            "permitted for proxy model \'%s\'." % name\n                        )\n                    else:\n                        continue\n                if base is None:\n                    base = parent\n                elif parent._meta.concrete_model is not base._meta.concrete_model:\n                    raise TypeError("Proxy model \'%s\' has more than one non-abstract model base class." % name)\n            if base is None:\n                raise TypeError("Proxy model \'%s\' has no non-abstract model base class." % name)\n            new_class._meta.setup_proxy(base)\n            new_class._meta.concrete_model = base._meta.concrete_model\n        else:\n            new_class._meta.concrete_model = new_class\n\n        # Collect the parent links for multi-table inheritance.\n        parent_links = {}\n        for base in reversed([new_class] + parents):\n            # Conceptually equivalent to `if base is Model`.\n            if not hasattr(base, \'_meta\'):\n                continue\n            # Skip concrete parent classes.\n            if base != new_class and not base._meta.abstract:\n                continue\n            # Locate OneToOneField instances.\n            for field in base._meta.local_fields:\n                if isinstance(field, OneToOneField):\n                    related = resolve_relation(new_class, field.remote_field.model)\n                    parent_links[make_model_tuple(related)] = field\n\n        # Track fields inherited from base models.\n        inherited_attributes = set()\n        # Do the appropriate setup for any model parents.\n        for base in new_class.mro():\n            if base not in parents or not hasattr(base, \'_meta\'):\n                # Things without _meta aren\'t functional models, so they\'re\n                # uninteresting parents.\n                inherited_attributes.update(base.__dict__)\n                continue\n\n            parent_fields = base._meta.local_fields + base._meta.local_many_to_many\n            if not base._meta.abstract:\n                # Check for clashes between locally declared fields and those\n                # on the base classes.\n                for field in parent_fields:\n                    if field.name in field_names:\n                        raise FieldError(\n                            \'Local field %r in class %r clashes with field of \'\n                            \'the same name from base class %r.\' % (\n                                field.name,\n                                name,\n                                base.__name__,\n                            )\n                        )\n                    else:\n                        inherited_attributes.add(field.name)\n\n                # Concrete classes...\n                base = base._meta.concrete_model\n                base_key = make_model_tuple(base)\n                if base_key in parent_links:\n                    field = parent_links[base_key]\n                elif not is_proxy:\n                    attr_name = \'%s_ptr\' % base._meta.model_name\n                    field = OneToOneField(\n                        base,\n                        on_delete=CASCADE,\n                        name=attr_name,\n                        auto_created=True,\n                        parent_link=True,\n                    )\n\n                    if attr_name in field_names:\n                        raise FieldError(\n                            "Auto-generated field \'%s\' in class %r for "\n                            "parent_link to base class %r clashes with "\n                            "declared field of the same name." % (\n                                attr_name,\n                                name,\n                                base.__name__,\n                            )\n                        )\n\n                    # Only add the ptr field if it\'s not already present;\n                    # e.g. migrations will already have it specified\n                    if not hasattr(new_class, attr_name):\n                        new_class.add_to_class(attr_name, field)\n                else:\n                    field = None\n                new_class._meta.parents[base] = field\n            else:\n                base_parents = base._meta.parents.copy()\n\n                # Add fields from abstract base class if it wasn\'t overridden.\n                for field in parent_fields:\n                    if (field.name not in field_names and\n                            field.name not in new_class.__dict__ and\n                            field.name not in inherited_attributes):\n                        new_field = copy.deepcopy(field)\n                        new_class.add_to_class(field.name, new_field)\n                        # Replace parent links defined on this base by the new\n                        # field. It will be appropriately resolved if required.\n                        if field.one_to_one:\n                            for parent, parent_link in base_parents.items():\n                                if field == parent_link:\n                                    base_parents[parent] = new_field\n\n                # Pass any non-abstract parent classes onto child.\n                new_class._meta.parents.update(base_parents)\n\n            # Inherit private fields (like GenericForeignKey) from the parent\n            # class\n            for field in base._meta.private_fields:\n                if field.name in field_names:\n                    if not base._meta.abstract:\n                        raise FieldError(\n                            \'Local field %r in class %r clashes with field of \'\n                            \'the same name from base class %r.\' % (\n                                field.name,\n                                name,\n                                base.__name__,\n                            )\n                        )\n                else:\n                    field = copy.deepcopy(field)\n                    if not base._meta.abstract:\n                        field.mti_inherited = True\n                    new_class.add_to_class(field.name, field)\n\n        # Copy indexes so that index names are unique when models extend an\n        # abstract model.\n        new_class._meta.indexes = [copy.deepcopy(idx) for idx in new_class._meta.indexes]\n\n        if abstract:\n            # Abstract base models can\'t be instantiated and don\'t appear in\n            # the list of models for an app. We do the final setup for them a\n            # little differently from normal models.\n            attr_meta.abstract = False\n            new_class.Meta = attr_meta\n            return new_class\n\n        new_class._prepare()\n        new_class._meta.apps.register_model(new_class._meta.app_label, new_class)\n        return new_class\n'), SearchResult(search_action='search_method_in_class', search_action_input={'class_name': 'ModelBase', 'method_name': '_prepare', 'file_path': 'django/db/models/base.py'}, search_content='File Path: django/db/models/base.py \nMethod Content: \n    def _prepare(cls):\n        """Create some methods once self._meta has been populated."""\n        opts = cls._meta\n        opts._prepare(cls)\n\n        if opts.order_with_respect_to:\n            cls.get_next_in_order = partialmethod(cls._get_next_or_previous_in_order, is_next=True)\n            cls.get_previous_in_order = partialmethod(cls._get_next_or_previous_in_order, is_next=False)\n\n            # Defer creating accessors on the foreign class until it has been\n            # created and registered. If remote_field is None, we\'re ordering\n            # with respect to a GenericForeignKey and don\'t know what the\n            # foreign class is - we\'ll add those accessors later in\n            # contribute_to_class().\n            if opts.order_with_respect_to.remote_field:\n                wrt = opts.order_with_respect_to\n                remote = wrt.remote_field.model\n                lazy_related_operation(make_foreign_order_accessors, cls, remote)\n\n        # Give the class a docstring -- its definition.\n        if cls.__doc__ is None:\n            cls.__doc__ = "%s(%s)" % (cls.__name__, ", ".join(f.name for f in opts.fields))\n\n        get_absolute_url_override = settings.ABSOLUTE_URL_OVERRIDES.get(opts.label_lower)\n        if get_absolute_url_override:\n            setattr(cls, \'get_absolute_url\', get_absolute_url_override)\n\n        if not opts.managers:\n            if any(f.name == \'objects\' for f in opts.fields):\n                raise ValueError(\n                    "Model %s must specify a custom Manager, because it has a "\n                    "field named \'objects\'." % cls.__name__\n                )\n            manager = Manager()\n            manager.auto_created = True\n            cls.add_to_class(\'objects\', manager)\n\n        # Set the name of _meta.indexes. This can\'t be done in\n        # Options.contribute_to_class() because fields haven\'t been added to\n        # the model at that point.\n        for index in cls._meta.indexes:\n            if not index.name:\n                index.set_name_with_model(cls)\n\n        class_prepared.send(sender=cls)\n'), SearchResult(search_action='search_method_in_class', search_action_input={'class_name': 'Model', 'method_name': '_get_FIELD_display', 'file_path': 'django/db/models/base.py'}, search_content='File Path: django/db/models/base.py \nMethod Content: \n    def _get_FIELD_display(self, field):\n        value = getattr(self, field.attname)\n        # force_str() to coerce lazy strings.\n        return force_str(dict(field.flatchoices).get(value, value), strings_only=True)\n'), SearchResult(search_action='search_callable', search_action_input={'query_name': '_has_contribute_to_class', 'file_path': 'django/db/models/base.py'}, search_content="File Path: django/db/models/base.py \nQuery Type: function \nCode Snippet: \ndef _has_contribute_to_class(value):\n    # Only call contribute_to_class() if it's bound.\n    return not inspect.isclass(value) and hasattr(value, 'contribute_to_class')\n")]
[2026-07-29 14:42:47,727 - Orcar.search_agent - INFO] in_token_cnt=6262 out_token_cnt=351
[2026-07-29 14:42:47,727 - Orcar.search_agent - INFO] Chat response: assistant: {"action":"search_callable","action_input":{"query_name":"contribute_to_class","file_path":"django/db/models/fields/__init__.py"}}{
  "observation_feedback": "The current evidence shifts the likely regression point away from `Model._get_FIELD_display()` and toward field contribution during model class construction. `ModelBase.__new__()` treats fields as contributable attributes and adds them after the class body is created, so the auto-generated `get_FIELD_display()` helper is likely being attached there or in field setup in a way that now overwrites a user-defined override in Django 2.2+.",
  "potential_bug_locations": [
    {
      "file_path": "django/db/models/base.py",
      "class_name": "ModelBase",
      "method_name": "__new__"
    },
    {
      "file_path": "django/db/models/base.py",
      "class_name": "ModelBase",
      "method_name": "_prepare"
    },
    {
      "file_path": "django/db/models/fields/__init__.py",
      "class_name": "Field",
      "method_name": "contribute_to_class"
    }
  ],
  "new_search_actions": [
    {
      "action": "search_class",
      "action_input": {
        "class_name": "Field",
        "file_path": "django/db/models/fields/__init__.py"
      }
    },
    {
      "action": "search_method_in_class",
      "action_input": {
        "class_name": "Field",
        "method_name": "contribute_to_class",
        "file_path": "django/db/models/fields/__init__.py"
      }
    }
  ]
}
[2026-07-29 14:42:47,728 - action_history - DEBUG] Action history: 
 SearchActionHistory(
  Search Action: search_class
Search Action Input: {'class_name': 'ModelBase', 'file_path': 'django/db/models/base.py'}: 1
  Search Action: search_method_in_class
Search Action Input: {'class_name': 'ModelBase', 'method_name': '__new__', 'file_path': 'django/db/models/base.py'}: 2
  Search Action: search_method_in_class
Search Action Input: {'class_name': 'Model', 'method_name': '_get_FIELD_display', 'file_path': 'django/db/models/base.py'}: 3
  Search Action: search_method_in_class
Search Action Input: {'class_name': 'ModelBase', 'method_name': '_prepare', 'file_path': 'django/db/models/base.py'}: 4
  Search Action: search_file_contents
Search Action Input: {'file_name': 'base.py', 'directory_path': 'django/db/models'}: 4
  Search Action: search_file_contents
Search Action Input: {'file_name': 'fields.py', 'directory_path': 'django/db/models'}: 2
  Search Action: search_callable
Search Action Input: {'query_name': '_has_contribute_to_class', 'file_path': 'django/db/models/base.py'}: 3
  Search Action: search_class
Search Action Input: {'class_name': 'Field', 'file_path': 'django/db/models/fields/__init__.py'}: 1
  Search Action: search_method_in_class
Search Action Input: {'class_name': 'Field', 'method_name': 'contribute_to_class', 'file_path': 'django/db/models/fields/__init__.py'}: 1
)
[2026-07-29 14:42:47,728 - Orcar.search_agent - INFO] Current search queue size: 2
[2026-07-29 14:42:48,684 - Orcar.search_agent - INFO] Is early stop: False similarity: True
[2026-07-29 14:42:48,685 - Orcar.search_agent - INFO] Is complete: False
[2026-07-29 14:42:48,685 - search_queue - DEBUG] search queue: 
 SearchQueue(
  Value: 1, Action: Search Action: search_class
Search Action Input: {'class_name': 'Field', 'file_path': 'django/db/models/fields/__init__.py'}
  Value: 1, Action: Search Action: search_method_in_class
Search Action Input: {'class_name': 'Field', 'method_name': 'contribute_to_class', 'file_path': 'django/db/models/fields/__init__.py'}
)
[2026-07-29 14:42:48,732 - Orcar.search_agent - INFO] Class methods number: 60
[2026-07-29 14:42:48,733 - Orcar.formatter - INFO] Found tokenizer for model 'gpt-5.4-mini'
[2026-07-29 14:43:28,316 - Orcar.code_scorer - INFO] Total batch chat time: 39.58s
[2026-07-29 14:43:28,316 - Orcar.code_scorer - INFO] in_token_cnt=296 out_token_cnt=1
[2026-07-29 14:43:28,316 - Orcar.code_scorer - INFO] in_token_cnt=706 out_token_cnt=1
[2026-07-29 14:43:28,316 - Orcar.code_scorer - INFO] in_token_cnt=344 out_token_cnt=1
[2026-07-29 14:43:28,317 - Orcar.code_scorer - INFO] in_token_cnt=349 out_token_cnt=1
[2026-07-29 14:43:28,317 - Orcar.code_scorer - INFO] in_token_cnt=338 out_token_cnt=1
[2026-07-29 14:43:28,317 - Orcar.code_scorer - INFO] in_token_cnt=458 out_token_cnt=1
[2026-07-29 14:43:28,317 - Orcar.code_scorer - INFO] in_token_cnt=720 out_token_cnt=1
[2026-07-29 14:43:28,317 - Orcar.code_scorer - INFO] in_token_cnt=286 out_token_cnt=1
[2026-07-29 14:43:28,317 - Orcar.code_scorer - INFO] in_token_cnt=326 out_token_cnt=1
[2026-07-29 14:43:28,317 - Orcar.code_scorer - INFO] in_token_cnt=395 out_token_cnt=1
[2026-07-29 14:43:28,317 - Orcar.code_scorer - INFO] in_token_cnt=329 out_token_cnt=1
[2026-07-29 14:43:28,317 - Orcar.code_scorer - INFO] in_token_cnt=371 out_token_cnt=1
[2026-07-29 14:43:28,318 - Orcar.code_scorer - INFO] in_token_cnt=451 out_token_cnt=1
[2026-07-29 14:43:28,318 - Orcar.code_scorer - INFO] in_token_cnt=333 out_token_cnt=1
[2026-07-29 14:43:28,318 - Orcar.code_scorer - INFO] in_token_cnt=291 out_token_cnt=1
[2026-07-29 14:43:28,318 - Orcar.code_scorer - INFO] in_token_cnt=325 out_token_cnt=1
[2026-07-29 14:43:28,318 - Orcar.code_scorer - INFO] in_token_cnt=1048 out_token_cnt=1
[2026-07-29 14:43:28,318 - Orcar.code_scorer - INFO] in_token_cnt=321 out_token_cnt=1
[2026-07-29 14:43:28,318 - Orcar.code_scorer - INFO] in_token_cnt=303 out_token_cnt=1
[2026-07-29 14:43:28,318 - Orcar.code_scorer - INFO] in_token_cnt=309 out_token_cnt=1
[2026-07-29 14:43:28,318 - Orcar.code_scorer - INFO] in_token_cnt=277 out_token_cnt=1
[2026-07-29 14:43:28,318 - Orcar.code_scorer - INFO] in_token_cnt=366 out_token_cnt=1
[2026-07-29 14:43:28,318 - Orcar.code_scorer - INFO] in_token_cnt=322 out_token_cnt=1
[2026-07-29 14:43:28,318 - Orcar.code_scorer - INFO] in_token_cnt=475 out_token_cnt=1
[2026-07-29 14:43:28,319 - Orcar.code_scorer - INFO] in_token_cnt=344 out_token_cnt=1
[2026-07-29 14:43:28,319 - Orcar.code_scorer - INFO] in_token_cnt=318 out_token_cnt=1
[2026-07-29 14:43:28,319 - Orcar.code_scorer - INFO] in_token_cnt=310 out_token_cnt=1
[2026-07-29 14:43:28,319 - Orcar.code_scorer - INFO] in_token_cnt=353 out_token_cnt=1
[2026-07-29 14:43:28,319 - Orcar.code_scorer - INFO] in_token_cnt=492 out_token_cnt=1
[2026-07-29 14:43:28,319 - Orcar.code_scorer - INFO] in_token_cnt=340 out_token_cnt=1
[2026-07-29 14:43:28,319 - Orcar.code_scorer - INFO] in_token_cnt=289 out_token_cnt=1
[2026-07-29 14:43:28,319 - Orcar.code_scorer - INFO] in_token_cnt=357 out_token_cnt=1
[2026-07-29 14:43:28,319 - Orcar.code_scorer - INFO] in_token_cnt=524 out_token_cnt=1
[2026-07-29 14:43:28,319 - Orcar.code_scorer - INFO] in_token_cnt=324 out_token_cnt=1
[2026-07-29 14:43:28,319 - Orcar.code_scorer - INFO] in_token_cnt=324 out_token_cnt=1
[2026-07-29 14:43:28,319 - Orcar.code_scorer - INFO] in_token_cnt=349 out_token_cnt=1
[2026-07-29 14:43:28,319 - Orcar.code_scorer - INFO] in_token_cnt=284 out_token_cnt=1
[2026-07-29 14:43:28,320 - Orcar.code_scorer - INFO] in_token_cnt=294 out_token_cnt=1
[2026-07-29 14:43:28,320 - Orcar.code_scorer - INFO] in_token_cnt=278 out_token_cnt=1
[2026-07-29 14:43:28,320 - Orcar.code_scorer - INFO] in_token_cnt=284 out_token_cnt=1
[2026-07-29 14:43:28,320 - Orcar.code_scorer - INFO] in_token_cnt=306 out_token_cnt=1
[2026-07-29 14:43:28,320 - Orcar.code_scorer - INFO] in_token_cnt=331 out_token_cnt=1
[2026-07-29 14:43:28,320 - Orcar.code_scorer - INFO] in_token_cnt=466 out_token_cnt=1
[2026-07-29 14:43:28,320 - Orcar.code_scorer - INFO] in_token_cnt=322 out_token_cnt=1
[2026-07-29 14:43:28,320 - Orcar.code_scorer - INFO] in_token_cnt=275 out_token_cnt=1
[2026-07-29 14:43:28,320 - Orcar.code_scorer - INFO] in_token_cnt=297 out_token_cnt=1
[2026-07-29 14:43:28,320 - Orcar.code_scorer - INFO] in_token_cnt=278 out_token_cnt=1
[2026-07-29 14:43:28,320 - Orcar.code_scorer - INFO] in_token_cnt=294 out_token_cnt=1
[2026-07-29 14:43:28,320 - Orcar.code_scorer - INFO] in_token_cnt=305 out_token_cnt=1
[2026-07-29 14:43:28,321 - Orcar.code_scorer - INFO] in_token_cnt=328 out_token_cnt=1
[2026-07-29 14:43:28,321 - Orcar.code_scorer - INFO] in_token_cnt=306 out_token_cnt=1
[2026-07-29 14:43:28,321 - Orcar.code_scorer - INFO] in_token_cnt=294 out_token_cnt=1
[2026-07-29 14:43:28,321 - Orcar.code_scorer - INFO] in_token_cnt=286 out_token_cnt=1
[2026-07-29 14:43:28,321 - Orcar.code_scorer - INFO] in_token_cnt=331 out_token_cnt=1
[2026-07-29 14:43:28,321 - Orcar.code_scorer - INFO] in_token_cnt=498 out_token_cnt=1
[2026-07-29 14:43:28,321 - Orcar.code_scorer - INFO] in_token_cnt=307 out_token_cnt=1
[2026-07-29 14:43:28,321 - Orcar.code_scorer - INFO] in_token_cnt=337 out_token_cnt=1
[2026-07-29 14:43:28,321 - Orcar.code_scorer - INFO] in_token_cnt=283 out_token_cnt=1
[2026-07-29 14:43:28,321 - Orcar.code_scorer - INFO] in_token_cnt=608 out_token_cnt=1
[2026-07-29 14:43:28,321 - Orcar.code_scorer - INFO] in_token_cnt=295 out_token_cnt=1
[2026-07-29 14:43:28,322 - action_history - INFO] Top class methods: [SearchActionStep(search_action='search_method_in_class', search_action_input={'class_name': 'Field', 'method_name': 'contribute_to_class', 'file_path': 'django/db/models/fields/__init__.py'}), SearchActionStep(search_action='search_method_in_class', search_action_input={'class_name': 'Field', 'method_name': 'formfield', 'file_path': 'django/db/models/fields/__init__.py'})]
[2026-07-29 14:43:28,326 - Orcar.search_agent - INFO] File search: django/db/models/fields/__init__.py
[2026-07-29 14:43:28,357 - Orcar.search_agent - DEBUG] Search content: [ChatMessage(role=<MessageRole.USER: 'user'>, additional_kwargs={}, blocks=[TextBlock(block_type='text', text='Please provide observation feedback and new_search_actions on the search results below. \n<New Info>\n\n            Search Action: search_class\n\n            Search Action Input: {\'class_name\': \'Field\', \'file_path\': \'django/db/models/fields/__init__.py\'}\n\n            File Path: django/db/models/fields/__init__.py \nClass Skeleton: \nClass Signature: Field\nDocstring: Base class for all field types\n\nMethod: _description\nMethod Signature: _description(self)\nDocstring: None\n\nMethod: __init__\nMethod Signature: __init__(self, verbose_name, name, primary_key, max_length, unique, blank, null, db_index, rel, default, editable, serialize, unique_for_date, unique_for_month, unique_for_year, choices, help_text, db_column, db_tablespace, auto_created, validators, error_messages)\nDocstring: None\n\nMethod: __str__\nMethod Signature: __str__(self)\nDocstring: Return "app_label.model_label.field_name" for fields attached to\nmodels.\n\nMethod: __repr__\nMethod Signature: __repr__(self)\nDocstring: Display the module, class, and name of the field.\n\nMethod: check\nMethod Signature: check(self)\nDocstring: None\n\nMethod: _check_field_name\nMethod Signature: _check_field_name(self)\nDocstring: Check if field name is valid, i.e. 1) does not end with an\nunderscore, 2) does not contain "__" and 3) is not "pk".\n\nMethod: _check_choices\nMethod Signature: _check_choices(self)\nDocstring: None\n\nMethod: is_value\nMethod Signature: is_value(value)\nDocstring: None\n\nMethod: _check_db_index\nMethod Signature: _check_db_index(self)\nDocstring: None\n\nMethod: _check_null_allowed_for_primary_keys\nMethod Signature: _check_null_allowed_for_primary_keys(self)\nDocstring: None\n\nMethod: _check_backend_specific_checks\nMethod Signature: _check_backend_specific_checks(self)\nDocstring: None\n\nMethod: _check_validators\nMethod Signature: _check_validators(self)\nDocstring: None\n\nMethod: _check_deprecation_details\nMethod Signature: _check_deprecation_details(self)\nDocstring: None\n\nMethod: get_col\nMethod Signature: get_col(self, alias, output_field)\nDocstring: None\n\nMethod: cached_col\nMethod Signature: cached_col(self)\nDocstring: None\n\nMethod: select_format\nMethod Signature: select_format(self, compiler, sql, params)\nDocstring: Custom format for select clauses. For example, GIS columns need to be\nselected as AsText(table.col) on MySQL as the table.col data can\'t be\nused by Django.\n\nMethod: deconstruct\nMethod Signature: deconstruct(self)\nDocstring: Return enough information to recreate the field as a 4-tuple:\n\n * The name of the field on the model, if contribute_to_class() has\n   been run.\n * The import path of the field, including the class:e.g.\n   django.db.models.IntegerField This should be the most portable\n   version, so less specific may be better.\n * A list of positional arguments.\n * A dict of keyword arguments.\n\nNote that the positional or keyword arguments must contain values of\nthe following types (including inner values of collection types):\n\n * None, bool, str, int, float, complex, set, frozenset, list, tuple,\n   dict\n * UUID\n * datetime.datetime (naive), datetime.date\n * top-level classes, top-level functions - will be referenced by their\n   full import path\n * Storage instances - these have their own deconstruct() method\n\nThis is because the values here must be serialized into a text format\n(possibly new Python code, possibly JSON) and these are the only types\nwith encoding handlers defined.\n\nThere\'s no need to return the exact way the field was instantiated this\ntime, just ensure that the resulting field is the same - prefer keyword\narguments over positional ones, and omit parameters with their default\nvalues.\n\nMethod: clone\nMethod Signature: clone(self)\nDocstring: Uses deconstruct() to clone a new copy of this Field.\nWill not preserve any class attachments/attribute names.\n\nMethod: __eq__\nMethod Signature: __eq__(self, other)\nDocstring: None\n\nMethod: __lt__\nMethod Signature: __lt__(self, other)\nDocstring: None\n\nMethod: __hash__\nMethod Signature: __hash__(self)\nDocstring: None\n\nMethod: __deepcopy__\nMethod Signature: __deepcopy__(self, memodict)\nDocstring: None\n\nMethod: __copy__\nMethod Signature: __copy__(self)\nDocstring: None\n\nMethod: __reduce__\nMethod Signature: __reduce__(self)\nDocstring: Pickling should return the model._meta.fields instance of the field,\nnot a new copy of that field. So, use the app registry to load the\nmodel and then the field back.\n\nMethod: get_pk_value_on_save\nMethod Signature: get_pk_value_on_save(self, instance)\nDocstring: Hook to generate new PK values on save. This method is called when\nsaving instances with no primary key value set. If this method returns\nsomething else than None, then the returned value is used when saving\nthe new instance.\n\nMethod: to_python\nMethod Signature: to_python(self, value)\nDocstring: Convert the input value into the expected Python data type, raising\ndjango.core.exceptions.ValidationError if the data can\'t be converted.\nReturn the converted value. Subclasses should override this.\n\nMethod: validators\nMethod Signature: validators(self)\nDocstring: Some validators can\'t be created at field initialization time.\nThis method provides a way to delay their creation until required.\n\nMethod: run_validators\nMethod Signature: run_validators(self, value)\nDocstring: None\n\nMethod: validate\nMethod Signature: validate(self, value, model_instance)\nDocstring: Validate value and raise ValidationError if necessary. Subclasses\nshould override this to provide validation logic.\n\nMethod: clean\nMethod Signature: clean(self, value, model_instance)\nDocstring: Convert the value\'s type and run validation. Validation errors\nfrom to_python() and validate() are propagated. Return the correct\nvalue if no error is raised.\n\nMethod: db_type_parameters\nMethod Signature: db_type_parameters(self, connection)\nDocstring: None\n\nMethod: db_check\nMethod Signature: db_check(self, connection)\nDocstring: Return the database column check constraint for this field, for the\nprovided connection. Works the same way as db_type() for the case that\nget_internal_type() does not map to a preexisting model field.\n\nMethod: db_type\nMethod Signature: db_type(self, connection)\nDocstring: Return the database column data type for this field, for the provided\nconnection.\n\nMethod: rel_db_type\nMethod Signature: rel_db_type(self, connection)\nDocstring: Return the data type that a related field pointing to this field should\nuse. For example, this method is called by ForeignKey and OneToOneField\nto determine its data type.\n\nMethod: cast_db_type\nMethod Signature: cast_db_type(self, connection)\nDocstring: Return the data type to use in the Cast() function.\n\nMethod: db_parameters\nMethod Signature: db_parameters(self, connection)\nDocstring: Extension of db_type(), providing a range of different return values\n(type, checks). This will look at db_type(), allowing custom model\nfields to override it.\n\nMethod: db_type_suffix\nMethod Signature: db_type_suffix(self, connection)\nDocstring: None\n\nMethod: get_db_converters\nMethod Signature: get_db_converters(self, connection)\nDocstring: None\n\nMethod: unique\nMethod Signature: unique(self)\nDocstring: None\n\nMethod: db_tablespace\nMethod Signature: db_tablespace(self)\nDocstring: None\n\nMethod: db_returning\nMethod Signature: db_returning(self)\nDocstring: Private API intended only to be used by Django itself. Currently only\nthe PostgreSQL backend supports returning multiple fields on a model.\n\nMethod: set_attributes_from_name\nMethod Signature: set_attributes_from_name(self, name)\nDocstring: None\n\nMethod: contribute_to_class\nMethod Signature: contribute_to_class(self, cls, name, private_only)\nDocstring: Register the field with the model class it belongs to.\n\nIf private_only is True, create a separate instance of this field\nfor every subclass of cls, even if cls is not an abstract model.\n\nMethod: get_filter_kwargs_for_object\nMethod Signature: get_filter_kwargs_for_object(self, obj)\nDocstring: Return a dict that when passed as kwargs to self.model.filter(), would\nyield all instances having the same value for this field as obj has.\n\nMethod: get_attname\nMethod Signature: get_attname(self)\nDocstring: None\n\nMethod: get_attname_column\nMethod Signature: get_attname_column(self)\nDocstring: None\n\nMethod: get_internal_type\nMethod Signature: get_internal_type(self)\nDocstring: None\n\nMethod: pre_save\nMethod Signature: pre_save(self, model_instance, add)\nDocstring: Return field\'s value just before saving.\n\nMethod: get_prep_value\nMethod Signature: get_prep_value(self, value)\nDocstring: Perform preliminary non-db specific value checks and conversions.\n\nMethod: get_db_prep_value\nMethod Signature: get_db_prep_value(self, value, connection, prepared)\nDocstring: Return field\'s value prepared for interacting with the database backend.\n\nUsed by the default implementations of get_db_prep_save().\n\nMethod: get_db_prep_save\nMethod Signature: get_db_prep_save(self, value, connection)\nDocstring: Return field\'s value prepared for saving into a database.\n\nMethod: has_default\nMethod Signature: has_default(self)\nDocstring: Return a boolean of whether this field has a default value.\n\nMethod: get_default\nMethod Signature: get_default(self)\nDocstring: Return the default value for this field.\n\nMethod: _get_default\nMethod Signature: _get_default(self)\nDocstring: None\n\nMethod: get_choices\nMethod Signature: get_choices(self, include_blank, blank_choice, limit_choices_to, ordering)\nDocstring: Return choices with a default blank choices included, for use\nas <select> choices for this field.\n\nMethod: value_to_string\nMethod Signature: value_to_string(self, obj)\nDocstring: Return a string value of this field from the passed obj.\nThis is used by the serialization framework.\n\nMethod: _get_flatchoices\nMethod Signature: _get_flatchoices(self)\nDocstring: Flattened version of choices tuple.\n\nMethod: save_form_data\nMethod Signature: save_form_data(self, instance, data)\nDocstring: None\n\nMethod: formfield\nMethod Signature: formfield(self, form_class, choices_form_class)\nDocstring: Return a django.forms.Field instance for this field.\n\nMethod: value_from_object\nMethod Signature: value_from_object(self, obj)\nDocstring: Return the value of this field in the given model instance.\n\n</New Info>\n')])]
[2026-07-29 14:43:28,358 - Orcar.search_agent - INFO] Search cache: [SearchResult(search_action='search_method_in_class', search_action_input={'class_name': 'ModelBase', 'method_name': '__new__', 'file_path': 'django/db/models/base.py'}, search_content='File Path: django/db/models/base.py \nMethod Content: \n    def __new__(cls, name, bases, attrs, **kwargs):\n        super_new = super().__new__\n\n        # Also ensure initialization is only performed for subclasses of Model\n        # (excluding Model class itself).\n        parents = [b for b in bases if isinstance(b, ModelBase)]\n        if not parents:\n            return super_new(cls, name, bases, attrs)\n\n        # Create the class.\n        module = attrs.pop(\'__module__\')\n        new_attrs = {\'__module__\': module}\n        classcell = attrs.pop(\'__classcell__\', None)\n        if classcell is not None:\n            new_attrs[\'__classcell__\'] = classcell\n        attr_meta = attrs.pop(\'Meta\', None)\n        # Pass all attrs without a (Django-specific) contribute_to_class()\n        # method to type.__new__() so that they\'re properly initialized\n        # (i.e. __set_name__()).\n        contributable_attrs = {}\n        for obj_name, obj in list(attrs.items()):\n            if _has_contribute_to_class(obj):\n                contributable_attrs[obj_name] = obj\n            else:\n                new_attrs[obj_name] = obj\n        new_class = super_new(cls, name, bases, new_attrs, **kwargs)\n\n        abstract = getattr(attr_meta, \'abstract\', False)\n        meta = attr_meta or getattr(new_class, \'Meta\', None)\n        base_meta = getattr(new_class, \'_meta\', None)\n\n        app_label = None\n\n        # Look for an application configuration to attach the model to.\n        app_config = apps.get_containing_app_config(module)\n\n        if getattr(meta, \'app_label\', None) is None:\n            if app_config is None:\n                if not abstract:\n                    raise RuntimeError(\n                        "Model class %s.%s doesn\'t declare an explicit "\n                        "app_label and isn\'t in an application in "\n                        "INSTALLED_APPS." % (module, name)\n                    )\n\n            else:\n                app_label = app_config.label\n\n        new_class.add_to_class(\'_meta\', Options(meta, app_label))\n        if not abstract:\n            new_class.add_to_class(\n                \'DoesNotExist\',\n                subclass_exception(\n                    \'DoesNotExist\',\n                    tuple(\n                        x.DoesNotExist for x in parents if hasattr(x, \'_meta\') and not x._meta.abstract\n                    ) or (ObjectDoesNotExist,),\n                    module,\n                    attached_to=new_class))\n            new_class.add_to_class(\n                \'MultipleObjectsReturned\',\n                subclass_exception(\n                    \'MultipleObjectsReturned\',\n                    tuple(\n                        x.MultipleObjectsReturned for x in parents if hasattr(x, \'_meta\') and not x._meta.abstract\n                    ) or (MultipleObjectsReturned,),\n                    module,\n                    attached_to=new_class))\n            if base_meta and not base_meta.abstract:\n                # Non-abstract child classes inherit some attributes from their\n                # non-abstract parent (unless an ABC comes before it in the\n                # method resolution order).\n                if not hasattr(meta, \'ordering\'):\n                    new_class._meta.ordering = base_meta.ordering\n                if not hasattr(meta, \'get_latest_by\'):\n                    new_class._meta.get_latest_by = base_meta.get_latest_by\n\n        is_proxy = new_class._meta.proxy\n\n        # If the model is a proxy, ensure that the base class\n        # hasn\'t been swapped out.\n        if is_proxy and base_meta and base_meta.swapped:\n            raise TypeError("%s cannot proxy the swapped model \'%s\'." % (name, base_meta.swapped))\n\n        # Add remaining attributes (those with a contribute_to_class() method)\n        # to the class.\n        for obj_name, obj in contributable_attrs.items():\n            new_class.add_to_class(obj_name, obj)\n\n        # All the fields of any type declared on this model\n        new_fields = chain(\n            new_class._meta.local_fields,\n            new_class._meta.local_many_to_many,\n            new_class._meta.private_fields\n        )\n        field_names = {f.name for f in new_fields}\n\n        # Basic setup for proxy models.\n        if is_proxy:\n            base = None\n            for parent in [kls for kls in parents if hasattr(kls, \'_meta\')]:\n                if parent._meta.abstract:\n                    if parent._meta.fields:\n                        raise TypeError(\n                            "Abstract base class containing model fields not "\n                            "permitted for proxy model \'%s\'." % name\n                        )\n                    else:\n                        continue\n                if base is None:\n                    base = parent\n                elif parent._meta.concrete_model is not base._meta.concrete_model:\n                    raise TypeError("Proxy model \'%s\' has more than one non-abstract model base class." % name)\n            if base is None:\n                raise TypeError("Proxy model \'%s\' has no non-abstract model base class." % name)\n            new_class._meta.setup_proxy(base)\n            new_class._meta.concrete_model = base._meta.concrete_model\n        else:\n            new_class._meta.concrete_model = new_class\n\n        # Collect the parent links for multi-table inheritance.\n        parent_links = {}\n        for base in reversed([new_class] + parents):\n            # Conceptually equivalent to `if base is Model`.\n            if not hasattr(base, \'_meta\'):\n                continue\n            # Skip concrete parent classes.\n            if base != new_class and not base._meta.abstract:\n                continue\n            # Locate OneToOneField instances.\n            for field in base._meta.local_fields:\n                if isinstance(field, OneToOneField):\n                    related = resolve_relation(new_class, field.remote_field.model)\n                    parent_links[make_model_tuple(related)] = field\n\n        # Track fields inherited from base models.\n        inherited_attributes = set()\n        # Do the appropriate setup for any model parents.\n        for base in new_class.mro():\n            if base not in parents or not hasattr(base, \'_meta\'):\n                # Things without _meta aren\'t functional models, so they\'re\n                # uninteresting parents.\n                inherited_attributes.update(base.__dict__)\n                continue\n\n            parent_fields = base._meta.local_fields + base._meta.local_many_to_many\n            if not base._meta.abstract:\n                # Check for clashes between locally declared fields and those\n                # on the base classes.\n                for field in parent_fields:\n                    if field.name in field_names:\n                        raise FieldError(\n                            \'Local field %r in class %r clashes with field of \'\n                            \'the same name from base class %r.\' % (\n                                field.name,\n                                name,\n                                base.__name__,\n                            )\n                        )\n                    else:\n                        inherited_attributes.add(field.name)\n\n                # Concrete classes...\n                base = base._meta.concrete_model\n                base_key = make_model_tuple(base)\n                if base_key in parent_links:\n                    field = parent_links[base_key]\n                elif not is_proxy:\n                    attr_name = \'%s_ptr\' % base._meta.model_name\n                    field = OneToOneField(\n                        base,\n                        on_delete=CASCADE,\n                        name=attr_name,\n                        auto_created=True,\n                        parent_link=True,\n                    )\n\n                    if attr_name in field_names:\n                        raise FieldError(\n                            "Auto-generated field \'%s\' in class %r for "\n                            "parent_link to base class %r clashes with "\n                            "declared field of the same name." % (\n                                attr_name,\n                                name,\n                                base.__name__,\n                            )\n                        )\n\n                    # Only add the ptr field if it\'s not already present;\n                    # e.g. migrations will already have it specified\n                    if not hasattr(new_class, attr_name):\n                        new_class.add_to_class(attr_name, field)\n                else:\n                    field = None\n                new_class._meta.parents[base] = field\n            else:\n                base_parents = base._meta.parents.copy()\n\n                # Add fields from abstract base class if it wasn\'t overridden.\n                for field in parent_fields:\n                    if (field.name not in field_names and\n                            field.name not in new_class.__dict__ and\n                            field.name not in inherited_attributes):\n                        new_field = copy.deepcopy(field)\n                        new_class.add_to_class(field.name, new_field)\n                        # Replace parent links defined on this base by the new\n                        # field. It will be appropriately resolved if required.\n                        if field.one_to_one:\n                            for parent, parent_link in base_parents.items():\n                                if field == parent_link:\n                                    base_parents[parent] = new_field\n\n                # Pass any non-abstract parent classes onto child.\n                new_class._meta.parents.update(base_parents)\n\n            # Inherit private fields (like GenericForeignKey) from the parent\n            # class\n            for field in base._meta.private_fields:\n                if field.name in field_names:\n                    if not base._meta.abstract:\n                        raise FieldError(\n                            \'Local field %r in class %r clashes with field of \'\n                            \'the same name from base class %r.\' % (\n                                field.name,\n                                name,\n                                base.__name__,\n                            )\n                        )\n                else:\n                    field = copy.deepcopy(field)\n                    if not base._meta.abstract:\n                        field.mti_inherited = True\n                    new_class.add_to_class(field.name, field)\n\n        # Copy indexes so that index names are unique when models extend an\n        # abstract model.\n        new_class._meta.indexes = [copy.deepcopy(idx) for idx in new_class._meta.indexes]\n\n        if abstract:\n            # Abstract base models can\'t be instantiated and don\'t appear in\n            # the list of models for an app. We do the final setup for them a\n            # little differently from normal models.\n            attr_meta.abstract = False\n            new_class.Meta = attr_meta\n            return new_class\n\n        new_class._prepare()\n        new_class._meta.apps.register_model(new_class._meta.app_label, new_class)\n        return new_class\n'), SearchResult(search_action='search_method_in_class', search_action_input={'class_name': 'ModelBase', 'method_name': '_prepare', 'file_path': 'django/db/models/base.py'}, search_content='File Path: django/db/models/base.py \nMethod Content: \n    def _prepare(cls):\n        """Create some methods once self._meta has been populated."""\n        opts = cls._meta\n        opts._prepare(cls)\n\n        if opts.order_with_respect_to:\n            cls.get_next_in_order = partialmethod(cls._get_next_or_previous_in_order, is_next=True)\n            cls.get_previous_in_order = partialmethod(cls._get_next_or_previous_in_order, is_next=False)\n\n            # Defer creating accessors on the foreign class until it has been\n            # created and registered. If remote_field is None, we\'re ordering\n            # with respect to a GenericForeignKey and don\'t know what the\n            # foreign class is - we\'ll add those accessors later in\n            # contribute_to_class().\n            if opts.order_with_respect_to.remote_field:\n                wrt = opts.order_with_respect_to\n                remote = wrt.remote_field.model\n                lazy_related_operation(make_foreign_order_accessors, cls, remote)\n\n        # Give the class a docstring -- its definition.\n        if cls.__doc__ is None:\n            cls.__doc__ = "%s(%s)" % (cls.__name__, ", ".join(f.name for f in opts.fields))\n\n        get_absolute_url_override = settings.ABSOLUTE_URL_OVERRIDES.get(opts.label_lower)\n        if get_absolute_url_override:\n            setattr(cls, \'get_absolute_url\', get_absolute_url_override)\n\n        if not opts.managers:\n            if any(f.name == \'objects\' for f in opts.fields):\n                raise ValueError(\n                    "Model %s must specify a custom Manager, because it has a "\n                    "field named \'objects\'." % cls.__name__\n                )\n            manager = Manager()\n            manager.auto_created = True\n            cls.add_to_class(\'objects\', manager)\n\n        # Set the name of _meta.indexes. This can\'t be done in\n        # Options.contribute_to_class() because fields haven\'t been added to\n        # the model at that point.\n        for index in cls._meta.indexes:\n            if not index.name:\n                index.set_name_with_model(cls)\n\n        class_prepared.send(sender=cls)\n'), SearchResult(search_action='search_callable', search_action_input={'query_name': '_has_contribute_to_class', 'file_path': 'django/db/models/base.py'}, search_content="File Path: django/db/models/base.py \nQuery Type: function \nCode Snippet: \ndef _has_contribute_to_class(value):\n    # Only call contribute_to_class() if it's bound.\n    return not inspect.isclass(value) and hasattr(value, 'contribute_to_class')\n"), SearchResult(search_action='search_method_in_class', search_action_input={'class_name': 'Model', 'method_name': '_get_FIELD_display', 'file_path': 'django/db/models/base.py'}, search_content='File Path: django/db/models/base.py \nMethod Content: \n    def _get_FIELD_display(self, field):\n        value = getattr(self, field.attname)\n        # force_str() to coerce lazy strings.\n        return force_str(dict(field.flatchoices).get(value, value), strings_only=True)\n')]
[2026-07-29 14:43:55,808 - Orcar.search_agent - INFO] in_token_cnt=8656 out_token_cnt=357
[2026-07-29 14:43:55,808 - Orcar.search_agent - INFO] Chat response: assistant: {
  "observation_feedback": "The regression still points to model class construction, but the strongest suspect is now `django/db/models/fields/__init__.py:Field.contribute_to_class()`, because that is where Django likely installs the generated `get_FOO_display()` helper after the model body has already defined its own method. `ModelBase.__new__()` and `_prepare()` remain relevant context, while `Model._get_FIELD_display()` is only the shared fallback implementation.",
  "potential_bug_locations": [
    {
      "file_path": "django/db/models/base.py",
      "class_name": "ModelBase",
      "method_name": "__new__"
    },
    {
      "file_path": "django/db/models/base.py",
      "class_name": "ModelBase",
      "method_name": "_prepare"
    },
    {
      "file_path": "django/db/models/base.py",
      "class_name": "Model",
      "method_name": "_get_FIELD_display"
    },
    {
      "file_path": "django/db/models/fields/__init__.py",
      "class_name": "Field",
      "method_name": "contribute_to_class"
    }
  ],
  "new_search_actions": [
    {
      "action": "search_method_in_class",
      "action_input": {
        "class_name": "Field",
        "method_name": "contribute_to_class",
        "file_path": "django/db/models/fields/__init__.py"
      }
    },
    {
      "action": "search_file_contents",
      "action_input": {
        "file_name": "__init__.py",
        "directory_path": "django/db/models/fields"
      }
    }
  ]
}
[2026-07-29 14:43:55,808 - action_history - DEBUG] Action history: 
 SearchActionHistory(
  Search Action: search_class
Search Action Input: {'class_name': 'ModelBase', 'file_path': 'django/db/models/base.py'}: 1
  Search Action: search_method_in_class
Search Action Input: {'class_name': 'ModelBase', 'method_name': '__new__', 'file_path': 'django/db/models/base.py'}: 2
  Search Action: search_method_in_class
Search Action Input: {'class_name': 'Model', 'method_name': '_get_FIELD_display', 'file_path': 'django/db/models/base.py'}: 3
  Search Action: search_method_in_class
Search Action Input: {'class_name': 'ModelBase', 'method_name': '_prepare', 'file_path': 'django/db/models/base.py'}: 4
  Search Action: search_file_contents
Search Action Input: {'file_name': 'base.py', 'directory_path': 'django/db/models'}: 4
  Search Action: search_file_contents
Search Action Input: {'file_name': 'fields.py', 'directory_path': 'django/db/models'}: 2
  Search Action: search_callable
Search Action Input: {'query_name': '_has_contribute_to_class', 'file_path': 'django/db/models/base.py'}: 3
  Search Action: search_class
Search Action Input: {'class_name': 'Field', 'file_path': 'django/db/models/fields/__init__.py'}: 1
  Search Action: search_method_in_class
Search Action Input: {'class_name': 'Field', 'method_name': 'contribute_to_class', 'file_path': 'django/db/models/fields/__init__.py'}: 2
  Search Action: search_method_in_class
Search Action Input: {'class_name': 'Field', 'method_name': 'formfield', 'file_path': 'django/db/models/fields/__init__.py'}: 1
  Search Action: search_file_contents
Search Action Input: {'file_name': '__init__.py', 'directory_path': 'django/db/models/fields'}: 2
)
[2026-07-29 14:43:55,809 - Orcar.search_agent - INFO] Current search queue size: 3
[2026-07-29 14:43:58,327 - Orcar.search_agent - INFO] Is early stop: False similarity: False
[2026-07-29 14:43:58,328 - Orcar.search_agent - INFO] Is complete: False
[2026-07-29 14:43:58,328 - search_queue - DEBUG] search queue: 
 SearchQueue(
  Value: 2, Action: Search Action: search_method_in_class
Search Action Input: {'class_name': 'Field', 'method_name': 'contribute_to_class', 'file_path': 'django/db/models/fields/__init__.py'}
  Value: 2, Action: Search Action: search_method_in_class
Search Action Input: {'class_name': 'Field', 'method_name': 'formfield', 'file_path': 'django/db/models/fields/__init__.py'}
  Value: 2, Action: Search Action: search_file_contents
Search Action Input: {'file_name': '__init__.py', 'directory_path': 'django/db/models/fields'}
)
[2026-07-29 14:43:58,376 - Orcar.search_agent - DEBUG] Search content: [ChatMessage(role=<MessageRole.USER: 'user'>, additional_kwargs={}, blocks=[TextBlock(block_type='text', text='Please provide observation feedback and new_search_actions on the search results below. \n<New Info>\n\n            Search Action: search_method_in_class\n\n            Search Action Input: {\'class_name\': \'Field\', \'method_name\': \'contribute_to_class\', \'file_path\': \'django/db/models/fields/__init__.py\'}\n\n            File Path: django/db/models/fields/__init__.py \nMethod Content: \n    def contribute_to_class(self, cls, name, private_only=False):\n        """\n        Register the field with the model class it belongs to.\n\n        If private_only is True, create a separate instance of this field\n        for every subclass of cls, even if cls is not an abstract model.\n        """\n        self.set_attributes_from_name(name)\n        self.model = cls\n        cls._meta.add_field(self, private=private_only)\n        if self.column:\n            # Don\'t override classmethods with the descriptor. This means that\n            # if you have a classmethod and a field with the same name, then\n            # such fields can\'t be deferred (we don\'t have a check for this).\n            if not getattr(cls, self.attname, None):\n                setattr(cls, self.attname, self.descriptor_class(self))\n        if self.choices is not None:\n            setattr(cls, \'get_%s_display\' % self.name,\n                    partialmethod(cls._get_FIELD_display, field=self))\n\n</New Info>\n')])]
[2026-07-29 14:43:58,376 - Orcar.search_agent - INFO] Search cache: [SearchResult(search_action='search_method_in_class', search_action_input={'class_name': 'ModelBase', 'method_name': '__new__', 'file_path': 'django/db/models/base.py'}, search_content='File Path: django/db/models/base.py \nMethod Content: \n    def __new__(cls, name, bases, attrs, **kwargs):\n        super_new = super().__new__\n\n        # Also ensure initialization is only performed for subclasses of Model\n        # (excluding Model class itself).\n        parents = [b for b in bases if isinstance(b, ModelBase)]\n        if not parents:\n            return super_new(cls, name, bases, attrs)\n\n        # Create the class.\n        module = attrs.pop(\'__module__\')\n        new_attrs = {\'__module__\': module}\n        classcell = attrs.pop(\'__classcell__\', None)\n        if classcell is not None:\n            new_attrs[\'__classcell__\'] = classcell\n        attr_meta = attrs.pop(\'Meta\', None)\n        # Pass all attrs without a (Django-specific) contribute_to_class()\n        # method to type.__new__() so that they\'re properly initialized\n        # (i.e. __set_name__()).\n        contributable_attrs = {}\n        for obj_name, obj in list(attrs.items()):\n            if _has_contribute_to_class(obj):\n                contributable_attrs[obj_name] = obj\n            else:\n                new_attrs[obj_name] = obj\n        new_class = super_new(cls, name, bases, new_attrs, **kwargs)\n\n        abstract = getattr(attr_meta, \'abstract\', False)\n        meta = attr_meta or getattr(new_class, \'Meta\', None)\n        base_meta = getattr(new_class, \'_meta\', None)\n\n        app_label = None\n\n        # Look for an application configuration to attach the model to.\n        app_config = apps.get_containing_app_config(module)\n\n        if getattr(meta, \'app_label\', None) is None:\n            if app_config is None:\n                if not abstract:\n                    raise RuntimeError(\n                        "Model class %s.%s doesn\'t declare an explicit "\n                        "app_label and isn\'t in an application in "\n                        "INSTALLED_APPS." % (module, name)\n                    )\n\n            else:\n                app_label = app_config.label\n\n        new_class.add_to_class(\'_meta\', Options(meta, app_label))\n        if not abstract:\n            new_class.add_to_class(\n                \'DoesNotExist\',\n                subclass_exception(\n                    \'DoesNotExist\',\n                    tuple(\n                        x.DoesNotExist for x in parents if hasattr(x, \'_meta\') and not x._meta.abstract\n                    ) or (ObjectDoesNotExist,),\n                    module,\n                    attached_to=new_class))\n            new_class.add_to_class(\n                \'MultipleObjectsReturned\',\n                subclass_exception(\n                    \'MultipleObjectsReturned\',\n                    tuple(\n                        x.MultipleObjectsReturned for x in parents if hasattr(x, \'_meta\') and not x._meta.abstract\n                    ) or (MultipleObjectsReturned,),\n                    module,\n                    attached_to=new_class))\n            if base_meta and not base_meta.abstract:\n                # Non-abstract child classes inherit some attributes from their\n                # non-abstract parent (unless an ABC comes before it in the\n                # method resolution order).\n                if not hasattr(meta, \'ordering\'):\n                    new_class._meta.ordering = base_meta.ordering\n                if not hasattr(meta, \'get_latest_by\'):\n                    new_class._meta.get_latest_by = base_meta.get_latest_by\n\n        is_proxy = new_class._meta.proxy\n\n        # If the model is a proxy, ensure that the base class\n        # hasn\'t been swapped out.\n        if is_proxy and base_meta and base_meta.swapped:\n            raise TypeError("%s cannot proxy the swapped model \'%s\'." % (name, base_meta.swapped))\n\n        # Add remaining attributes (those with a contribute_to_class() method)\n        # to the class.\n        for obj_name, obj in contributable_attrs.items():\n            new_class.add_to_class(obj_name, obj)\n\n        # All the fields of any type declared on this model\n        new_fields = chain(\n            new_class._meta.local_fields,\n            new_class._meta.local_many_to_many,\n            new_class._meta.private_fields\n        )\n        field_names = {f.name for f in new_fields}\n\n        # Basic setup for proxy models.\n        if is_proxy:\n            base = None\n            for parent in [kls for kls in parents if hasattr(kls, \'_meta\')]:\n                if parent._meta.abstract:\n                    if parent._meta.fields:\n                        raise TypeError(\n                            "Abstract base class containing model fields not "\n                            "permitted for proxy model \'%s\'." % name\n                        )\n                    else:\n                        continue\n                if base is None:\n                    base = parent\n                elif parent._meta.concrete_model is not base._meta.concrete_model:\n                    raise TypeError("Proxy model \'%s\' has more than one non-abstract model base class." % name)\n            if base is None:\n                raise TypeError("Proxy model \'%s\' has no non-abstract model base class." % name)\n            new_class._meta.setup_proxy(base)\n            new_class._meta.concrete_model = base._meta.concrete_model\n        else:\n            new_class._meta.concrete_model = new_class\n\n        # Collect the parent links for multi-table inheritance.\n        parent_links = {}\n        for base in reversed([new_class] + parents):\n            # Conceptually equivalent to `if base is Model`.\n            if not hasattr(base, \'_meta\'):\n                continue\n            # Skip concrete parent classes.\n            if base != new_class and not base._meta.abstract:\n                continue\n            # Locate OneToOneField instances.\n            for field in base._meta.local_fields:\n                if isinstance(field, OneToOneField):\n                    related = resolve_relation(new_class, field.remote_field.model)\n                    parent_links[make_model_tuple(related)] = field\n\n        # Track fields inherited from base models.\n        inherited_attributes = set()\n        # Do the appropriate setup for any model parents.\n        for base in new_class.mro():\n            if base not in parents or not hasattr(base, \'_meta\'):\n                # Things without _meta aren\'t functional models, so they\'re\n                # uninteresting parents.\n                inherited_attributes.update(base.__dict__)\n                continue\n\n            parent_fields = base._meta.local_fields + base._meta.local_many_to_many\n            if not base._meta.abstract:\n                # Check for clashes between locally declared fields and those\n                # on the base classes.\n                for field in parent_fields:\n                    if field.name in field_names:\n                        raise FieldError(\n                            \'Local field %r in class %r clashes with field of \'\n                            \'the same name from base class %r.\' % (\n                                field.name,\n                                name,\n                                base.__name__,\n                            )\n                        )\n                    else:\n                        inherited_attributes.add(field.name)\n\n                # Concrete classes...\n                base = base._meta.concrete_model\n                base_key = make_model_tuple(base)\n                if base_key in parent_links:\n                    field = parent_links[base_key]\n                elif not is_proxy:\n                    attr_name = \'%s_ptr\' % base._meta.model_name\n                    field = OneToOneField(\n                        base,\n                        on_delete=CASCADE,\n                        name=attr_name,\n                        auto_created=True,\n                        parent_link=True,\n                    )\n\n                    if attr_name in field_names:\n                        raise FieldError(\n                            "Auto-generated field \'%s\' in class %r for "\n                            "parent_link to base class %r clashes with "\n                            "declared field of the same name." % (\n                                attr_name,\n                                name,\n                                base.__name__,\n                            )\n                        )\n\n                    # Only add the ptr field if it\'s not already present;\n                    # e.g. migrations will already have it specified\n                    if not hasattr(new_class, attr_name):\n                        new_class.add_to_class(attr_name, field)\n                else:\n                    field = None\n                new_class._meta.parents[base] = field\n            else:\n                base_parents = base._meta.parents.copy()\n\n                # Add fields from abstract base class if it wasn\'t overridden.\n                for field in parent_fields:\n                    if (field.name not in field_names and\n                            field.name not in new_class.__dict__ and\n                            field.name not in inherited_attributes):\n                        new_field = copy.deepcopy(field)\n                        new_class.add_to_class(field.name, new_field)\n                        # Replace parent links defined on this base by the new\n                        # field. It will be appropriately resolved if required.\n                        if field.one_to_one:\n                            for parent, parent_link in base_parents.items():\n                                if field == parent_link:\n                                    base_parents[parent] = new_field\n\n                # Pass any non-abstract parent classes onto child.\n                new_class._meta.parents.update(base_parents)\n\n            # Inherit private fields (like GenericForeignKey) from the parent\n            # class\n            for field in base._meta.private_fields:\n                if field.name in field_names:\n                    if not base._meta.abstract:\n                        raise FieldError(\n                            \'Local field %r in class %r clashes with field of \'\n                            \'the same name from base class %r.\' % (\n                                field.name,\n                                name,\n                                base.__name__,\n                            )\n                        )\n                else:\n                    field = copy.deepcopy(field)\n                    if not base._meta.abstract:\n                        field.mti_inherited = True\n                    new_class.add_to_class(field.name, field)\n\n        # Copy indexes so that index names are unique when models extend an\n        # abstract model.\n        new_class._meta.indexes = [copy.deepcopy(idx) for idx in new_class._meta.indexes]\n\n        if abstract:\n            # Abstract base models can\'t be instantiated and don\'t appear in\n            # the list of models for an app. We do the final setup for them a\n            # little differently from normal models.\n            attr_meta.abstract = False\n            new_class.Meta = attr_meta\n            return new_class\n\n        new_class._prepare()\n        new_class._meta.apps.register_model(new_class._meta.app_label, new_class)\n        return new_class\n'), SearchResult(search_action='search_method_in_class', search_action_input={'class_name': 'ModelBase', 'method_name': '_prepare', 'file_path': 'django/db/models/base.py'}, search_content='File Path: django/db/models/base.py \nMethod Content: \n    def _prepare(cls):\n        """Create some methods once self._meta has been populated."""\n        opts = cls._meta\n        opts._prepare(cls)\n\n        if opts.order_with_respect_to:\n            cls.get_next_in_order = partialmethod(cls._get_next_or_previous_in_order, is_next=True)\n            cls.get_previous_in_order = partialmethod(cls._get_next_or_previous_in_order, is_next=False)\n\n            # Defer creating accessors on the foreign class until it has been\n            # created and registered. If remote_field is None, we\'re ordering\n            # with respect to a GenericForeignKey and don\'t know what the\n            # foreign class is - we\'ll add those accessors later in\n            # contribute_to_class().\n            if opts.order_with_respect_to.remote_field:\n                wrt = opts.order_with_respect_to\n                remote = wrt.remote_field.model\n                lazy_related_operation(make_foreign_order_accessors, cls, remote)\n\n        # Give the class a docstring -- its definition.\n        if cls.__doc__ is None:\n            cls.__doc__ = "%s(%s)" % (cls.__name__, ", ".join(f.name for f in opts.fields))\n\n        get_absolute_url_override = settings.ABSOLUTE_URL_OVERRIDES.get(opts.label_lower)\n        if get_absolute_url_override:\n            setattr(cls, \'get_absolute_url\', get_absolute_url_override)\n\n        if not opts.managers:\n            if any(f.name == \'objects\' for f in opts.fields):\n                raise ValueError(\n                    "Model %s must specify a custom Manager, because it has a "\n                    "field named \'objects\'." % cls.__name__\n                )\n            manager = Manager()\n            manager.auto_created = True\n            cls.add_to_class(\'objects\', manager)\n\n        # Set the name of _meta.indexes. This can\'t be done in\n        # Options.contribute_to_class() because fields haven\'t been added to\n        # the model at that point.\n        for index in cls._meta.indexes:\n            if not index.name:\n                index.set_name_with_model(cls)\n\n        class_prepared.send(sender=cls)\n'), SearchResult(search_action='search_method_in_class', search_action_input={'class_name': 'Field', 'method_name': 'contribute_to_class', 'file_path': 'django/db/models/fields/__init__.py'}, search_content='File Path: django/db/models/fields/__init__.py \nMethod Content: \n    def contribute_to_class(self, cls, name, private_only=False):\n        """\n        Register the field with the model class it belongs to.\n\n        If private_only is True, create a separate instance of this field\n        for every subclass of cls, even if cls is not an abstract model.\n        """\n        self.set_attributes_from_name(name)\n        self.model = cls\n        cls._meta.add_field(self, private=private_only)\n        if self.column:\n            # Don\'t override classmethods with the descriptor. This means that\n            # if you have a classmethod and a field with the same name, then\n            # such fields can\'t be deferred (we don\'t have a check for this).\n            if not getattr(cls, self.attname, None):\n                setattr(cls, self.attname, self.descriptor_class(self))\n        if self.choices is not None:\n            setattr(cls, \'get_%s_display\' % self.name,\n                    partialmethod(cls._get_FIELD_display, field=self))\n'), SearchResult(search_action='search_method_in_class', search_action_input={'class_name': 'Model', 'method_name': '_get_FIELD_display', 'file_path': 'django/db/models/base.py'}, search_content='File Path: django/db/models/base.py \nMethod Content: \n    def _get_FIELD_display(self, field):\n        value = getattr(self, field.attname)\n        # force_str() to coerce lazy strings.\n        return force_str(dict(field.flatchoices).get(value, value), strings_only=True)\n'), SearchResult(search_action='search_callable', search_action_input={'query_name': '_has_contribute_to_class', 'file_path': 'django/db/models/base.py'}, search_content="File Path: django/db/models/base.py \nQuery Type: function \nCode Snippet: \ndef _has_contribute_to_class(value):\n    # Only call contribute_to_class() if it's bound.\n    return not inspect.isclass(value) and hasattr(value, 'contribute_to_class')\n")]
[2026-07-29 14:44:11,242 - Orcar.search_agent - INFO] in_token_cnt=6985 out_token_cnt=327
[2026-07-29 14:44:11,243 - Orcar.search_agent - INFO] Chat response: assistant: {
  "observation_feedback": "The current evidence strongly suggests the regression is in `Field.contribute_to_class()`: it unconditionally installs `get_%s_display` on the model with `setattr`, after the model class body has already defined its own method, so a user override can be replaced. `ModelBase.__new__()` and `_prepare()` still matter because they control when fields are attached and when model setup finishes, but `Model._get_FIELD_display()` is just the shared fallback implementation.",
  "potential_bug_locations": [
    {
      "file_path": "django/db/models/fields/__init__.py",
      "class_name": "Field",
      "method_name": "contribute_to_class"
    },
    {
      "file_path": "django/db/models/base.py",
      "class_name": "ModelBase",
      "method_name": "__new__"
    },
    {
      "file_path": "django/db/models/base.py",
      "class_name": "ModelBase",
      "method_name": "_prepare"
    }
  ],
  "new_search_actions": [
    {
      "action": "search_method_in_class",
      "action_input": {
        "class_name": "Field",
        "method_name": "formfield",
        "file_path": "django/db/models/fields/__init__.py"
      }
    },
    {
      "action": "search_file_contents",
      "action_input": {
        "file_name": "__init__.py",
        "directory_path": "django/db/models/fields"
      }
    }
  ]
}
[2026-07-29 14:44:11,243 - action_history - DEBUG] Action history: 
 SearchActionHistory(
  Search Action: search_class
Search Action Input: {'class_name': 'ModelBase', 'file_path': 'django/db/models/base.py'}: 1
  Search Action: search_method_in_class
Search Action Input: {'class_name': 'ModelBase', 'method_name': '__new__', 'file_path': 'django/db/models/base.py'}: 2
  Search Action: search_method_in_class
Search Action Input: {'class_name': 'Model', 'method_name': '_get_FIELD_display', 'file_path': 'django/db/models/base.py'}: 3
  Search Action: search_method_in_class
Search Action Input: {'class_name': 'ModelBase', 'method_name': '_prepare', 'file_path': 'django/db/models/base.py'}: 4
  Search Action: search_file_contents
Search Action Input: {'file_name': 'base.py', 'directory_path': 'django/db/models'}: 4
  Search Action: search_file_contents
Search Action Input: {'file_name': 'fields.py', 'directory_path': 'django/db/models'}: 2
  Search Action: search_callable
Search Action Input: {'query_name': '_has_contribute_to_class', 'file_path': 'django/db/models/base.py'}: 3
  Search Action: search_class
Search Action Input: {'class_name': 'Field', 'file_path': 'django/db/models/fields/__init__.py'}: 1
  Search Action: search_method_in_class
Search Action Input: {'class_name': 'Field', 'method_name': 'contribute_to_class', 'file_path': 'django/db/models/fields/__init__.py'}: 2
  Search Action: search_method_in_class
Search Action Input: {'class_name': 'Field', 'method_name': 'formfield', 'file_path': 'django/db/models/fields/__init__.py'}: 2
  Search Action: search_file_contents
Search Action Input: {'file_name': '__init__.py', 'directory_path': 'django/db/models/fields'}: 3
)
[2026-07-29 14:44:11,243 - Orcar.search_agent - INFO] Current search queue size: 2
[2026-07-29 14:44:13,786 - Orcar.search_agent - INFO] Is early stop: False similarity: True
[2026-07-29 14:44:13,787 - Orcar.search_agent - INFO] Is complete: False
[2026-07-29 14:44:13,787 - search_queue - DEBUG] search queue: 
 SearchQueue(
  Value: 3, Action: Search Action: search_file_contents
Search Action Input: {'file_name': '__init__.py', 'directory_path': 'django/db/models/fields'}
  Value: 2, Action: Search Action: search_method_in_class
Search Action Input: {'class_name': 'Field', 'method_name': 'formfield', 'file_path': 'django/db/models/fields/__init__.py'}
)
[2026-07-29 14:44:13,814 - Orcar.search_agent - INFO] File functions number: 32
[2026-07-29 14:44:13,814 - Orcar.formatter - INFO] Found tokenizer for model 'gpt-5.4-mini'
[2026-07-29 14:44:36,296 - Orcar.code_scorer - INFO] Total batch chat time: 22.48s
[2026-07-29 14:44:36,296 - Orcar.code_scorer - INFO] in_token_cnt=269 out_token_cnt=1
[2026-07-29 14:44:36,296 - Orcar.code_scorer - INFO] in_token_cnt=272 out_token_cnt=1
[2026-07-29 14:44:36,296 - Orcar.code_scorer - INFO] in_token_cnt=293 out_token_cnt=1
[2026-07-29 14:44:36,296 - Orcar.code_scorer - INFO] in_token_cnt=287 out_token_cnt=1
[2026-07-29 14:44:36,296 - Orcar.code_scorer - INFO] in_token_cnt=271 out_token_cnt=1
[2026-07-29 14:44:36,296 - Orcar.code_scorer - INFO] in_token_cnt=653 out_token_cnt=1
[2026-07-29 14:44:36,296 - Orcar.code_scorer - INFO] in_token_cnt=700 out_token_cnt=1
[2026-07-29 14:44:36,297 - Orcar.code_scorer - INFO] in_token_cnt=367 out_token_cnt=1
[2026-07-29 14:44:36,297 - Orcar.code_scorer - INFO] in_token_cnt=482 out_token_cnt=1
[2026-07-29 14:44:36,297 - Orcar.code_scorer - INFO] in_token_cnt=619 out_token_cnt=1
[2026-07-29 14:44:36,297 - Orcar.code_scorer - INFO] in_token_cnt=446 out_token_cnt=1
[2026-07-29 14:44:36,297 - Orcar.code_scorer - INFO] in_token_cnt=755 out_token_cnt=1
[2026-07-29 14:44:36,297 - Orcar.code_scorer - INFO] in_token_cnt=498 out_token_cnt=1
[2026-07-29 14:44:36,297 - Orcar.code_scorer - INFO] in_token_cnt=813 out_token_cnt=1
[2026-07-29 14:44:36,297 - Orcar.code_scorer - INFO] in_token_cnt=360 out_token_cnt=1
[2026-07-29 14:44:36,297 - Orcar.code_scorer - INFO] in_token_cnt=457 out_token_cnt=1
[2026-07-29 14:44:36,297 - Orcar.code_scorer - INFO] in_token_cnt=836 out_token_cnt=1
[2026-07-29 14:44:36,297 - Orcar.code_scorer - INFO] in_token_cnt=430 out_token_cnt=1
[2026-07-29 14:44:36,297 - Orcar.code_scorer - INFO] in_token_cnt=396 out_token_cnt=1
[2026-07-29 14:44:36,297 - Orcar.code_scorer - INFO] in_token_cnt=330 out_token_cnt=1
[2026-07-29 14:44:36,297 - Orcar.code_scorer - INFO] in_token_cnt=333 out_token_cnt=1
[2026-07-29 14:44:36,298 - Orcar.code_scorer - INFO] in_token_cnt=517 out_token_cnt=1
[2026-07-29 14:44:36,298 - Orcar.code_scorer - INFO] in_token_cnt=291 out_token_cnt=1
[2026-07-29 14:44:36,298 - Orcar.code_scorer - INFO] in_token_cnt=442 out_token_cnt=1
[2026-07-29 14:44:36,298 - Orcar.code_scorer - INFO] in_token_cnt=426 out_token_cnt=1
[2026-07-29 14:44:36,298 - Orcar.code_scorer - INFO] in_token_cnt=694 out_token_cnt=1
[2026-07-29 14:44:36,298 - Orcar.code_scorer - INFO] in_token_cnt=608 out_token_cnt=1
[2026-07-29 14:44:36,298 - Orcar.code_scorer - INFO] in_token_cnt=576 out_token_cnt=1
[2026-07-29 14:44:36,298 - Orcar.code_scorer - INFO] in_token_cnt=483 out_token_cnt=1
[2026-07-29 14:44:36,298 - Orcar.code_scorer - INFO] in_token_cnt=314 out_token_cnt=1
[2026-07-29 14:44:36,298 - Orcar.code_scorer - INFO] in_token_cnt=311 out_token_cnt=1
[2026-07-29 14:44:36,298 - Orcar.code_scorer - INFO] in_token_cnt=311 out_token_cnt=1
[2026-07-29 14:44:36,333 - Orcar.search_agent - DEBUG] Search content: [ChatMessage(role=<MessageRole.USER: 'user'>, additional_kwargs={}, blocks=[TextBlock(block_type='text', text="Please provide observation feedback and new_search_actions on the search results below. \n<New Info>\n\n            Search Action: search_file_contents\n\n            Search Action Input: {'file_name': '__init__.py', 'directory_path': 'django/db/models/fields'}\n\n            File Path: django/db/models/fields/__init__.py \nFile Skeleton: \n\nGlobal_variable: __all__\nSignature: __all__\n\nClass: Empty\nSignature: Empty\n\nClass: NOT_PROVIDED\nSignature: NOT_PROVIDED\n\nGlobal_variable: BLANK_CHOICE_DASH\nSignature: BLANK_CHOICE_DASH\n\nFunction: _load_field\nSignature: _load_field(app_label, model_name, field_name)\n\nFunction: _empty\nSignature: _empty(of_cls)\n\nFunction: return_None\nSignature: return_None()\n\nClass: Field\nSignature: Field\nDocstring: Base class for all field types\n\nClass: BooleanField\nSignature: BooleanField\n\nClass: CharField\nSignature: CharField\n\nClass: CommaSeparatedIntegerField\nSignature: CommaSeparatedIntegerField\n\nClass: DateTimeCheckMixin\nSignature: DateTimeCheckMixin\n\nClass: DateField\nSignature: DateField\n\nClass: DateTimeField\nSignature: DateTimeField\n\nClass: DecimalField\nSignature: DecimalField\n\nClass: DurationField\nSignature: DurationField\nDocstring: Store timedelta objects.\n\nUse interval on PostgreSQL, INTERVAL DAY TO SECOND on Oracle, and bigint\nof microseconds on other databases.\n\nClass: EmailField\nSignature: EmailField\n\nClass: FilePathField\nSignature: FilePathField\n\nClass: FloatField\nSignature: FloatField\n\nClass: IntegerField\nSignature: IntegerField\n\nClass: BigIntegerField\nSignature: BigIntegerField\n\nClass: IPAddressField\nSignature: IPAddressField\n\nClass: GenericIPAddressField\nSignature: GenericIPAddressField\n\nClass: NullBooleanField\nSignature: NullBooleanField\n\nClass: PositiveIntegerRelDbTypeMixin\nSignature: PositiveIntegerRelDbTypeMixin\n\nClass: PositiveIntegerField\nSignature: PositiveIntegerField\n\nClass: PositiveSmallIntegerField\nSignature: PositiveSmallIntegerField\n\nClass: SlugField\nSignature: SlugField\n\nClass: SmallIntegerField\nSignature: SmallIntegerField\n\nClass: TextField\nSignature: TextField\n\nClass: TimeField\nSignature: TimeField\n\nClass: URLField\nSignature: URLField\n\nClass: BinaryField\nSignature: BinaryField\n\nClass: UUIDField\nSignature: UUIDField\n\nClass: AutoFieldMixin\nSignature: AutoFieldMixin\n\nClass: AutoFieldMeta\nSignature: AutoFieldMeta\nDocstring: Metaclass to maintain backward inheritance compatibility for AutoField.\n\nIt is intended that AutoFieldMixin become public API when it is possible to\ncreate a non-integer automatically-generated field using column defaults\nstored in the database.\n\nIn many areas Django also relies on using isinstance() to check for an\nautomatically-generated field as a subclass of AutoField. A new flag needs\nto be implemented on Field to be used instead.\n\nWhen these issues have been addressed, this metaclass could be used to\ndeprecate inheritance from AutoField and use of isinstance() with AutoField\nfor detecting automatically-generated fields.\n\nClass: AutoField\nSignature: AutoField\n\nClass: BigAutoField\nSignature: BigAutoField\n\nClass: SmallAutoField\nSignature: SmallAutoField\n\n</New Info>\n")])]
[2026-07-29 14:44:36,334 - Orcar.search_agent - INFO] Search cache: [SearchResult(search_action='search_method_in_class', search_action_input={'class_name': 'ModelBase', 'method_name': '__new__', 'file_path': 'django/db/models/base.py'}, search_content='File Path: django/db/models/base.py \nMethod Content: \n    def __new__(cls, name, bases, attrs, **kwargs):\n        super_new = super().__new__\n\n        # Also ensure initialization is only performed for subclasses of Model\n        # (excluding Model class itself).\n        parents = [b for b in bases if isinstance(b, ModelBase)]\n        if not parents:\n            return super_new(cls, name, bases, attrs)\n\n        # Create the class.\n        module = attrs.pop(\'__module__\')\n        new_attrs = {\'__module__\': module}\n        classcell = attrs.pop(\'__classcell__\', None)\n        if classcell is not None:\n            new_attrs[\'__classcell__\'] = classcell\n        attr_meta = attrs.pop(\'Meta\', None)\n        # Pass all attrs without a (Django-specific) contribute_to_class()\n        # method to type.__new__() so that they\'re properly initialized\n        # (i.e. __set_name__()).\n        contributable_attrs = {}\n        for obj_name, obj in list(attrs.items()):\n            if _has_contribute_to_class(obj):\n                contributable_attrs[obj_name] = obj\n            else:\n                new_attrs[obj_name] = obj\n        new_class = super_new(cls, name, bases, new_attrs, **kwargs)\n\n        abstract = getattr(attr_meta, \'abstract\', False)\n        meta = attr_meta or getattr(new_class, \'Meta\', None)\n        base_meta = getattr(new_class, \'_meta\', None)\n\n        app_label = None\n\n        # Look for an application configuration to attach the model to.\n        app_config = apps.get_containing_app_config(module)\n\n        if getattr(meta, \'app_label\', None) is None:\n            if app_config is None:\n                if not abstract:\n                    raise RuntimeError(\n                        "Model class %s.%s doesn\'t declare an explicit "\n                        "app_label and isn\'t in an application in "\n                        "INSTALLED_APPS." % (module, name)\n                    )\n\n            else:\n                app_label = app_config.label\n\n        new_class.add_to_class(\'_meta\', Options(meta, app_label))\n        if not abstract:\n            new_class.add_to_class(\n                \'DoesNotExist\',\n                subclass_exception(\n                    \'DoesNotExist\',\n                    tuple(\n                        x.DoesNotExist for x in parents if hasattr(x, \'_meta\') and not x._meta.abstract\n                    ) or (ObjectDoesNotExist,),\n                    module,\n                    attached_to=new_class))\n            new_class.add_to_class(\n                \'MultipleObjectsReturned\',\n                subclass_exception(\n                    \'MultipleObjectsReturned\',\n                    tuple(\n                        x.MultipleObjectsReturned for x in parents if hasattr(x, \'_meta\') and not x._meta.abstract\n                    ) or (MultipleObjectsReturned,),\n                    module,\n                    attached_to=new_class))\n            if base_meta and not base_meta.abstract:\n                # Non-abstract child classes inherit some attributes from their\n                # non-abstract parent (unless an ABC comes before it in the\n                # method resolution order).\n                if not hasattr(meta, \'ordering\'):\n                    new_class._meta.ordering = base_meta.ordering\n                if not hasattr(meta, \'get_latest_by\'):\n                    new_class._meta.get_latest_by = base_meta.get_latest_by\n\n        is_proxy = new_class._meta.proxy\n\n        # If the model is a proxy, ensure that the base class\n        # hasn\'t been swapped out.\n        if is_proxy and base_meta and base_meta.swapped:\n            raise TypeError("%s cannot proxy the swapped model \'%s\'." % (name, base_meta.swapped))\n\n        # Add remaining attributes (those with a contribute_to_class() method)\n        # to the class.\n        for obj_name, obj in contributable_attrs.items():\n            new_class.add_to_class(obj_name, obj)\n\n        # All the fields of any type declared on this model\n        new_fields = chain(\n            new_class._meta.local_fields,\n            new_class._meta.local_many_to_many,\n            new_class._meta.private_fields\n        )\n        field_names = {f.name for f in new_fields}\n\n        # Basic setup for proxy models.\n        if is_proxy:\n            base = None\n            for parent in [kls for kls in parents if hasattr(kls, \'_meta\')]:\n                if parent._meta.abstract:\n                    if parent._meta.fields:\n                        raise TypeError(\n                            "Abstract base class containing model fields not "\n                            "permitted for proxy model \'%s\'." % name\n                        )\n                    else:\n                        continue\n                if base is None:\n                    base = parent\n                elif parent._meta.concrete_model is not base._meta.concrete_model:\n                    raise TypeError("Proxy model \'%s\' has more than one non-abstract model base class." % name)\n            if base is None:\n                raise TypeError("Proxy model \'%s\' has no non-abstract model base class." % name)\n            new_class._meta.setup_proxy(base)\n            new_class._meta.concrete_model = base._meta.concrete_model\n        else:\n            new_class._meta.concrete_model = new_class\n\n        # Collect the parent links for multi-table inheritance.\n        parent_links = {}\n        for base in reversed([new_class] + parents):\n            # Conceptually equivalent to `if base is Model`.\n            if not hasattr(base, \'_meta\'):\n                continue\n            # Skip concrete parent classes.\n            if base != new_class and not base._meta.abstract:\n                continue\n            # Locate OneToOneField instances.\n            for field in base._meta.local_fields:\n                if isinstance(field, OneToOneField):\n                    related = resolve_relation(new_class, field.remote_field.model)\n                    parent_links[make_model_tuple(related)] = field\n\n        # Track fields inherited from base models.\n        inherited_attributes = set()\n        # Do the appropriate setup for any model parents.\n        for base in new_class.mro():\n            if base not in parents or not hasattr(base, \'_meta\'):\n                # Things without _meta aren\'t functional models, so they\'re\n                # uninteresting parents.\n                inherited_attributes.update(base.__dict__)\n                continue\n\n            parent_fields = base._meta.local_fields + base._meta.local_many_to_many\n            if not base._meta.abstract:\n                # Check for clashes between locally declared fields and those\n                # on the base classes.\n                for field in parent_fields:\n                    if field.name in field_names:\n                        raise FieldError(\n                            \'Local field %r in class %r clashes with field of \'\n                            \'the same name from base class %r.\' % (\n                                field.name,\n                                name,\n                                base.__name__,\n                            )\n                        )\n                    else:\n                        inherited_attributes.add(field.name)\n\n                # Concrete classes...\n                base = base._meta.concrete_model\n                base_key = make_model_tuple(base)\n                if base_key in parent_links:\n                    field = parent_links[base_key]\n                elif not is_proxy:\n                    attr_name = \'%s_ptr\' % base._meta.model_name\n                    field = OneToOneField(\n                        base,\n                        on_delete=CASCADE,\n                        name=attr_name,\n                        auto_created=True,\n                        parent_link=True,\n                    )\n\n                    if attr_name in field_names:\n                        raise FieldError(\n                            "Auto-generated field \'%s\' in class %r for "\n                            "parent_link to base class %r clashes with "\n                            "declared field of the same name." % (\n                                attr_name,\n                                name,\n                                base.__name__,\n                            )\n                        )\n\n                    # Only add the ptr field if it\'s not already present;\n                    # e.g. migrations will already have it specified\n                    if not hasattr(new_class, attr_name):\n                        new_class.add_to_class(attr_name, field)\n                else:\n                    field = None\n                new_class._meta.parents[base] = field\n            else:\n                base_parents = base._meta.parents.copy()\n\n                # Add fields from abstract base class if it wasn\'t overridden.\n                for field in parent_fields:\n                    if (field.name not in field_names and\n                            field.name not in new_class.__dict__ and\n                            field.name not in inherited_attributes):\n                        new_field = copy.deepcopy(field)\n                        new_class.add_to_class(field.name, new_field)\n                        # Replace parent links defined on this base by the new\n                        # field. It will be appropriately resolved if required.\n                        if field.one_to_one:\n                            for parent, parent_link in base_parents.items():\n                                if field == parent_link:\n                                    base_parents[parent] = new_field\n\n                # Pass any non-abstract parent classes onto child.\n                new_class._meta.parents.update(base_parents)\n\n            # Inherit private fields (like GenericForeignKey) from the parent\n            # class\n            for field in base._meta.private_fields:\n                if field.name in field_names:\n                    if not base._meta.abstract:\n                        raise FieldError(\n                            \'Local field %r in class %r clashes with field of \'\n                            \'the same name from base class %r.\' % (\n                                field.name,\n                                name,\n                                base.__name__,\n                            )\n                        )\n                else:\n                    field = copy.deepcopy(field)\n                    if not base._meta.abstract:\n                        field.mti_inherited = True\n                    new_class.add_to_class(field.name, field)\n\n        # Copy indexes so that index names are unique when models extend an\n        # abstract model.\n        new_class._meta.indexes = [copy.deepcopy(idx) for idx in new_class._meta.indexes]\n\n        if abstract:\n            # Abstract base models can\'t be instantiated and don\'t appear in\n            # the list of models for an app. We do the final setup for them a\n            # little differently from normal models.\n            attr_meta.abstract = False\n            new_class.Meta = attr_meta\n            return new_class\n\n        new_class._prepare()\n        new_class._meta.apps.register_model(new_class._meta.app_label, new_class)\n        return new_class\n'), SearchResult(search_action='search_method_in_class', search_action_input={'class_name': 'ModelBase', 'method_name': '_prepare', 'file_path': 'django/db/models/base.py'}, search_content='File Path: django/db/models/base.py \nMethod Content: \n    def _prepare(cls):\n        """Create some methods once self._meta has been populated."""\n        opts = cls._meta\n        opts._prepare(cls)\n\n        if opts.order_with_respect_to:\n            cls.get_next_in_order = partialmethod(cls._get_next_or_previous_in_order, is_next=True)\n            cls.get_previous_in_order = partialmethod(cls._get_next_or_previous_in_order, is_next=False)\n\n            # Defer creating accessors on the foreign class until it has been\n            # created and registered. If remote_field is None, we\'re ordering\n            # with respect to a GenericForeignKey and don\'t know what the\n            # foreign class is - we\'ll add those accessors later in\n            # contribute_to_class().\n            if opts.order_with_respect_to.remote_field:\n                wrt = opts.order_with_respect_to\n                remote = wrt.remote_field.model\n                lazy_related_operation(make_foreign_order_accessors, cls, remote)\n\n        # Give the class a docstring -- its definition.\n        if cls.__doc__ is None:\n            cls.__doc__ = "%s(%s)" % (cls.__name__, ", ".join(f.name for f in opts.fields))\n\n        get_absolute_url_override = settings.ABSOLUTE_URL_OVERRIDES.get(opts.label_lower)\n        if get_absolute_url_override:\n            setattr(cls, \'get_absolute_url\', get_absolute_url_override)\n\n        if not opts.managers:\n            if any(f.name == \'objects\' for f in opts.fields):\n                raise ValueError(\n                    "Model %s must specify a custom Manager, because it has a "\n                    "field named \'objects\'." % cls.__name__\n                )\n            manager = Manager()\n            manager.auto_created = True\n            cls.add_to_class(\'objects\', manager)\n\n        # Set the name of _meta.indexes. This can\'t be done in\n        # Options.contribute_to_class() because fields haven\'t been added to\n        # the model at that point.\n        for index in cls._meta.indexes:\n            if not index.name:\n                index.set_name_with_model(cls)\n\n        class_prepared.send(sender=cls)\n'), SearchResult(search_action='search_method_in_class', search_action_input={'class_name': 'Field', 'method_name': 'contribute_to_class', 'file_path': 'django/db/models/fields/__init__.py'}, search_content='File Path: django/db/models/fields/__init__.py \nMethod Content: \n    def contribute_to_class(self, cls, name, private_only=False):\n        """\n        Register the field with the model class it belongs to.\n\n        If private_only is True, create a separate instance of this field\n        for every subclass of cls, even if cls is not an abstract model.\n        """\n        self.set_attributes_from_name(name)\n        self.model = cls\n        cls._meta.add_field(self, private=private_only)\n        if self.column:\n            # Don\'t override classmethods with the descriptor. This means that\n            # if you have a classmethod and a field with the same name, then\n            # such fields can\'t be deferred (we don\'t have a check for this).\n            if not getattr(cls, self.attname, None):\n                setattr(cls, self.attname, self.descriptor_class(self))\n        if self.choices is not None:\n            setattr(cls, \'get_%s_display\' % self.name,\n                    partialmethod(cls._get_FIELD_display, field=self))\n'), SearchResult(search_action='search_callable', search_action_input={'query_name': '_has_contribute_to_class', 'file_path': 'django/db/models/base.py'}, search_content="File Path: django/db/models/base.py \nQuery Type: function \nCode Snippet: \ndef _has_contribute_to_class(value):\n    # Only call contribute_to_class() if it's bound.\n    return not inspect.isclass(value) and hasattr(value, 'contribute_to_class')\n"), SearchResult(search_action='search_method_in_class', search_action_input={'class_name': 'Model', 'method_name': '_get_FIELD_display', 'file_path': 'django/db/models/base.py'}, search_content='File Path: django/db/models/base.py \nMethod Content: \n    def _get_FIELD_display(self, field):\n        value = getattr(self, field.attname)\n        # force_str() to coerce lazy strings.\n        return force_str(dict(field.flatchoices).get(value, value), strings_only=True)\n')]
[2026-07-29 14:44:50,500 - Orcar.search_agent - INFO] in_token_cnt=7465 out_token_cnt=247
[2026-07-29 14:44:50,501 - Orcar.search_agent - INFO] Chat response: assistant: {
  "observation_feedback": "The strongest evidence is that `Field.contribute_to_class()` installs `get_%s_display` unconditionally with `setattr`, which can overwrite a user-defined `get_foo_bar_display()` after the model body has already defined it. `ModelBase.__new__()` and `_prepare()` still matter because they control when field contribution happens, but `Model._get_FIELD_display()` is only the shared fallback implementation and is unlikely to be the regression point itself.",
  "potential_bug_locations": [
    {
      "file_path": "django/db/models/fields/__init__.py",
      "class_name": "Field",
      "method_name": "contribute_to_class"
    },
    {
      "file_path": "django/db/models/base.py",
      "class_name": "ModelBase",
      "method_name": "_prepare"
    }
  ],
  "new_search_actions": [
    {
      "action": "search_method_in_class",
      "action_input": {
        "class_name": "Field",
        "method_name": "formfield",
        "file_path": "django/db/models/fields/__init__.py"
      }
    }
  ]
}
[2026-07-29 14:44:50,501 - action_history - DEBUG] Action history: 
 SearchActionHistory(
  Search Action: search_class
Search Action Input: {'class_name': 'ModelBase', 'file_path': 'django/db/models/base.py'}: 1
  Search Action: search_method_in_class
Search Action Input: {'class_name': 'ModelBase', 'method_name': '__new__', 'file_path': 'django/db/models/base.py'}: 2
  Search Action: search_method_in_class
Search Action Input: {'class_name': 'Model', 'method_name': '_get_FIELD_display', 'file_path': 'django/db/models/base.py'}: 3
  Search Action: search_method_in_class
Search Action Input: {'class_name': 'ModelBase', 'method_name': '_prepare', 'file_path': 'django/db/models/base.py'}: 4
  Search Action: search_file_contents
Search Action Input: {'file_name': 'base.py', 'directory_path': 'django/db/models'}: 4
  Search Action: search_file_contents
Search Action Input: {'file_name': 'fields.py', 'directory_path': 'django/db/models'}: 2
  Search Action: search_callable
Search Action Input: {'query_name': '_has_contribute_to_class', 'file_path': 'django/db/models/base.py'}: 3
  Search Action: search_class
Search Action Input: {'class_name': 'Field', 'file_path': 'django/db/models/fields/__init__.py'}: 1
  Search Action: search_method_in_class
Search Action Input: {'class_name': 'Field', 'method_name': 'contribute_to_class', 'file_path': 'django/db/models/fields/__init__.py'}: 2
  Search Action: search_method_in_class
Search Action Input: {'class_name': 'Field', 'method_name': 'formfield', 'file_path': 'django/db/models/fields/__init__.py'}: 3
  Search Action: search_file_contents
Search Action Input: {'file_name': '__init__.py', 'directory_path': 'django/db/models/fields'}: 3
)
[2026-07-29 14:44:50,501 - Orcar.search_agent - INFO] Current search queue size: 1
[2026-07-29 14:44:51,508 - Orcar.search_agent - INFO] Is early stop: False similarity: True
[2026-07-29 14:44:51,509 - Orcar.search_agent - INFO] Is complete: False
[2026-07-29 14:44:51,509 - search_queue - DEBUG] search queue: 
 SearchQueue(
  Value: 3, Action: Search Action: search_method_in_class
Search Action Input: {'class_name': 'Field', 'method_name': 'formfield', 'file_path': 'django/db/models/fields/__init__.py'}
)
[2026-07-29 14:44:51,557 - Orcar.search_agent - DEBUG] Search content: [ChatMessage(role=<MessageRole.USER: 'user'>, additional_kwargs={}, blocks=[TextBlock(block_type='text', text='Please provide observation feedback and new_search_actions on the search results below. \n<New Info>\n\n            Search Action: search_method_in_class\n\n            Search Action Input: {\'class_name\': \'Field\', \'method_name\': \'formfield\', \'file_path\': \'django/db/models/fields/__init__.py\'}\n\n            File Path: django/db/models/fields/__init__.py \nMethod Content: \n    def formfield(self, form_class=None, choices_form_class=None, **kwargs):\n        """Return a django.forms.Field instance for this field."""\n        defaults = {\n            \'required\': not self.blank,\n            \'label\': capfirst(self.verbose_name),\n            \'help_text\': self.help_text,\n        }\n        if self.has_default():\n            if callable(self.default):\n                defaults[\'initial\'] = self.default\n                defaults[\'show_hidden_initial\'] = True\n            else:\n                defaults[\'initial\'] = self.get_default()\n        if self.choices is not None:\n            # Fields with choices get special treatment.\n            include_blank = (self.blank or\n                             not (self.has_default() or \'initial\' in kwargs))\n            defaults[\'choices\'] = self.get_choices(include_blank=include_blank)\n            defaults[\'coerce\'] = self.to_python\n            if self.null:\n                defaults[\'empty_value\'] = None\n            if choices_form_class is not None:\n                form_class = choices_form_class\n            else:\n                form_class = forms.TypedChoiceField\n            # Many of the subclass-specific formfield arguments (min_value,\n            # max_value) don\'t apply for choice fields, so be sure to only pass\n            # the values that TypedChoiceField will understand.\n            for k in list(kwargs):\n                if k not in (\'coerce\', \'empty_value\', \'choices\', \'required\',\n                             \'widget\', \'label\', \'initial\', \'help_text\',\n                             \'error_messages\', \'show_hidden_initial\', \'disabled\'):\n                    del kwargs[k]\n        defaults.update(kwargs)\n        if form_class is None:\n            form_class = forms.CharField\n        return form_class(**defaults)\n\n</New Info>\n')])]
[2026-07-29 14:44:51,558 - Orcar.search_agent - INFO] Search cache: [SearchResult(search_action='search_method_in_class', search_action_input={'class_name': 'ModelBase', 'method_name': '_prepare', 'file_path': 'django/db/models/base.py'}, search_content='File Path: django/db/models/base.py \nMethod Content: \n    def _prepare(cls):\n        """Create some methods once self._meta has been populated."""\n        opts = cls._meta\n        opts._prepare(cls)\n\n        if opts.order_with_respect_to:\n            cls.get_next_in_order = partialmethod(cls._get_next_or_previous_in_order, is_next=True)\n            cls.get_previous_in_order = partialmethod(cls._get_next_or_previous_in_order, is_next=False)\n\n            # Defer creating accessors on the foreign class until it has been\n            # created and registered. If remote_field is None, we\'re ordering\n            # with respect to a GenericForeignKey and don\'t know what the\n            # foreign class is - we\'ll add those accessors later in\n            # contribute_to_class().\n            if opts.order_with_respect_to.remote_field:\n                wrt = opts.order_with_respect_to\n                remote = wrt.remote_field.model\n                lazy_related_operation(make_foreign_order_accessors, cls, remote)\n\n        # Give the class a docstring -- its definition.\n        if cls.__doc__ is None:\n            cls.__doc__ = "%s(%s)" % (cls.__name__, ", ".join(f.name for f in opts.fields))\n\n        get_absolute_url_override = settings.ABSOLUTE_URL_OVERRIDES.get(opts.label_lower)\n        if get_absolute_url_override:\n            setattr(cls, \'get_absolute_url\', get_absolute_url_override)\n\n        if not opts.managers:\n            if any(f.name == \'objects\' for f in opts.fields):\n                raise ValueError(\n                    "Model %s must specify a custom Manager, because it has a "\n                    "field named \'objects\'." % cls.__name__\n                )\n            manager = Manager()\n            manager.auto_created = True\n            cls.add_to_class(\'objects\', manager)\n\n        # Set the name of _meta.indexes. This can\'t be done in\n        # Options.contribute_to_class() because fields haven\'t been added to\n        # the model at that point.\n        for index in cls._meta.indexes:\n            if not index.name:\n                index.set_name_with_model(cls)\n\n        class_prepared.send(sender=cls)\n'), SearchResult(search_action='search_method_in_class', search_action_input={'class_name': 'Field', 'method_name': 'contribute_to_class', 'file_path': 'django/db/models/fields/__init__.py'}, search_content='File Path: django/db/models/fields/__init__.py \nMethod Content: \n    def contribute_to_class(self, cls, name, private_only=False):\n        """\n        Register the field with the model class it belongs to.\n\n        If private_only is True, create a separate instance of this field\n        for every subclass of cls, even if cls is not an abstract model.\n        """\n        self.set_attributes_from_name(name)\n        self.model = cls\n        cls._meta.add_field(self, private=private_only)\n        if self.column:\n            # Don\'t override classmethods with the descriptor. This means that\n            # if you have a classmethod and a field with the same name, then\n            # such fields can\'t be deferred (we don\'t have a check for this).\n            if not getattr(cls, self.attname, None):\n                setattr(cls, self.attname, self.descriptor_class(self))\n        if self.choices is not None:\n            setattr(cls, \'get_%s_display\' % self.name,\n                    partialmethod(cls._get_FIELD_display, field=self))\n'), SearchResult(search_action='search_method_in_class', search_action_input={'class_name': 'ModelBase', 'method_name': '__new__', 'file_path': 'django/db/models/base.py'}, search_content='File Path: django/db/models/base.py \nMethod Content: \n    def __new__(cls, name, bases, attrs, **kwargs):\n        super_new = super().__new__\n\n        # Also ensure initialization is only performed for subclasses of Model\n        # (excluding Model class itself).\n        parents = [b for b in bases if isinstance(b, ModelBase)]\n        if not parents:\n            return super_new(cls, name, bases, attrs)\n\n        # Create the class.\n        module = attrs.pop(\'__module__\')\n        new_attrs = {\'__module__\': module}\n        classcell = attrs.pop(\'__classcell__\', None)\n        if classcell is not None:\n            new_attrs[\'__classcell__\'] = classcell\n        attr_meta = attrs.pop(\'Meta\', None)\n        # Pass all attrs without a (Django-specific) contribute_to_class()\n        # method to type.__new__() so that they\'re properly initialized\n        # (i.e. __set_name__()).\n        contributable_attrs = {}\n        for obj_name, obj in list(attrs.items()):\n            if _has_contribute_to_class(obj):\n                contributable_attrs[obj_name] = obj\n            else:\n                new_attrs[obj_name] = obj\n        new_class = super_new(cls, name, bases, new_attrs, **kwargs)\n\n        abstract = getattr(attr_meta, \'abstract\', False)\n        meta = attr_meta or getattr(new_class, \'Meta\', None)\n        base_meta = getattr(new_class, \'_meta\', None)\n\n        app_label = None\n\n        # Look for an application configuration to attach the model to.\n        app_config = apps.get_containing_app_config(module)\n\n        if getattr(meta, \'app_label\', None) is None:\n            if app_config is None:\n                if not abstract:\n                    raise RuntimeError(\n                        "Model class %s.%s doesn\'t declare an explicit "\n                        "app_label and isn\'t in an application in "\n                        "INSTALLED_APPS." % (module, name)\n                    )\n\n            else:\n                app_label = app_config.label\n\n        new_class.add_to_class(\'_meta\', Options(meta, app_label))\n        if not abstract:\n            new_class.add_to_class(\n                \'DoesNotExist\',\n                subclass_exception(\n                    \'DoesNotExist\',\n                    tuple(\n                        x.DoesNotExist for x in parents if hasattr(x, \'_meta\') and not x._meta.abstract\n                    ) or (ObjectDoesNotExist,),\n                    module,\n                    attached_to=new_class))\n            new_class.add_to_class(\n                \'MultipleObjectsReturned\',\n                subclass_exception(\n                    \'MultipleObjectsReturned\',\n                    tuple(\n                        x.MultipleObjectsReturned for x in parents if hasattr(x, \'_meta\') and not x._meta.abstract\n                    ) or (MultipleObjectsReturned,),\n                    module,\n                    attached_to=new_class))\n            if base_meta and not base_meta.abstract:\n                # Non-abstract child classes inherit some attributes from their\n                # non-abstract parent (unless an ABC comes before it in the\n                # method resolution order).\n                if not hasattr(meta, \'ordering\'):\n                    new_class._meta.ordering = base_meta.ordering\n                if not hasattr(meta, \'get_latest_by\'):\n                    new_class._meta.get_latest_by = base_meta.get_latest_by\n\n        is_proxy = new_class._meta.proxy\n\n        # If the model is a proxy, ensure that the base class\n        # hasn\'t been swapped out.\n        if is_proxy and base_meta and base_meta.swapped:\n            raise TypeError("%s cannot proxy the swapped model \'%s\'." % (name, base_meta.swapped))\n\n        # Add remaining attributes (those with a contribute_to_class() method)\n        # to the class.\n        for obj_name, obj in contributable_attrs.items():\n            new_class.add_to_class(obj_name, obj)\n\n        # All the fields of any type declared on this model\n        new_fields = chain(\n            new_class._meta.local_fields,\n            new_class._meta.local_many_to_many,\n            new_class._meta.private_fields\n        )\n        field_names = {f.name for f in new_fields}\n\n        # Basic setup for proxy models.\n        if is_proxy:\n            base = None\n            for parent in [kls for kls in parents if hasattr(kls, \'_meta\')]:\n                if parent._meta.abstract:\n                    if parent._meta.fields:\n                        raise TypeError(\n                            "Abstract base class containing model fields not "\n                            "permitted for proxy model \'%s\'." % name\n                        )\n                    else:\n                        continue\n                if base is None:\n                    base = parent\n                elif parent._meta.concrete_model is not base._meta.concrete_model:\n                    raise TypeError("Proxy model \'%s\' has more than one non-abstract model base class." % name)\n            if base is None:\n                raise TypeError("Proxy model \'%s\' has no non-abstract model base class." % name)\n            new_class._meta.setup_proxy(base)\n            new_class._meta.concrete_model = base._meta.concrete_model\n        else:\n            new_class._meta.concrete_model = new_class\n\n        # Collect the parent links for multi-table inheritance.\n        parent_links = {}\n        for base in reversed([new_class] + parents):\n            # Conceptually equivalent to `if base is Model`.\n            if not hasattr(base, \'_meta\'):\n                continue\n            # Skip concrete parent classes.\n            if base != new_class and not base._meta.abstract:\n                continue\n            # Locate OneToOneField instances.\n            for field in base._meta.local_fields:\n                if isinstance(field, OneToOneField):\n                    related = resolve_relation(new_class, field.remote_field.model)\n                    parent_links[make_model_tuple(related)] = field\n\n        # Track fields inherited from base models.\n        inherited_attributes = set()\n        # Do the appropriate setup for any model parents.\n        for base in new_class.mro():\n            if base not in parents or not hasattr(base, \'_meta\'):\n                # Things without _meta aren\'t functional models, so they\'re\n                # uninteresting parents.\n                inherited_attributes.update(base.__dict__)\n                continue\n\n            parent_fields = base._meta.local_fields + base._meta.local_many_to_many\n            if not base._meta.abstract:\n                # Check for clashes between locally declared fields and those\n                # on the base classes.\n                for field in parent_fields:\n                    if field.name in field_names:\n                        raise FieldError(\n                            \'Local field %r in class %r clashes with field of \'\n                            \'the same name from base class %r.\' % (\n                                field.name,\n                                name,\n                                base.__name__,\n                            )\n                        )\n                    else:\n                        inherited_attributes.add(field.name)\n\n                # Concrete classes...\n                base = base._meta.concrete_model\n                base_key = make_model_tuple(base)\n                if base_key in parent_links:\n                    field = parent_links[base_key]\n                elif not is_proxy:\n                    attr_name = \'%s_ptr\' % base._meta.model_name\n                    field = OneToOneField(\n                        base,\n                        on_delete=CASCADE,\n                        name=attr_name,\n                        auto_created=True,\n                        parent_link=True,\n                    )\n\n                    if attr_name in field_names:\n                        raise FieldError(\n                            "Auto-generated field \'%s\' in class %r for "\n                            "parent_link to base class %r clashes with "\n                            "declared field of the same name." % (\n                                attr_name,\n                                name,\n                                base.__name__,\n                            )\n                        )\n\n                    # Only add the ptr field if it\'s not already present;\n                    # e.g. migrations will already have it specified\n                    if not hasattr(new_class, attr_name):\n                        new_class.add_to_class(attr_name, field)\n                else:\n                    field = None\n                new_class._meta.parents[base] = field\n            else:\n                base_parents = base._meta.parents.copy()\n\n                # Add fields from abstract base class if it wasn\'t overridden.\n                for field in parent_fields:\n                    if (field.name not in field_names and\n                            field.name not in new_class.__dict__ and\n                            field.name not in inherited_attributes):\n                        new_field = copy.deepcopy(field)\n                        new_class.add_to_class(field.name, new_field)\n                        # Replace parent links defined on this base by the new\n                        # field. It will be appropriately resolved if required.\n                        if field.one_to_one:\n                            for parent, parent_link in base_parents.items():\n                                if field == parent_link:\n                                    base_parents[parent] = new_field\n\n                # Pass any non-abstract parent classes onto child.\n                new_class._meta.parents.update(base_parents)\n\n            # Inherit private fields (like GenericForeignKey) from the parent\n            # class\n            for field in base._meta.private_fields:\n                if field.name in field_names:\n                    if not base._meta.abstract:\n                        raise FieldError(\n                            \'Local field %r in class %r clashes with field of \'\n                            \'the same name from base class %r.\' % (\n                                field.name,\n                                name,\n                                base.__name__,\n                            )\n                        )\n                else:\n                    field = copy.deepcopy(field)\n                    if not base._meta.abstract:\n                        field.mti_inherited = True\n                    new_class.add_to_class(field.name, field)\n\n        # Copy indexes so that index names are unique when models extend an\n        # abstract model.\n        new_class._meta.indexes = [copy.deepcopy(idx) for idx in new_class._meta.indexes]\n\n        if abstract:\n            # Abstract base models can\'t be instantiated and don\'t appear in\n            # the list of models for an app. We do the final setup for them a\n            # little differently from normal models.\n            attr_meta.abstract = False\n            new_class.Meta = attr_meta\n            return new_class\n\n        new_class._prepare()\n        new_class._meta.apps.register_model(new_class._meta.app_label, new_class)\n        return new_class\n'), SearchResult(search_action='search_method_in_class', search_action_input={'class_name': 'Field', 'method_name': 'formfield', 'file_path': 'django/db/models/fields/__init__.py'}, search_content='File Path: django/db/models/fields/__init__.py \nMethod Content: \n    def formfield(self, form_class=None, choices_form_class=None, **kwargs):\n        """Return a django.forms.Field instance for this field."""\n        defaults = {\n            \'required\': not self.blank,\n            \'label\': capfirst(self.verbose_name),\n            \'help_text\': self.help_text,\n        }\n        if self.has_default():\n            if callable(self.default):\n                defaults[\'initial\'] = self.default\n                defaults[\'show_hidden_initial\'] = True\n            else:\n                defaults[\'initial\'] = self.get_default()\n        if self.choices is not None:\n            # Fields with choices get special treatment.\n            include_blank = (self.blank or\n                             not (self.has_default() or \'initial\' in kwargs))\n            defaults[\'choices\'] = self.get_choices(include_blank=include_blank)\n            defaults[\'coerce\'] = self.to_python\n            if self.null:\n                defaults[\'empty_value\'] = None\n            if choices_form_class is not None:\n                form_class = choices_form_class\n            else:\n                form_class = forms.TypedChoiceField\n            # Many of the subclass-specific formfield arguments (min_value,\n            # max_value) don\'t apply for choice fields, so be sure to only pass\n            # the values that TypedChoiceField will understand.\n            for k in list(kwargs):\n                if k not in (\'coerce\', \'empty_value\', \'choices\', \'required\',\n                             \'widget\', \'label\', \'initial\', \'help_text\',\n                             \'error_messages\', \'show_hidden_initial\', \'disabled\'):\n                    del kwargs[k]\n        defaults.update(kwargs)\n        if form_class is None:\n            form_class = forms.CharField\n        return form_class(**defaults)\n'), SearchResult(search_action='search_method_in_class', search_action_input={'class_name': 'Model', 'method_name': '_get_FIELD_display', 'file_path': 'django/db/models/base.py'}, search_content='File Path: django/db/models/base.py \nMethod Content: \n    def _get_FIELD_display(self, field):\n        value = getattr(self, field.attname)\n        # force_str() to coerce lazy strings.\n        return force_str(dict(field.flatchoices).get(value, value), strings_only=True)\n'), SearchResult(search_action='search_callable', search_action_input={'query_name': '_has_contribute_to_class', 'file_path': 'django/db/models/base.py'}, search_content="File Path: django/db/models/base.py \nQuery Type: function \nCode Snippet: \ndef _has_contribute_to_class(value):\n    # Only call contribute_to_class() if it's bound.\n    return not inspect.isclass(value) and hasattr(value, 'contribute_to_class')\n")]
[2026-07-29 14:44:59,438 - Orcar.search_agent - INFO] in_token_cnt=7668 out_token_cnt=229
[2026-07-29 14:44:59,438 - Orcar.search_agent - INFO] Chat response: assistant: {
  "observation_feedback": "The regression is most likely caused by `Field.contribute_to_class()` installing `get_%s_display` with `setattr` after the model class body has already been created, which can overwrite a user-defined `get_foo_bar_display()` method. `ModelBase.__new__()` and `_prepare()` are the surrounding class-construction path that makes this timing possible, while `Model._get_FIELD_display()` is only the shared fallback implementation and is unlikely to be the direct bug.",
  "potential_bug_locations": [
    {
      "file_path": "django/db/models/fields/__init__.py",
      "class_name": "Field",
      "method_name": "contribute_to_class"
    },
    {
      "file_path": "django/db/models/base.py",
      "class_name": "ModelBase",
      "method_name": "__new__"
    },
    {
      "file_path": "django/db/models/base.py",
      "class_name": "ModelBase",
      "method_name": "_prepare"
    }
  ],
  "new_search_actions": []
}
[2026-07-29 14:44:59,438 - action_history - DEBUG] Action history: 
 SearchActionHistory(
  Search Action: search_class
Search Action Input: {'class_name': 'ModelBase', 'file_path': 'django/db/models/base.py'}: 1
  Search Action: search_method_in_class
Search Action Input: {'class_name': 'ModelBase', 'method_name': '__new__', 'file_path': 'django/db/models/base.py'}: 2
  Search Action: search_method_in_class
Search Action Input: {'class_name': 'Model', 'method_name': '_get_FIELD_display', 'file_path': 'django/db/models/base.py'}: 3
  Search Action: search_method_in_class
Search Action Input: {'class_name': 'ModelBase', 'method_name': '_prepare', 'file_path': 'django/db/models/base.py'}: 4
  Search Action: search_file_contents
Search Action Input: {'file_name': 'base.py', 'directory_path': 'django/db/models'}: 4
  Search Action: search_file_contents
Search Action Input: {'file_name': 'fields.py', 'directory_path': 'django/db/models'}: 2
  Search Action: search_callable
Search Action Input: {'query_name': '_has_contribute_to_class', 'file_path': 'django/db/models/base.py'}: 3
  Search Action: search_class
Search Action Input: {'class_name': 'Field', 'file_path': 'django/db/models/fields/__init__.py'}: 1
  Search Action: search_method_in_class
Search Action Input: {'class_name': 'Field', 'method_name': 'contribute_to_class', 'file_path': 'django/db/models/fields/__init__.py'}: 2
  Search Action: search_method_in_class
Search Action Input: {'class_name': 'Field', 'method_name': 'formfield', 'file_path': 'django/db/models/fields/__init__.py'}: 3
  Search Action: search_file_contents
Search Action Input: {'file_name': '__init__.py', 'directory_path': 'django/db/models/fields'}: 3
)
[2026-07-29 14:44:59,439 - Orcar.search_agent - INFO] Current search queue size: 0
[2026-07-29 14:45:00,540 - Orcar.search_agent - INFO] Is early stop: False similarity: True
[2026-07-29 14:45:00,541 - Orcar.search_agent - INFO] Is complete: True
[2026-07-29 14:45:00,552 - Orcar.search_agent - DEBUG] Search content: [ChatMessage(role=<MessageRole.USER: 'user'>, additional_kwargs={}, blocks=[TextBlock(block_type='text', text="Now let's come to a conclusion. Please produce the bug locations.\n                    Please don't generate observations or new_search_actions. \n\n                    It's time for CONCLUSION! \n\n                    \n")])]
[2026-07-29 14:45:00,552 - Orcar.search_agent - INFO] Search cache: [SearchResult(search_action='search_method_in_class', search_action_input={'class_name': 'ModelBase', 'method_name': '_prepare', 'file_path': 'django/db/models/base.py'}, search_content='File Path: django/db/models/base.py \nMethod Content: \n    def _prepare(cls):\n        """Create some methods once self._meta has been populated."""\n        opts = cls._meta\n        opts._prepare(cls)\n\n        if opts.order_with_respect_to:\n            cls.get_next_in_order = partialmethod(cls._get_next_or_previous_in_order, is_next=True)\n            cls.get_previous_in_order = partialmethod(cls._get_next_or_previous_in_order, is_next=False)\n\n            # Defer creating accessors on the foreign class until it has been\n            # created and registered. If remote_field is None, we\'re ordering\n            # with respect to a GenericForeignKey and don\'t know what the\n            # foreign class is - we\'ll add those accessors later in\n            # contribute_to_class().\n            if opts.order_with_respect_to.remote_field:\n                wrt = opts.order_with_respect_to\n                remote = wrt.remote_field.model\n                lazy_related_operation(make_foreign_order_accessors, cls, remote)\n\n        # Give the class a docstring -- its definition.\n        if cls.__doc__ is None:\n            cls.__doc__ = "%s(%s)" % (cls.__name__, ", ".join(f.name for f in opts.fields))\n\n        get_absolute_url_override = settings.ABSOLUTE_URL_OVERRIDES.get(opts.label_lower)\n        if get_absolute_url_override:\n            setattr(cls, \'get_absolute_url\', get_absolute_url_override)\n\n        if not opts.managers:\n            if any(f.name == \'objects\' for f in opts.fields):\n                raise ValueError(\n                    "Model %s must specify a custom Manager, because it has a "\n                    "field named \'objects\'." % cls.__name__\n                )\n            manager = Manager()\n            manager.auto_created = True\n            cls.add_to_class(\'objects\', manager)\n\n        # Set the name of _meta.indexes. This can\'t be done in\n        # Options.contribute_to_class() because fields haven\'t been added to\n        # the model at that point.\n        for index in cls._meta.indexes:\n            if not index.name:\n                index.set_name_with_model(cls)\n\n        class_prepared.send(sender=cls)\n'), SearchResult(search_action='search_method_in_class', search_action_input={'class_name': 'Field', 'method_name': 'contribute_to_class', 'file_path': 'django/db/models/fields/__init__.py'}, search_content='File Path: django/db/models/fields/__init__.py \nMethod Content: \n    def contribute_to_class(self, cls, name, private_only=False):\n        """\n        Register the field with the model class it belongs to.\n\n        If private_only is True, create a separate instance of this field\n        for every subclass of cls, even if cls is not an abstract model.\n        """\n        self.set_attributes_from_name(name)\n        self.model = cls\n        cls._meta.add_field(self, private=private_only)\n        if self.column:\n            # Don\'t override classmethods with the descriptor. This means that\n            # if you have a classmethod and a field with the same name, then\n            # such fields can\'t be deferred (we don\'t have a check for this).\n            if not getattr(cls, self.attname, None):\n                setattr(cls, self.attname, self.descriptor_class(self))\n        if self.choices is not None:\n            setattr(cls, \'get_%s_display\' % self.name,\n                    partialmethod(cls._get_FIELD_display, field=self))\n'), SearchResult(search_action='search_method_in_class', search_action_input={'class_name': 'ModelBase', 'method_name': '__new__', 'file_path': 'django/db/models/base.py'}, search_content='File Path: django/db/models/base.py \nMethod Content: \n    def __new__(cls, name, bases, attrs, **kwargs):\n        super_new = super().__new__\n\n        # Also ensure initialization is only performed for subclasses of Model\n        # (excluding Model class itself).\n        parents = [b for b in bases if isinstance(b, ModelBase)]\n        if not parents:\n            return super_new(cls, name, bases, attrs)\n\n        # Create the class.\n        module = attrs.pop(\'__module__\')\n        new_attrs = {\'__module__\': module}\n        classcell = attrs.pop(\'__classcell__\', None)\n        if classcell is not None:\n            new_attrs[\'__classcell__\'] = classcell\n        attr_meta = attrs.pop(\'Meta\', None)\n        # Pass all attrs without a (Django-specific) contribute_to_class()\n        # method to type.__new__() so that they\'re properly initialized\n        # (i.e. __set_name__()).\n        contributable_attrs = {}\n        for obj_name, obj in list(attrs.items()):\n            if _has_contribute_to_class(obj):\n                contributable_attrs[obj_name] = obj\n            else:\n                new_attrs[obj_name] = obj\n        new_class = super_new(cls, name, bases, new_attrs, **kwargs)\n\n        abstract = getattr(attr_meta, \'abstract\', False)\n        meta = attr_meta or getattr(new_class, \'Meta\', None)\n        base_meta = getattr(new_class, \'_meta\', None)\n\n        app_label = None\n\n        # Look for an application configuration to attach the model to.\n        app_config = apps.get_containing_app_config(module)\n\n        if getattr(meta, \'app_label\', None) is None:\n            if app_config is None:\n                if not abstract:\n                    raise RuntimeError(\n                        "Model class %s.%s doesn\'t declare an explicit "\n                        "app_label and isn\'t in an application in "\n                        "INSTALLED_APPS." % (module, name)\n                    )\n\n            else:\n                app_label = app_config.label\n\n        new_class.add_to_class(\'_meta\', Options(meta, app_label))\n        if not abstract:\n            new_class.add_to_class(\n                \'DoesNotExist\',\n                subclass_exception(\n                    \'DoesNotExist\',\n                    tuple(\n                        x.DoesNotExist for x in parents if hasattr(x, \'_meta\') and not x._meta.abstract\n                    ) or (ObjectDoesNotExist,),\n                    module,\n                    attached_to=new_class))\n            new_class.add_to_class(\n                \'MultipleObjectsReturned\',\n                subclass_exception(\n                    \'MultipleObjectsReturned\',\n                    tuple(\n                        x.MultipleObjectsReturned for x in parents if hasattr(x, \'_meta\') and not x._meta.abstract\n                    ) or (MultipleObjectsReturned,),\n                    module,\n                    attached_to=new_class))\n            if base_meta and not base_meta.abstract:\n                # Non-abstract child classes inherit some attributes from their\n                # non-abstract parent (unless an ABC comes before it in the\n                # method resolution order).\n                if not hasattr(meta, \'ordering\'):\n                    new_class._meta.ordering = base_meta.ordering\n                if not hasattr(meta, \'get_latest_by\'):\n                    new_class._meta.get_latest_by = base_meta.get_latest_by\n\n        is_proxy = new_class._meta.proxy\n\n        # If the model is a proxy, ensure that the base class\n        # hasn\'t been swapped out.\n        if is_proxy and base_meta and base_meta.swapped:\n            raise TypeError("%s cannot proxy the swapped model \'%s\'." % (name, base_meta.swapped))\n\n        # Add remaining attributes (those with a contribute_to_class() method)\n        # to the class.\n        for obj_name, obj in contributable_attrs.items():\n            new_class.add_to_class(obj_name, obj)\n\n        # All the fields of any type declared on this model\n        new_fields = chain(\n            new_class._meta.local_fields,\n            new_class._meta.local_many_to_many,\n            new_class._meta.private_fields\n        )\n        field_names = {f.name for f in new_fields}\n\n        # Basic setup for proxy models.\n        if is_proxy:\n            base = None\n            for parent in [kls for kls in parents if hasattr(kls, \'_meta\')]:\n                if parent._meta.abstract:\n                    if parent._meta.fields:\n                        raise TypeError(\n                            "Abstract base class containing model fields not "\n                            "permitted for proxy model \'%s\'." % name\n                        )\n                    else:\n                        continue\n                if base is None:\n                    base = parent\n                elif parent._meta.concrete_model is not base._meta.concrete_model:\n                    raise TypeError("Proxy model \'%s\' has more than one non-abstract model base class." % name)\n            if base is None:\n                raise TypeError("Proxy model \'%s\' has no non-abstract model base class." % name)\n            new_class._meta.setup_proxy(base)\n            new_class._meta.concrete_model = base._meta.concrete_model\n        else:\n            new_class._meta.concrete_model = new_class\n\n        # Collect the parent links for multi-table inheritance.\n        parent_links = {}\n        for base in reversed([new_class] + parents):\n            # Conceptually equivalent to `if base is Model`.\n            if not hasattr(base, \'_meta\'):\n                continue\n            # Skip concrete parent classes.\n            if base != new_class and not base._meta.abstract:\n                continue\n            # Locate OneToOneField instances.\n            for field in base._meta.local_fields:\n                if isinstance(field, OneToOneField):\n                    related = resolve_relation(new_class, field.remote_field.model)\n                    parent_links[make_model_tuple(related)] = field\n\n        # Track fields inherited from base models.\n        inherited_attributes = set()\n        # Do the appropriate setup for any model parents.\n        for base in new_class.mro():\n            if base not in parents or not hasattr(base, \'_meta\'):\n                # Things without _meta aren\'t functional models, so they\'re\n                # uninteresting parents.\n                inherited_attributes.update(base.__dict__)\n                continue\n\n            parent_fields = base._meta.local_fields + base._meta.local_many_to_many\n            if not base._meta.abstract:\n                # Check for clashes between locally declared fields and those\n                # on the base classes.\n                for field in parent_fields:\n                    if field.name in field_names:\n                        raise FieldError(\n                            \'Local field %r in class %r clashes with field of \'\n                            \'the same name from base class %r.\' % (\n                                field.name,\n                                name,\n                                base.__name__,\n                            )\n                        )\n                    else:\n                        inherited_attributes.add(field.name)\n\n                # Concrete classes...\n                base = base._meta.concrete_model\n                base_key = make_model_tuple(base)\n                if base_key in parent_links:\n                    field = parent_links[base_key]\n                elif not is_proxy:\n                    attr_name = \'%s_ptr\' % base._meta.model_name\n                    field = OneToOneField(\n                        base,\n                        on_delete=CASCADE,\n                        name=attr_name,\n                        auto_created=True,\n                        parent_link=True,\n                    )\n\n                    if attr_name in field_names:\n                        raise FieldError(\n                            "Auto-generated field \'%s\' in class %r for "\n                            "parent_link to base class %r clashes with "\n                            "declared field of the same name." % (\n                                attr_name,\n                                name,\n                                base.__name__,\n                            )\n                        )\n\n                    # Only add the ptr field if it\'s not already present;\n                    # e.g. migrations will already have it specified\n                    if not hasattr(new_class, attr_name):\n                        new_class.add_to_class(attr_name, field)\n                else:\n                    field = None\n                new_class._meta.parents[base] = field\n            else:\n                base_parents = base._meta.parents.copy()\n\n                # Add fields from abstract base class if it wasn\'t overridden.\n                for field in parent_fields:\n                    if (field.name not in field_names and\n                            field.name not in new_class.__dict__ and\n                            field.name not in inherited_attributes):\n                        new_field = copy.deepcopy(field)\n                        new_class.add_to_class(field.name, new_field)\n                        # Replace parent links defined on this base by the new\n                        # field. It will be appropriately resolved if required.\n                        if field.one_to_one:\n                            for parent, parent_link in base_parents.items():\n                                if field == parent_link:\n                                    base_parents[parent] = new_field\n\n                # Pass any non-abstract parent classes onto child.\n                new_class._meta.parents.update(base_parents)\n\n            # Inherit private fields (like GenericForeignKey) from the parent\n            # class\n            for field in base._meta.private_fields:\n                if field.name in field_names:\n                    if not base._meta.abstract:\n                        raise FieldError(\n                            \'Local field %r in class %r clashes with field of \'\n                            \'the same name from base class %r.\' % (\n                                field.name,\n                                name,\n                                base.__name__,\n                            )\n                        )\n                else:\n                    field = copy.deepcopy(field)\n                    if not base._meta.abstract:\n                        field.mti_inherited = True\n                    new_class.add_to_class(field.name, field)\n\n        # Copy indexes so that index names are unique when models extend an\n        # abstract model.\n        new_class._meta.indexes = [copy.deepcopy(idx) for idx in new_class._meta.indexes]\n\n        if abstract:\n            # Abstract base models can\'t be instantiated and don\'t appear in\n            # the list of models for an app. We do the final setup for them a\n            # little differently from normal models.\n            attr_meta.abstract = False\n            new_class.Meta = attr_meta\n            return new_class\n\n        new_class._prepare()\n        new_class._meta.apps.register_model(new_class._meta.app_label, new_class)\n        return new_class\n'), SearchResult(search_action='search_method_in_class', search_action_input={'class_name': 'Field', 'method_name': 'formfield', 'file_path': 'django/db/models/fields/__init__.py'}, search_content='File Path: django/db/models/fields/__init__.py \nMethod Content: \n    def formfield(self, form_class=None, choices_form_class=None, **kwargs):\n        """Return a django.forms.Field instance for this field."""\n        defaults = {\n            \'required\': not self.blank,\n            \'label\': capfirst(self.verbose_name),\n            \'help_text\': self.help_text,\n        }\n        if self.has_default():\n            if callable(self.default):\n                defaults[\'initial\'] = self.default\n                defaults[\'show_hidden_initial\'] = True\n            else:\n                defaults[\'initial\'] = self.get_default()\n        if self.choices is not None:\n            # Fields with choices get special treatment.\n            include_blank = (self.blank or\n                             not (self.has_default() or \'initial\' in kwargs))\n            defaults[\'choices\'] = self.get_choices(include_blank=include_blank)\n            defaults[\'coerce\'] = self.to_python\n            if self.null:\n                defaults[\'empty_value\'] = None\n            if choices_form_class is not None:\n                form_class = choices_form_class\n            else:\n                form_class = forms.TypedChoiceField\n            # Many of the subclass-specific formfield arguments (min_value,\n            # max_value) don\'t apply for choice fields, so be sure to only pass\n            # the values that TypedChoiceField will understand.\n            for k in list(kwargs):\n                if k not in (\'coerce\', \'empty_value\', \'choices\', \'required\',\n                             \'widget\', \'label\', \'initial\', \'help_text\',\n                             \'error_messages\', \'show_hidden_initial\', \'disabled\'):\n                    del kwargs[k]\n        defaults.update(kwargs)\n        if form_class is None:\n            form_class = forms.CharField\n        return form_class(**defaults)\n'), SearchResult(search_action='search_method_in_class', search_action_input={'class_name': 'Model', 'method_name': '_get_FIELD_display', 'file_path': 'django/db/models/base.py'}, search_content='File Path: django/db/models/base.py \nMethod Content: \n    def _get_FIELD_display(self, field):\n        value = getattr(self, field.attname)\n        # force_str() to coerce lazy strings.\n        return force_str(dict(field.flatchoices).get(value, value), strings_only=True)\n'), SearchResult(search_action='search_callable', search_action_input={'query_name': '_has_contribute_to_class', 'file_path': 'django/db/models/base.py'}, search_content="File Path: django/db/models/base.py \nQuery Type: function \nCode Snippet: \ndef _has_contribute_to_class(value):\n    # Only call contribute_to_class() if it's bound.\n    return not inspect.isclass(value) and hasattr(value, 'contribute_to_class')\n")]
[2026-07-29 14:45:05,271 - Orcar.search_agent - INFO] in_token_cnt=7247 out_token_cnt=116
[2026-07-29 14:45:05,271 - Orcar.search_agent - INFO] Chat response: assistant: {
  "bug_locations": [
    {
      "file_path": "django/db/models/fields/__init__.py",
      "class_name": "Field",
      "method_name": "contribute_to_class"
    },
    {
      "file_path": "django/db/models/base.py",
      "class_name": "ModelBase",
      "method_name": "__new__"
    },
    {
      "file_path": "django/db/models/base.py",
      "class_name": "ModelBase",
      "method_name": "_prepare"
    }
  ]
}
[2026-07-29 14:45:05,278 - Orcar.search_agent - INFO] Searcher step            : in   2598 tokens, out    230 tokens
[2026-07-29 14:45:05,278 - Orcar.search_agent - INFO] Methods Score            : in   3865 tokens, out      5 tokens
[2026-07-29 14:45:05,278 - Orcar.search_agent - INFO] Searcher step            : in   3032 tokens, out    408 tokens
[2026-07-29 14:45:05,278 - Orcar.search_agent - INFO] Searcher step            : in   7108 tokens, out    361 tokens
[2026-07-29 14:45:05,278 - Orcar.search_agent - INFO] Searcher step            : in   5293 tokens, out    416 tokens
[2026-07-29 14:45:05,278 - Orcar.search_agent - INFO] Searcher step            : in   6246 tokens, out    286 tokens
[2026-07-29 14:45:05,278 - Orcar.search_agent - INFO] Functions Score          : in   2983 tokens, out      9 tokens
[2026-07-29 14:45:05,278 - Orcar.search_agent - INFO] Searcher step            : in   6212 tokens, out    275 tokens
[2026-07-29 14:45:05,279 - Orcar.search_agent - INFO] Searcher step            : in   6024 tokens, out    283 tokens
[2026-07-29 14:45:05,279 - Orcar.search_agent - INFO] Searcher step            : in   6262 tokens, out    351 tokens
[2026-07-29 14:45:05,279 - Orcar.search_agent - INFO] Methods Score            : in  21950 tokens, out     60 tokens
[2026-07-29 14:45:05,279 - Orcar.search_agent - INFO] Searcher step            : in   8656 tokens, out    357 tokens
[2026-07-29 14:45:05,279 - Orcar.search_agent - INFO] Searcher step            : in   6985 tokens, out    327 tokens
[2026-07-29 14:45:05,279 - Orcar.search_agent - INFO] Functions Score          : in  14840 tokens, out     32 tokens
[2026-07-29 14:45:05,279 - Orcar.search_agent - INFO] Searcher step            : in   7465 tokens, out    247 tokens
[2026-07-29 14:45:05,279 - Orcar.search_agent - INFO] Searcher step            : in   7668 tokens, out    229 tokens
[2026-07-29 14:45:05,279 - Orcar.search_agent - INFO] Conclusion step          : in   7247 tokens, out    116 tokens
[2026-07-29 14:45:05,279 - Orcar.search_agent - INFO] Total cnt                : in 124434 tokens, out   3992 tokens
[2026-07-29 14:45:05,280 - Orcar.agent - INFO] Standard output format
[2026-07-29 14:45:05,280 - Orcar.agent - INFO] conclusion='<Observation>\nThe regression is most likely caused by `Field.contribute_to_class()` installing `get_%s_display` with `setattr` after the model class body has already been created, which can overwrite a user-defined `get_foo_bar_display()` method. `ModelBase.__new__()` and `_prepare()` are the surrounding class-construction path that makes this timing possible, while `Model._get_FIELD_display()` is only the shared fallback implementation and is unlikely to be the direct bug.\n</Observation>' bug_locations=[BugLocations(file_path='django/db/models/fields/__init__.py', class_name='Field', method_name='contribute_to_class'), BugLocations(file_path='django/db/models/base.py', class_name='ModelBase', method_name='__new__'), BugLocations(file_path='django/db/models/base.py', class_name='ModelBase', method_name='_prepare')]
[2026-07-29 14:45:05,606 - Orcar.environment.utils - INFO] Agent container paused
