[2026-07-29 14:56:48,949 - Orcar.agent - INFO] Current container subprocess: 1171578
[2026-07-29 14:56:48,950 - Orcar.environment.benchmark - INFO] Setting up env for inst django__django-11999...
[2026-07-29 14:56:55,995 - Orcar.environment.benchmark - INFO] Caching repo to host: docker cp orcar_django11999_no_disamb_warm_ctr:/django__django [REPO_ROOT]/work/django11999_stability/runs/no_disamb/trial_02/orcar_cache/django__django
[2026-07-29 14:57:05,182 - Orcar.environment.benchmark - INFO] Checking out [REPO_ROOT]/work/django11999_stability/runs/no_disamb/trial_02/orcar_cache/django__django to base commit: 84633905273fc916e3d17883810d9969c03f73c2
[2026-07-29 14:57:17,625 - Orcar.trace_analysis_agent - INFO] Current step: slice in handle_step_slice
[2026-07-29 14:57:17,626 - Orcar.trace_analysis_agent - INFO] [ChatMessage(role=<MessageRole.SYSTEM: 'system'>, additional_kwargs={}, blocks=[TextBlock(block_type='text', text='\nYou are an expert python developer, mastering at summarizing and extracting from github issues.\n')]), ChatMessage(role=<MessageRole.USER: 'user'>, additional_kwargs={}, blocks=[TextBlock(block_type='text', text='\nYour task is to slice strings from human reported github issue.\nEvery slice shouldn\'t overlap with another slice. Non-existanct slice should be set to \'\'.\n\nYour output should strictly follow the format below.\n{\n    "traceback_warning_log_slice": "log_slice_string",\n    "issue_reproducer_slice": "code_slice_string",\n    "source_code_slice": "code_slice_string"\n}\nDO NOT SPEAK ANY REDUNDANT WORDS (like \'json\', \'output\', etc.)\n\nThe meanings of each field are:\n\n<field>\n    traceback_warning_log_slice: Traceback or warning log. Set to \'\' if not found.\n</field>\n<field>\n    issue_reproducer_slice: Code snippet to reproduce the issue. Should be a python code snippet that can be directly runned.\n            \n should be used for new line, 4 spaces should be used for indentation.\n            If the reproducer is mentioned in interactive mode, the code should be extracted and parsed into an .py file.\n            For example, \'>>> \' should never be used in an .py file, and the output of interactive shell should also be excluded.\n            Code shouldn\'t be inferred from natural language description. Set to \'\' if not found.\n</field>\n<field>\n    source_code_slice: Code referenced in the issue which comes from the source repo. Should have python code only.\n            DO NOT label code as this category UNLESS EXPLICITE words are found,\n            saying that it is COPIED / REFERENCED from the source repo.\n            Shouldn\'t overlap with traceback_warning_log_slice or issue_reproducer_slice.\n            Set to \'\' if no code satisfies this requirement.\n</field>\n\n\nAn example is given below:\n\n<repo_name>marshmallow-code/marshmallow<repo_name>\n<example_input_description>\n\n3.0: DateTime fields cannot be used as inner field for List or Tuple fields\n\n`DateTime` fields have started throwing an error when being instantiated as inner fields of container fields like `List` or `Tuple`.\n\n```python\nfrom marshmallow import fields, Schema\n\nclass MySchema(Schema):\n    times = fields.List(fields.DateTime())\n\nMySchema()\n```\n\nTraceback:\n```\nTraceback (most recent call last):\n  File "test-mm.py", line 8, in <module>\n    MySchema()\n  File "/Users/victor/.pyenv/versions/marshmallow/lib/python3.6/site-packages/marshmallow/schema.py", line 383, in __init__\n    self.fields = self._init_fields()\nAttributeError: \'List\' object has no attribute \'opts\'\n```\n\nIt seems like it\'s treating the parent field as a Schema without checking that it is indeed a schema.\n\n</example_input_description>\n<example_output>\n{\n    "traceback_warning_log_slice": "\\nTraceback (most recent call last):\\n  File \\"test-mm.py\\", line 8, in <module>\\n    MySchema()\\n  File \\"/Users/victor/.pyenv/versions/marshmallow/lib/python3.6/site-packages/marshmallow/schema.py\\", line 383, in __init__\\n    self.fields = self._init_fields()\\nAttributeError: \'List\' object has no attribute \'opts\'\\n",\n    "issue_reproducer_slice": "\\nfrom marshmallow import fields, Schema\\n\\nclass MySchema(Schema):\\n    times = fields.List(fields.DateTime())\\n\\nMySchema()\\n",\n    "source_code_slice": ""\n}\n</example_output>\n\n\nBelow is the real task for you to solve:\n<repo_name>django/django</repo_name>\nCannot override get_FOO_display() in Django 2.2+.\nDescription\n\t\nI cannot override the get_FIELD_display function on models since version 2.2. It works in version 2.1.\nExample:\nclass FooBar(models.Model):\n\tfoo_bar = models.CharField(_("foo"), choices=[(1, \'foo\'), (2, \'bar\')])\n\tdef __str__(self):\n\t\treturn self.get_foo_bar_display() # This returns \'foo\' or \'bar\' in 2.2, but \'something\' in 2.1\n\tdef get_foo_bar_display(self):\n\t\treturn "something"\nWhat I expect is that I should be able to override this function.\n\n')]), ChatMessage(role=<MessageRole.USER: 'user'>, additional_kwargs={}, blocks=[TextBlock(block_type='text', text='\nYour output should strictly follow the format below.\n{\n    "traceback_warning_log_slice": "log_slice_string",\n    "issue_reproducer_slice": "code_slice_string",\n    "source_code_slice": "code_slice_string"\n}\nDO NOT SPEAK ANY REDUNDANT WORDS (like \'json\', \'output\', etc.)\n')])]
[2026-07-29 14:57:24,677 - Orcar.trace_analysis_agent - INFO] Chat response: {
    "traceback_warning_log_slice": "",
    "issue_reproducer_slice": "class FooBar(models.Model):\n    foo_bar = models.CharField(_(\"foo\"), choices=[(1, 'foo'), (2, 'bar')])\n    def __str__(self):\n        return self.get_foo_bar_display() # This returns 'foo' or 'bar' in 2.2, but 'something' in 2.1\n    def get_foo_bar_display(self):\n        return \"something\"\n",
    "source_code_slice": ""
}
[2026-07-29 14:57:24,678 - Orcar.trace_analysis_agent - INFO] traceback_warning_log_slice='' issue_reproducer_slice='class FooBar(models.Model):\n    foo_bar = models.CharField(_("foo"), choices=[(1, \'foo\'), (2, \'bar\')])\n    def __str__(self):\n        return self.get_foo_bar_display() # This returns \'foo\' or \'bar\' in 2.2, but \'something\' in 2.1\n    def get_foo_bar_display(self):\n        return "something"\n' source_code_slice=''
[2026-07-29 14:57:24,679 - Orcar.trace_analysis_agent - INFO] Current step: reproduce_judge in handle_step_judge
[2026-07-29 14:57:24,727 - Orcar.trace_analysis_agent - INFO] Running reproducer...
[2026-07-29 14:57:25,376 - Orcar.trace_analysis_agent - INFO] Conda env: django__django__3.1

[2026-07-29 14:57:26,295 - Orcar.trace_analysis_agent - INFO] Reproducer log:
Traceback (most recent call last):
  File "/root/miniconda3/envs/django__django__3.1/bin/viztracer", line 8, in <module>
    sys.exit(main())
  File "/root/miniconda3/envs/django__django__3.1/lib/python3.6/site-packages/viztracer/main.py", line 568, in main
    success, err_msg = ui.run()
  File "/root/miniconda3/envs/django__django__3.1/lib/python3.6/site-packages/viztracer/main.py", line 306, in run
    return self.run_command()
  File "/root/miniconda3/envs/django__django__3.1/lib/python3.6/site-packages/viztracer/main.py", line 422, in run_command
    return self.run_code(code, main_mod.__dict__)
  File "/root/miniconda3/envs/django__django__3.1/lib/python3.6/site-packages/viztracer/main.py", line 339, in run_code
    exec(code, global_dict)
  File "/django__django/reproducer_django__django-11999.py", line 1, in <module>
    class FooBar(models.Model):
NameError: name 'models' is not defined

[2026-07-29 14:57:26,296 - Orcar.trace_analysis_agent - INFO] [ChatMessage(role=<MessageRole.SYSTEM: 'system'>, additional_kwargs={}, blocks=[TextBlock(block_type='text', text='\nYou are an expert python developer, mastering at summarizing and extracting from github issues.\n')]), ChatMessage(role=<MessageRole.USER: 'user'>, additional_kwargs={}, blocks=[TextBlock(block_type='text', text='\nYour task is to judge whether an input github issue is successfully reproduced,\nbased on the reproducer_log generated by a reproducer snippet;\nIf reproduce didn\'t succeed, try to generate a fixed reproduced snippet.\n\nSome examples of judgement include:\n1. SUCCESS if (the exactly same error message) from input_description is found in reproducer_log;\n1. FAILURE if the error message from input_description is different or irrelevant from the one found in reproducer_log;\n1. SUCCESS if (the same printed output) from input_description is found in reproducer_log;\n1. FAILURE if the reproducer in input_description is expected to have output (error or printed log) but reproducer_log is empty;\n1. FAILURE if the reproducer in input_description is expected to raise an error, but no error found from reproducer_log;\n1. FAILURE if the reproducer in input_description is not expected to raise any errors, but 1 or more errors are found from reproducer_log;\n1. FAILURE if the input_description describes different output for expected and problematic behavior, but the reproducer_log matches with expected one;\n\nYour output should strictly follow the format below.\n{\n    "is_successful": true,\n    "fixed_reproduce_snippet": "code_string"\n}\nDO NOT SPEAK ANY REDUNDANT WORDS (like \'json\', \'output\', etc.)\n\nThe meanings of each field are:\n\n<field>\n    is_successful: whether the reproduce_snippet successfully reproduced the issue, based on the reproducer_log it generated.\n            Note that \'successfully reproduce\' means the similar phenomenon is observed;\n            It does not necessarily means the snippet finished without error\n            (Getting the same error reported in issue means reproduction is successful)\n</field>\n<field>\n    fixed_reproduce_snippet: If is_successful is true, this should be set to empty string;\n            Otherwise, generate a fixed reproduce snippet based on previous snippet, problem description and previous log.\n</field>\n\n\nBelow is the real task for you to solve:\n<repo_name>django/django</repo_name>\n<input_description>\nCannot override get_FOO_display() in Django 2.2+.\nDescription\n\t\nI cannot override the get_FIELD_display function on models since version 2.2. It works in version 2.1.\nExample:\nclass FooBar(models.Model):\n\tfoo_bar = models.CharField(_("foo"), choices=[(1, \'foo\'), (2, \'bar\')])\n\tdef __str__(self):\n\t\treturn self.get_foo_bar_display() # This returns \'foo\' or \'bar\' in 2.2, but \'something\' in 2.1\n\tdef get_foo_bar_display(self):\n\t\treturn "something"\nWhat I expect is that I should be able to override this function.\n\n</input_description>\n<reproducer_snippet>\nclass FooBar(models.Model):\n    foo_bar = models.CharField(_("foo"), choices=[(1, \'foo\'), (2, \'bar\')])\n    def __str__(self):\n        return self.get_foo_bar_display() # This returns \'foo\' or \'bar\' in 2.2, but \'something\' in 2.1\n    def get_foo_bar_display(self):\n        return "something"\n\n</reproducer_snippet>\n<reproducer_log>\nTraceback (most recent call last):\n  File "/root/miniconda3/envs/django__django__3.1/bin/viztracer", line 8, in <module>\n    sys.exit(main())\n  File "/root/miniconda3/envs/django__django__3.1/lib/python3.6/site-packages/viztracer/main.py", line 568, in main\n    success, err_msg = ui.run()\n  File "/root/miniconda3/envs/django__django__3.1/lib/python3.6/site-packages/viztracer/main.py", line 306, in run\n    return self.run_command()\n  File "/root/miniconda3/envs/django__django__3.1/lib/python3.6/site-packages/viztracer/main.py", line 422, in run_command\n    return self.run_code(code, main_mod.__dict__)\n  File "/root/miniconda3/envs/django__django__3.1/lib/python3.6/site-packages/viztracer/main.py", line 339, in run_code\n    exec(code, global_dict)\n  File "/django__django/reproducer_django__django-11999.py", line 1, in <module>\n    class FooBar(models.Model):\nNameError: name \'models\' is not defined\n\n</reproducer_log>\n')]), ChatMessage(role=<MessageRole.USER: 'user'>, additional_kwargs={}, blocks=[TextBlock(block_type='text', text='\nYour output should strictly follow the format below.\n{\n    "is_successful": true,\n    "fixed_reproduce_snippet": "code_string"\n}\nDO NOT SPEAK ANY REDUNDANT WORDS (like \'json\', \'output\', etc.)\n')])]
[2026-07-29 14:57:52,218 - Orcar.trace_analysis_agent - INFO] Chat response: {
  "is_successful": false,
  "fixed_reproduce_snippet": "from django.conf import settings\n\nsettings.configure(\n    INSTALLED_APPS=[],\n    DATABASES={\"default\": {\"ENGINE\": \"django.db.backends.sqlite3\", \"NAME\": \":memory:\"}},\n)\n\nimport django\n\ndjango.setup()\n\nfrom django.db import models\nfrom django.utils.translation import gettext_lazy as _\n\n\nclass FooBar(models.Model):\n    foo_bar = models.IntegerField(_(\"foo\"), choices=[(1, \"foo\"), (2, \"bar\")])\n\n    class Meta:\n        app_label = \"tests\"\n\n    def __str__(self):\n        return self.get_foo_bar_display()\n\n    def get_foo_bar_display(self):\n        return \"something\"\n\n\nobj = FooBar(foo_bar=1)\nprint(obj.get_foo_bar_display())\nprint(str(obj))\n"
}
[2026-07-29 14:57:52,219 - Orcar.trace_analysis_agent - INFO] is_successful=False fixed_reproduce_snippet='from django.conf import settings\n\nsettings.configure(\n    INSTALLED_APPS=[],\n    DATABASES={"default": {"ENGINE": "django.db.backends.sqlite3", "NAME": ":memory:"}},\n)\n\nimport django\n\ndjango.setup()\n\nfrom django.db import models\nfrom django.utils.translation import gettext_lazy as _\n\n\nclass FooBar(models.Model):\n    foo_bar = models.IntegerField(_("foo"), choices=[(1, "foo"), (2, "bar")])\n\n    class Meta:\n        app_label = "tests"\n\n    def __str__(self):\n        return self.get_foo_bar_display()\n\n    def get_foo_bar_display(self):\n        return "something"\n\n\nobj = FooBar(foo_bar=1)\nprint(obj.get_foo_bar_display())\nprint(str(obj))\n'
[2026-07-29 14:57:52,219 - Orcar.trace_analysis_agent - INFO] Current step: reproduce_judge in handle_step_judge
[2026-07-29 14:57:52,233 - Orcar.trace_analysis_agent - INFO] Running reproducer...
[2026-07-29 14:57:52,875 - Orcar.trace_analysis_agent - INFO] Conda env: django__django__3.1

[2026-07-29 14:57:54,684 - Orcar.trace_analysis_agent - INFO] Reproducer log:
foo
foo

[2026-07-29 14:57:54,684 - Orcar.trace_analysis_agent - INFO] [ChatMessage(role=<MessageRole.SYSTEM: 'system'>, additional_kwargs={}, blocks=[TextBlock(block_type='text', text='\nYou are an expert python developer, mastering at summarizing and extracting from github issues.\n')]), ChatMessage(role=<MessageRole.USER: 'user'>, additional_kwargs={}, blocks=[TextBlock(block_type='text', text='\nYour task is to judge whether an input github issue is successfully reproduced,\nbased on the reproducer_log generated by a reproducer snippet;\nIf reproduce didn\'t succeed, try to generate a fixed reproduced snippet.\n\nSome examples of judgement include:\n1. SUCCESS if (the exactly same error message) from input_description is found in reproducer_log;\n1. FAILURE if the error message from input_description is different or irrelevant from the one found in reproducer_log;\n1. SUCCESS if (the same printed output) from input_description is found in reproducer_log;\n1. FAILURE if the reproducer in input_description is expected to have output (error or printed log) but reproducer_log is empty;\n1. FAILURE if the reproducer in input_description is expected to raise an error, but no error found from reproducer_log;\n1. FAILURE if the reproducer in input_description is not expected to raise any errors, but 1 or more errors are found from reproducer_log;\n1. FAILURE if the input_description describes different output for expected and problematic behavior, but the reproducer_log matches with expected one;\n\nYour output should strictly follow the format below.\n{\n    "is_successful": true,\n    "fixed_reproduce_snippet": "code_string"\n}\nDO NOT SPEAK ANY REDUNDANT WORDS (like \'json\', \'output\', etc.)\n\nThe meanings of each field are:\n\n<field>\n    is_successful: whether the reproduce_snippet successfully reproduced the issue, based on the reproducer_log it generated.\n            Note that \'successfully reproduce\' means the similar phenomenon is observed;\n            It does not necessarily means the snippet finished without error\n            (Getting the same error reported in issue means reproduction is successful)\n</field>\n<field>\n    fixed_reproduce_snippet: If is_successful is true, this should be set to empty string;\n            Otherwise, generate a fixed reproduce snippet based on previous snippet, problem description and previous log.\n</field>\n\n\nBelow is the real task for you to solve:\n<repo_name>django/django</repo_name>\n<input_description>\nCannot override get_FOO_display() in Django 2.2+.\nDescription\n\t\nI cannot override the get_FIELD_display function on models since version 2.2. It works in version 2.1.\nExample:\nclass FooBar(models.Model):\n\tfoo_bar = models.CharField(_("foo"), choices=[(1, \'foo\'), (2, \'bar\')])\n\tdef __str__(self):\n\t\treturn self.get_foo_bar_display() # This returns \'foo\' or \'bar\' in 2.2, but \'something\' in 2.1\n\tdef get_foo_bar_display(self):\n\t\treturn "something"\nWhat I expect is that I should be able to override this function.\n\n</input_description>\n<reproducer_snippet>\nfrom django.conf import settings\n\nsettings.configure(\n    INSTALLED_APPS=[],\n    DATABASES={"default": {"ENGINE": "django.db.backends.sqlite3", "NAME": ":memory:"}},\n)\n\nimport django\n\ndjango.setup()\n\nfrom django.db import models\nfrom django.utils.translation import gettext_lazy as _\n\n\nclass FooBar(models.Model):\n    foo_bar = models.IntegerField(_("foo"), choices=[(1, "foo"), (2, "bar")])\n\n    class Meta:\n        app_label = "tests"\n\n    def __str__(self):\n        return self.get_foo_bar_display()\n\n    def get_foo_bar_display(self):\n        return "something"\n\n\nobj = FooBar(foo_bar=1)\nprint(obj.get_foo_bar_display())\nprint(str(obj))\n\n</reproducer_snippet>\n<reproducer_log>\nfoo\nfoo\n\n</reproducer_log>\n')]), ChatMessage(role=<MessageRole.USER: 'user'>, additional_kwargs={}, blocks=[TextBlock(block_type='text', text='\nYour output should strictly follow the format below.\n{\n    "is_successful": true,\n    "fixed_reproduce_snippet": "code_string"\n}\nDO NOT SPEAK ANY REDUNDANT WORDS (like \'json\', \'output\', etc.)\n')])]
[2026-07-29 14:57:58,034 - Orcar.trace_analysis_agent - INFO] Chat response: {
  "is_successful": true,
  "fixed_reproduce_snippet": ""
}
[2026-07-29 14:57:58,035 - Orcar.trace_analysis_agent - INFO] is_successful=True fixed_reproduce_snippet=''
[2026-07-29 14:57:58,036 - Orcar.trace_analysis_agent - INFO] Current step: reproduce_code_parse in handle_step_parse
[2026-07-29 14:57:58,037 - Orcar.trace_analysis_agent - INFO] [ChatMessage(role=<MessageRole.SYSTEM: 'system'>, additional_kwargs={}, blocks=[TextBlock(block_type='text', text='\nYou are an expert python developer, mastering at summarizing and extracting from github issues.\n')]), ChatMessage(role=<MessageRole.USER: 'user'>, additional_kwargs={}, blocks=[TextBlock(block_type='text', text='\nYour task is to extract python code keywords and the filepath they belong to (if exist) from human reported github issue.\nNon-existanct filepath should be set to \'\'.\n\nYour output should strictly follow the format below.\n{\n    "code_info_list": [\n        {\n            "keyword": "class_or_function_name_1",\n            "file_path": ""\n        },\n        {\n            "keyword": "class_or_function_name_2",\n            "file_path": "file_path_2"\n        }\n    ]\n}\nDO NOT SPEAK ANY REDUNDANT WORDS (like \'json\', \'output\', etc.)\n\nThe meanings of each field are:\n\n<field>\n    keyword: the name of the class, function, method or global variable where the suspicious code lies in.\n            Should be a single word, not spliced with dot.\n</field>\n<field>\n    file_path: The path of the file containing the code. Can be relative or absolute path.\n            Levels of path should only be spliced with slash or backslash, not space.\n            Specially, python import style path should be parsed as:\n            1. dot replaced with slash;\n            2. add .py suffix if no suffix is found.\n            For example, "pvlib.bifacial.pvfactors" should be interpreted as "pvlib/bifacial/pvfactors.py"\n            Set to \'\' if cannot find path.\n</field>\n<field>\n    code_info_list: list of (keyword, file_path). All keywords mentioned should be extracted to the list.\n</field>\n\n\nAn example is given below:\n\n<repo_name>marshmallow-code/marshmallow<repo_name>\n<example_input_description>\n\nfrom marshmallow import fields, Schema\n\nclass MySchema(Schema):\n    times = fields.List(fields.DateTime())\n\nMySchema()\n\n</example_input_description>\n<example_output>\n{\n    "code_info_list": [\n        {\n            "keyword": "fields",\n            "file_path": ""\n        },\n        {\n            "keyword": "Schema",\n            "file_path": ""\n        }\n    ]\n}\n</example_output>\n\n\nBelow is the real task for you to solve:\n<repo_name>django/django</repo_name>\n<input_description>\nfrom django.conf import settings\n\nsettings.configure(\n    INSTALLED_APPS=[],\n    DATABASES={"default": {"ENGINE": "django.db.backends.sqlite3", "NAME": ":memory:"}},\n)\n\nimport django\n\ndjango.setup()\n\nfrom django.db import models\nfrom django.utils.translation import gettext_lazy as _\n\n\nclass FooBar(models.Model):\n    foo_bar = models.IntegerField(_("foo"), choices=[(1, "foo"), (2, "bar")])\n\n    class Meta:\n        app_label = "tests"\n\n    def __str__(self):\n        return self.get_foo_bar_display()\n\n    def get_foo_bar_display(self):\n        return "something"\n\n\nobj = FooBar(foo_bar=1)\nprint(obj.get_foo_bar_display())\nprint(str(obj))\n\n</input_description>\n')]), ChatMessage(role=<MessageRole.USER: 'user'>, additional_kwargs={}, blocks=[TextBlock(block_type='text', text='\nYour output should strictly follow the format below.\n{\n    "code_info_list": [\n        {\n            "keyword": "class_or_function_name_1",\n            "file_path": ""\n        },\n        {\n            "keyword": "class_or_function_name_2",\n            "file_path": "file_path_2"\n        }\n    ]\n}\nDO NOT SPEAK ANY REDUNDANT WORDS (like \'json\', \'output\', etc.)\n')])]
[2026-07-29 14:58:33,061 - Orcar.trace_analysis_agent - INFO] Chat response: {
  "code_info_list": [
    {
      "keyword": "configure",
      "file_path": "django/conf/__init__.py"
    },
    {
      "keyword": "setup",
      "file_path": "django/__init__.py"
    },
    {
      "keyword": "Model",
      "file_path": "django/db/models/base.py"
    },
    {
      "keyword": "IntegerField",
      "file_path": "django/db/models/fields/__init__.py"
    },
    {
      "keyword": "gettext_lazy",
      "file_path": "django/utils/translation/__init__.py"
    }
  ]
}
[2026-07-29 14:58:33,062 - Orcar.trace_analysis_agent - INFO] Before parse path: code_info_list=[CodeInfo(keyword='configure', file_path='django/conf/__init__.py'), CodeInfo(keyword='setup', file_path='django/__init__.py'), CodeInfo(keyword='Model', file_path='django/db/models/base.py'), CodeInfo(keyword='IntegerField', file_path='django/db/models/fields/__init__.py'), CodeInfo(keyword='gettext_lazy', file_path='django/utils/translation/__init__.py')]
[2026-07-29 14:58:41,901 - Orcar.trace_analysis_agent - INFO] After parse path: code_info_list=[CodeInfo(keyword='configure', file_path='django/conf/__init__.py'), CodeInfo(keyword='setup', file_path='django/__init__.py'), CodeInfo(keyword='Model', file_path='django/db/models/base.py'), CodeInfo(keyword='IntegerField', file_path='django/db/models/fields/__init__.py'), CodeInfo(keyword='gettext_lazy', file_path='django/utils/translation/__init__.py')]
[2026-07-29 14:58:41,902 - Orcar.trace_analysis_agent - INFO] Current step: reproduce_log_parse in handle_step_parse
[2026-07-29 14:58:41,903 - Orcar.trace_analysis_agent - INFO] [ChatMessage(role=<MessageRole.SYSTEM: 'system'>, additional_kwargs={}, blocks=[TextBlock(block_type='text', text='\nYou are an expert python developer, mastering at summarizing and extracting from github issues.\n')]), ChatMessage(role=<MessageRole.USER: 'user'>, additional_kwargs={}, blocks=[TextBlock(block_type='text', text='\nYour task is to extract python code keywords and the filepath they belong to (if exist) from human reported github issue.\nNon-existanct filepath should be set to \'\'.\n\nYour output should strictly follow the format below.\n{\n    "code_info_list": [\n        {\n            "keyword": "class_or_function_name_1",\n            "file_path": ""\n        },\n        {\n            "keyword": "class_or_function_name_2",\n            "file_path": "file_path_2"\n        }\n    ]\n}\nDO NOT SPEAK ANY REDUNDANT WORDS (like \'json\', \'output\', etc.)\n\nThe meanings of each field are:\n\n<field>\n    keyword: the name of the class, function, method or global variable where the suspicious code lies in.\n            Should be a single word, not spliced with dot.\n</field>\n<field>\n    file_path: The path of the file containing the code. Can be relative or absolute path.\n            Levels of path should only be spliced with slash or backslash, not space.\n            Specially, python import style path should be parsed as:\n            1. dot replaced with slash;\n            2. add .py suffix if no suffix is found.\n            For example, "pvlib.bifacial.pvfactors" should be interpreted as "pvlib/bifacial/pvfactors.py"\n            Set to \'\' if cannot find path.\n</field>\n<field>\n    code_info_list: list of (keyword, file_path). All keywords mentioned should be extracted to the list.\n</field>\n\n\nAn example is given below:\n\n<repo_name>marshmallow-code/marshmallow<repo_name>\n<example_input_description>\n\nTraceback (most recent call last):\n  File "test-mm.py", line 8, in <module>\n    MySchema()\n  File "/Users/victor/.pyenv/versions/marshmallow/lib/python3.6/site-packages/marshmallow/schema.py", line 383, in __init__\n    self.fields = self._init_fields()\n  File "/Users/victor/.pyenv/versions/marshmallow/lib/python3.6/site-packages/marshmallow/fields.py", line 636, in _bind_to_schema\n    self.inner._bind_to_schema(field_name, self)\nAttributeError: \'List\' object has no attribute \'opts\'\n\n</example_input_description>\n<example_output>\n{\n    "code_info_list": [\n        {\n            "keyword": "<module>",\n            "file_path": "test-mm.py"\n        },\n        {\n            "keyword": "__init__",\n            "file_path": "/Users/victor/.pyenv/versions/marshmallow/lib/python3.6/site-packages/marshmallow/schema.py"\n        },\n        {\n            "keyword": "_bind_to_schema",\n            "file_path": "/Users/victor/.pyenv/versions/marshmallow/lib/python3.6/site-packages/marshmallow/fields.py"\n        }\n    ]\n}\n</example_output>\n\n\nBelow is the real task for you to solve:\n<repo_name>django/django</repo_name>\n<input_description>\nfoo\nfoo\n\n</input_description>\n')]), ChatMessage(role=<MessageRole.USER: 'user'>, additional_kwargs={}, blocks=[TextBlock(block_type='text', text='\nYour output should strictly follow the format below.\n{\n    "code_info_list": [\n        {\n            "keyword": "class_or_function_name_1",\n            "file_path": ""\n        },\n        {\n            "keyword": "class_or_function_name_2",\n            "file_path": "file_path_2"\n        }\n    ]\n}\nDO NOT SPEAK ANY REDUNDANT WORDS (like \'json\', \'output\', etc.)\n')])]
[2026-07-29 14:58:44,337 - Orcar.trace_analysis_agent - INFO] Chat response: {
    "code_info_list": []
}
[2026-07-29 14:58:44,337 - Orcar.trace_analysis_agent - INFO] Before parse path: code_info_list=[]
[2026-07-29 14:58:45,603 - Orcar.trace_analysis_agent - INFO] After parse path: code_info_list=[]
[2026-07-29 14:58:45,604 - Orcar.trace_analysis_agent - INFO] Current step: reproduce_trace in handle_step_trace
[2026-07-29 14:58:45,605 - Orcar.environment.utils - DEBUG] Run command in container: ls /tmp/tracer_output_django__django-11999.json
[2026-07-29 14:58:46,248 - Orcar.environment.benchmark - INFO] Copying file to host: docker cp orcar_django11999_no_disamb_warm_ctr://tmp/tracer_output_django__django-11999.json [HOME]/.orcar/tracer/tracer_output_django__django-11999.json
[2026-07-29 14:58:46,293 - Orcar.tracer - INFO] sensitivity_dict: {'configure': {'/django__django/django/conf/__init__.py'}, 'Model': {'/django__django/django/db/models/base.py'}, 'gettext_lazy': {'/django__django/django/utils/translation/__init__.py'}, 'setup': {'/django__django/django/__init__.py'}, 'IntegerField': {'/django__django/django/db/models/fields/__init__.py'}}
[2026-07-29 14:58:46,311 - Orcar.tracer - INFO] Found tracer output at [HOME]/.orcar/tracer/tracer_output_django__django-11999.json
[2026-07-29 14:58:46,343 - Orcar.tracer - INFO] Successfully parsed tracer output into func_tree
[2026-07-29 14:58:47,073 - Orcar.tracer - INFO] Got sorted funcs:
[2026-07-29 14:58:47,074 - Orcar.tracer - INFO] Func 000/151
[2026-07-29 14:58:47,074 - Orcar.tracer - INFO] (FuncSign(filename='/django__django/django/conf/__init__.py', lineno=98, funcname='configure'), FuncScore(is_same_file_with_key_parent=True, layers_from_key_parent=0, absolute_calling_index=3, absolute_layer=2, called_by=[]), (0, 0, 2, 3))
[2026-07-29 14:58:47,075 - Orcar.tracer - INFO] Func 001/151
[2026-07-29 14:58:47,075 - Orcar.tracer - INFO] (FuncSign(filename='/django__django/django/__init__.py', lineno=8, funcname='setup'), FuncScore(is_same_file_with_key_parent=True, layers_from_key_parent=0, absolute_calling_index=10, absolute_layer=2, called_by=[]), (0, 0, 2, 10))
[2026-07-29 14:58:47,075 - Orcar.tracer - INFO] Func 002/151
[2026-07-29 14:58:47,075 - Orcar.tracer - INFO] (FuncSign(filename='/django__django/django/conf/__init__.py', lineno=229, funcname='__init__'), FuncScore(is_same_file_with_key_parent=True, layers_from_key_parent=1, absolute_calling_index=4, absolute_layer=3, called_by=[FuncSign(filename='/django__django/django/conf/__init__.py', lineno=98, funcname='configure')]), (0, 1, 3, 4))
[2026-07-29 14:58:47,075 - Orcar.tracer - INFO] Func 003/151
[2026-07-29 14:58:47,075 - Orcar.tracer - INFO] (FuncSign(filename='/django__django/django/conf/__init__.py', lineno=242, funcname='__setattr__'), FuncScore(is_same_file_with_key_parent=True, layers_from_key_parent=1, absolute_calling_index=6, absolute_layer=3, called_by=[FuncSign(filename='/django__django/django/conf/__init__.py', lineno=98, funcname='configure')]), (0, 1, 3, 6))
[2026-07-29 14:58:47,075 - Orcar.tracer - INFO] Func 004/151
[2026-07-29 14:58:47,075 - Orcar.tracer - INFO] (FuncSign(filename='/django__django/django/conf/__init__.py', lineno=82, funcname='__setattr__'), FuncScore(is_same_file_with_key_parent=True, layers_from_key_parent=1, absolute_calling_index=8, absolute_layer=3, called_by=[FuncSign(filename='/django__django/django/conf/__init__.py', lineno=98, funcname='configure')]), (0, 1, 3, 8))
[2026-07-29 14:58:47,076 - Orcar.tracer - INFO] Func 005/151
[2026-07-29 14:58:47,076 - Orcar.tracer - INFO] (FuncSign(filename='/django__django/django/conf/__init__.py', lineno=74, funcname='__getattr__'), FuncScore(is_same_file_with_key_parent=False, layers_from_key_parent=1, absolute_calling_index=11, absolute_layer=3, called_by=[FuncSign(filename='/django__django/django/__init__.py', lineno=8, funcname='setup')]), (1, 1, 3, 11))
[2026-07-29 14:58:47,076 - Orcar.tracer - INFO] Func 006/151
[2026-07-29 14:58:47,076 - Orcar.tracer - INFO] (FuncSign(filename='/django__django/django/utils/log.py', lineno=66, funcname='configure_logging'), FuncScore(is_same_file_with_key_parent=False, layers_from_key_parent=1, absolute_calling_index=15, absolute_layer=3, called_by=[FuncSign(filename='/django__django/django/__init__.py', lineno=8, funcname='setup')]), (1, 1, 3, 15))
[2026-07-29 14:58:47,076 - Orcar.tracer - INFO] Func 007/151
[2026-07-29 14:58:47,076 - Orcar.tracer - INFO] (FuncSign(filename='/django__django/django/urls/base.py', lineno=99, funcname='set_script_prefix'), FuncScore(is_same_file_with_key_parent=False, layers_from_key_parent=1, absolute_calling_index=379, absolute_layer=3, called_by=[FuncSign(filename='/django__django/django/__init__.py', lineno=8, funcname='setup')]), (1, 1, 3, 379))
[2026-07-29 14:58:47,076 - Orcar.tracer - INFO] Func 008/151
[2026-07-29 14:58:47,076 - Orcar.tracer - INFO] (FuncSign(filename='/django__django/django/apps/registry.py', lineno=61, funcname='populate'), FuncScore(is_same_file_with_key_parent=False, layers_from_key_parent=1, absolute_calling_index=434, absolute_layer=3, called_by=[FuncSign(filename='/django__django/django/__init__.py', lineno=8, funcname='setup')]), (1, 1, 3, 434))
[2026-07-29 14:58:47,076 - Orcar.tracer - INFO] Func 009/151
[2026-07-29 14:58:47,077 - Orcar.tracer - INFO] (FuncSign(filename='/django__django/django/utils/functional.py', lineno=260, funcname='__setattr__'), FuncScore(is_same_file_with_key_parent=False, layers_from_key_parent=2, absolute_calling_index=9, absolute_layer=4, called_by=[FuncSign(filename='/django__django/django/conf/__init__.py', lineno=98, funcname='configure'), FuncSign(filename='/django__django/django/conf/__init__.py', lineno=82, funcname='__setattr__')]), (1, 2, 4, 9))
[2026-07-29 14:58:47,077 - Orcar.tracer - INFO] Func 010/151
[2026-07-29 14:58:47,077 - Orcar.tracer - INFO] (FuncSign(filename='/django__django/django/conf/__init__.py', lineno=237, funcname='__getattr__'), FuncScore(is_same_file_with_key_parent=False, layers_from_key_parent=2, absolute_calling_index=12, absolute_layer=4, called_by=[FuncSign(filename='/django__django/django/__init__.py', lineno=8, funcname='setup'), FuncSign(filename='/django__django/django/conf/__init__.py', lineno=74, funcname='__getattr__')]), (1, 2, 4, 12))
[2026-07-29 14:58:47,077 - Orcar.tracer - INFO] Func 011/151
[2026-07-29 14:58:47,077 - Orcar.tracer - INFO] (FuncSign(filename='/django__django/django/utils/module_loading.py', lineno=7, funcname='import_string'), FuncScore(is_same_file_with_key_parent=False, layers_from_key_parent=2, absolute_calling_index=16, absolute_layer=4, called_by=[FuncSign(filename='/django__django/django/__init__.py', lineno=8, funcname='setup'), FuncSign(filename='/django__django/django/utils/log.py', lineno=66, funcname='configure_logging')]), (1, 2, 4, 16))
[2026-07-29 14:58:47,077 - Orcar.tracer - INFO] Func 012/151
[2026-07-29 14:58:47,077 - Orcar.tracer - INFO] (FuncSign(filename='/root/miniconda3/envs/django__django__3.1/lib/python3.6/logging/config.py', lineno=800, funcname='dictConfig'), FuncScore(is_same_file_with_key_parent=False, layers_from_key_parent=2, absolute_calling_index=18, absolute_layer=4, called_by=[FuncSign(filename='/django__django/django/__init__.py', lineno=8, funcname='setup'), FuncSign(filename='/django__django/django/utils/log.py', lineno=66, funcname='configure_logging')]), (1, 2, 4, 18))
[2026-07-29 14:58:47,077 - Orcar.tracer - INFO] Func 013/151
[2026-07-29 14:58:47,077 - Orcar.tracer - INFO] (FuncSign(filename='/root/miniconda3/envs/django__django__3.1/lib/python3.6/site-packages/asgiref/local.py', lineno=109, funcname='__setattr__'), FuncScore(is_same_file_with_key_parent=False, layers_from_key_parent=2, absolute_calling_index=380, absolute_layer=4, called_by=[FuncSign(filename='/django__django/django/__init__.py', lineno=8, funcname='setup'), FuncSign(filename='/django__django/django/urls/base.py', lineno=99, funcname='set_script_prefix')]), (1, 2, 4, 380))
[2026-07-29 14:58:47,078 - Orcar.tracer - INFO] Func 014/151
[2026-07-29 14:58:47,078 - Orcar.tracer - INFO] (FuncSign(filename='/root/miniconda3/envs/django__django__3.1/lib/python3.6/collections/__init__.py', lineno=517, funcname='__init__'), FuncScore(is_same_file_with_key_parent=False, layers_from_key_parent=2, absolute_calling_index=435, absolute_layer=4, called_by=[FuncSign(filename='/django__django/django/__init__.py', lineno=8, funcname='setup'), FuncSign(filename='/django__django/django/apps/registry.py', lineno=61, funcname='populate')]), (1, 2, 4, 435))
[2026-07-29 14:58:47,078 - Orcar.tracer - INFO] Func 015/151
[2026-07-29 14:58:47,078 - Orcar.tracer - INFO] (FuncSign(filename='/root/miniconda3/envs/django__django__3.1/lib/python3.6/collections/__init__.py', lineno=542, funcname='most_common'), FuncScore(is_same_file_with_key_parent=False, layers_from_key_parent=2, absolute_calling_index=835, absolute_layer=4, called_by=[FuncSign(filename='/django__django/django/__init__.py', lineno=8, funcname='setup'), FuncSign(filename='/django__django/django/apps/registry.py', lineno=61, funcname='populate')]), (1, 2, 4, 835))
[2026-07-29 14:58:47,078 - Orcar.tracer - INFO] Func 016/151
[2026-07-29 14:58:47,078 - Orcar.tracer - INFO] (FuncSign(filename='/django__django/django/apps/registry.py', lineno=362, funcname='clear_cache'), FuncScore(is_same_file_with_key_parent=False, layers_from_key_parent=2, absolute_calling_index=837, absolute_layer=4, called_by=[FuncSign(filename='/django__django/django/__init__.py', lineno=8, funcname='setup'), FuncSign(filename='/django__django/django/apps/registry.py', lineno=61, funcname='populate')]), (1, 2, 4, 837))
[2026-07-29 14:58:47,078 - Orcar.tracer - INFO] Func 017/151
[2026-07-29 14:58:47,079 - Orcar.tracer - INFO] (FuncSign(filename='/django__django/django/apps/registry.py', lineno=142, funcname='get_app_configs'), FuncScore(is_same_file_with_key_parent=False, layers_from_key_parent=2, absolute_calling_index=838, absolute_layer=4, called_by=[FuncSign(filename='/django__django/django/__init__.py', lineno=8, funcname='setup'), FuncSign(filename='/django__django/django/apps/registry.py', lineno=61, funcname='populate')]), (1, 2, 4, 838))
[2026-07-29 14:58:47,079 - Orcar.tracer - INFO] Func 018/151
[2026-07-29 14:58:47,079 - Orcar.tracer - INFO] (FuncSign(filename='/root/miniconda3/envs/django__django__3.1/lib/python3.6/threading.py', lineno=512, funcname='set'), FuncScore(is_same_file_with_key_parent=False, layers_from_key_parent=2, absolute_calling_index=840, absolute_layer=4, called_by=[FuncSign(filename='/django__django/django/__init__.py', lineno=8, funcname='setup'), FuncSign(filename='/django__django/django/apps/registry.py', lineno=61, funcname='populate')]), (1, 2, 4, 840))
[2026-07-29 14:58:47,079 - Orcar.tracer - INFO] Func 019/151
[2026-07-29 14:58:47,079 - Orcar.tracer - INFO] (FuncSign(filename='/root/miniconda3/envs/django__django__3.1/lib/python3.6/importlib/__init__.py', lineno=108, funcname='import_module'), FuncScore(is_same_file_with_key_parent=False, layers_from_key_parent=3, absolute_calling_index=17, absolute_layer=5, called_by=[FuncSign(filename='/django__django/django/__init__.py', lineno=8, funcname='setup'), FuncSign(filename='/django__django/django/utils/log.py', lineno=66, funcname='configure_logging'), FuncSign(filename='/django__django/django/utils/module_loading.py', lineno=7, funcname='import_string')]), (1, 3, 5, 17))
[2026-07-29 14:58:47,079 - Orcar.tracer - INFO] Func 020/151
[2026-07-29 14:58:47,079 - Orcar.tracer - INFO] (FuncSign(filename='/root/miniconda3/envs/django__django__3.1/lib/python3.6/logging/config.py', lineno=374, funcname='__init__'), FuncScore(is_same_file_with_key_parent=False, layers_from_key_parent=3, absolute_calling_index=19, absolute_layer=5, called_by=[FuncSign(filename='/django__django/django/__init__.py', lineno=8, funcname='setup'), FuncSign(filename='/django__django/django/utils/log.py', lineno=66, funcname='configure_logging'), FuncSign(filename='/root/miniconda3/envs/django__django__3.1/lib/python3.6/logging/config.py', lineno=800, funcname='dictConfig')]), (1, 3, 5, 19))
[2026-07-29 14:58:47,079 - Orcar.tracer - INFO] Func 021/151
[2026-07-29 14:58:47,079 - Orcar.tracer - INFO] (FuncSign(filename='/root/miniconda3/envs/django__django__3.1/lib/python3.6/logging/config.py', lineno=493, funcname='configure'), FuncScore(is_same_file_with_key_parent=False, layers_from_key_parent=3, absolute_calling_index=20, absolute_layer=5, called_by=[FuncSign(filename='/django__django/django/__init__.py', lineno=8, funcname='setup'), FuncSign(filename='/django__django/django/utils/log.py', lineno=66, funcname='configure_logging'), FuncSign(filename='/root/miniconda3/envs/django__django__3.1/lib/python3.6/logging/config.py', lineno=800, funcname='dictConfig')]), (1, 3, 5, 20))
[2026-07-29 14:58:47,079 - Orcar.tracer - INFO] Func 022/151
[2026-07-29 14:58:47,080 - Orcar.tracer - INFO] (FuncSign(filename='/root/miniconda3/envs/django__django__3.1/lib/python3.6/site-packages/asgiref/local.py', lineno=82, funcname='_get_storage'), FuncScore(is_same_file_with_key_parent=False, layers_from_key_parent=3, absolute_calling_index=381, absolute_layer=5, called_by=[FuncSign(filename='/django__django/django/__init__.py', lineno=8, funcname='setup'), FuncSign(filename='/django__django/django/urls/base.py', lineno=99, funcname='set_script_prefix'), FuncSign(filename='/root/miniconda3/envs/django__django__3.1/lib/python3.6/site-packages/asgiref/local.py', lineno=109, funcname='__setattr__')]), (1, 3, 5, 381))
[2026-07-29 14:58:47,080 - Orcar.tracer - INFO] Func 023/151
[2026-07-29 14:58:47,080 - Orcar.tracer - INFO] (FuncSign(filename='/root/miniconda3/envs/django__django__3.1/lib/python3.6/collections/__init__.py', lineno=586, funcname='update'), FuncScore(is_same_file_with_key_parent=False, layers_from_key_parent=3, absolute_calling_index=436, absolute_layer=5, called_by=[FuncSign(filename='/django__django/django/__init__.py', lineno=8, funcname='setup'), FuncSign(filename='/django__django/django/apps/registry.py', lineno=61, funcname='populate'), FuncSign(filename='/root/miniconda3/envs/django__django__3.1/lib/python3.6/collections/__init__.py', lineno=517, funcname='__init__')]), (1, 3, 5, 436))
[2026-07-29 14:58:47,080 - Orcar.tracer - INFO] Func 024/151
[2026-07-29 14:58:47,080 - Orcar.tracer - INFO] (FuncSign(filename='/django__django/django/apps/registry.py', lineno=127, funcname='check_apps_ready'), FuncScore(is_same_file_with_key_parent=False, layers_from_key_parent=3, absolute_calling_index=839, absolute_layer=5, called_by=[FuncSign(filename='/django__django/django/__init__.py', lineno=8, funcname='setup'), FuncSign(filename='/django__django/django/apps/registry.py', lineno=61, funcname='populate'), FuncSign(filename='/django__django/django/apps/registry.py', lineno=142, funcname='get_app_configs')]), (1, 3, 5, 839))
[2026-07-29 14:58:47,080 - Orcar.tracer - INFO] Func 025/151
[2026-07-29 14:58:47,080 - Orcar.tracer - INFO] (FuncSign(filename='/root/miniconda3/envs/django__django__3.1/lib/python3.6/threading.py', lineno=239, funcname='__enter__'), FuncScore(is_same_file_with_key_parent=False, layers_from_key_parent=3, absolute_calling_index=841, absolute_layer=5, called_by=[FuncSign(filename='/django__django/django/__init__.py', lineno=8, funcname='setup'), FuncSign(filename='/django__django/django/apps/registry.py', lineno=61, funcname='populate'), FuncSign(filename='/root/miniconda3/envs/django__django__3.1/lib/python3.6/threading.py', lineno=512, funcname='set')]), (1, 3, 5, 841))
[2026-07-29 14:58:47,080 - Orcar.tracer - INFO] Func 026/151
[2026-07-29 14:58:47,080 - Orcar.tracer - INFO] (FuncSign(filename='/root/miniconda3/envs/django__django__3.1/lib/python3.6/threading.py', lineno=357, funcname='notify_all'), FuncScore(is_same_file_with_key_parent=False, layers_from_key_parent=3, absolute_calling_index=842, absolute_layer=5, called_by=[FuncSign(filename='/django__django/django/__init__.py', lineno=8, funcname='setup'), FuncSign(filename='/django__django/django/apps/registry.py', lineno=61, funcname='populate'), FuncSign(filename='/root/miniconda3/envs/django__django__3.1/lib/python3.6/threading.py', lineno=512, funcname='set')]), (1, 3, 5, 842))
[2026-07-29 14:58:47,081 - Orcar.tracer - INFO] Func 027/151
[2026-07-29 14:58:47,081 - Orcar.tracer - INFO] (FuncSign(filename='/root/miniconda3/envs/django__django__3.1/lib/python3.6/threading.py', lineno=242, funcname='__exit__'), FuncScore(is_same_file_with_key_parent=False, layers_from_key_parent=3, absolute_calling_index=845, absolute_layer=5, called_by=[FuncSign(filename='/django__django/django/__init__.py', lineno=8, funcname='setup'), FuncSign(filename='/django__django/django/apps/registry.py', lineno=61, funcname='populate'), FuncSign(filename='/root/miniconda3/envs/django__django__3.1/lib/python3.6/threading.py', lineno=512, funcname='set')]), (1, 3, 5, 845))
[2026-07-29 14:58:47,081 - Orcar.tracer - INFO] Func 028/151
[2026-07-29 14:58:47,081 - Orcar.tracer - INFO] (FuncSign(filename='/root/miniconda3/envs/django__django__3.1/lib/python3.6/logging/config.py', lineno=325, funcname='__getitem__'), FuncScore(is_same_file_with_key_parent=False, layers_from_key_parent=4, absolute_calling_index=21, absolute_layer=6, called_by=[FuncSign(filename='/django__django/django/__init__.py', lineno=8, funcname='setup'), FuncSign(filename='/django__django/django/utils/log.py', lineno=66, funcname='configure_logging'), FuncSign(filename='/root/miniconda3/envs/django__django__3.1/lib/python3.6/logging/config.py', lineno=800, funcname='dictConfig'), FuncSign(filename='/root/miniconda3/envs/django__django__3.1/lib/python3.6/logging/config.py', lineno=493, funcname='configure')]), (1, 4, 6, 21))
[2026-07-29 14:58:47,081 - Orcar.tracer - INFO] Func 029/151
[2026-07-29 14:58:47,081 - Orcar.tracer - INFO] (FuncSign(filename='/root/miniconda3/envs/django__django__3.1/lib/python3.6/logging/config.py', lineno=333, funcname='pop'), FuncScore(is_same_file_with_key_parent=False, layers_from_key_parent=4, absolute_calling_index=24, absolute_layer=6, called_by=[FuncSign(filename='/django__django/django/__init__.py', lineno=8, funcname='setup'), FuncSign(filename='/django__django/django/utils/log.py', lineno=66, funcname='configure_logging'), FuncSign(filename='/root/miniconda3/envs/django__django__3.1/lib/python3.6/logging/config.py', lineno=800, funcname='dictConfig'), FuncSign(filename='/root/miniconda3/envs/django__django__3.1/lib/python3.6/logging/config.py', lineno=493, funcname='configure')]), (1, 4, 6, 24))
[2026-07-29 14:58:47,081 - Orcar.tracer - INFO] Func 030/151
[2026-07-29 14:58:47,081 - Orcar.tracer - INFO] (FuncSign(filename='/root/miniconda3/envs/django__django__3.1/lib/python3.6/logging/__init__.py', lineno=219, funcname='_acquireLock'), FuncScore(is_same_file_with_key_parent=False, layers_from_key_parent=4, absolute_calling_index=27, absolute_layer=6, called_by=[FuncSign(filename='/django__django/django/__init__.py', lineno=8, funcname='setup'), FuncSign(filename='/django__django/django/utils/log.py', lineno=66, funcname='configure_logging'), FuncSign(filename='/root/miniconda3/envs/django__django__3.1/lib/python3.6/logging/config.py', lineno=800, funcname='dictConfig'), FuncSign(filename='/root/miniconda3/envs/django__django__3.1/lib/python3.6/logging/config.py', lineno=493, funcname='configure')]), (1, 4, 6, 27))
[2026-07-29 14:58:47,082 - Orcar.tracer - INFO] Func 031/151
[2026-07-29 14:58:47,082 - Orcar.tracer - INFO] (FuncSign(filename='/root/miniconda3/envs/django__django__3.1/lib/python3.6/logging/config.py', lineno=272, funcname='_clearExistingHandlers'), FuncScore(is_same_file_with_key_parent=False, layers_from_key_parent=4, absolute_calling_index=31, absolute_layer=6, called_by=[FuncSign(filename='/django__django/django/__init__.py', lineno=8, funcname='setup'), FuncSign(filename='/django__django/django/utils/log.py', lineno=66, funcname='configure_logging'), FuncSign(filename='/root/miniconda3/envs/django__django__3.1/lib/python3.6/logging/config.py', lineno=800, funcname='dictConfig'), FuncSign(filename='/root/miniconda3/envs/django__django__3.1/lib/python3.6/logging/config.py', lineno=493, funcname='configure')]), (1, 4, 6, 31))
[2026-07-29 14:58:47,082 - Orcar.tracer - INFO] Func 032/151
[2026-07-29 14:58:47,082 - Orcar.tracer - INFO] (FuncSign(filename='/root/miniconda3/envs/django__django__3.1/lib/python3.6/logging/config.py', lineno=329, funcname='get'), FuncScore(is_same_file_with_key_parent=False, layers_from_key_parent=4, absolute_calling_index=46, absolute_layer=6, called_by=[FuncSign(filename='/django__django/django/__init__.py', lineno=8, funcname='setup'), FuncSign(filename='/django__django/django/utils/log.py', lineno=66, funcname='configure_logging'), FuncSign(filename='/root/miniconda3/envs/django__django__3.1/lib/python3.6/logging/config.py', lineno=800, funcname='dictConfig'), FuncSign(filename='/root/miniconda3/envs/django__django__3.1/lib/python3.6/logging/config.py', lineno=493, funcname='configure')]), (1, 4, 6, 46))
[2026-07-29 14:58:47,082 - Orcar.tracer - INFO] Func 033/151
[2026-07-29 14:58:47,082 - Orcar.tracer - INFO] (FuncSign(filename='/root/miniconda3/envs/django__django__3.1/lib/python3.6/logging/config.py', lineno=651, funcname='configure_formatter'), FuncScore(is_same_file_with_key_parent=False, layers_from_key_parent=4, absolute_calling_index=52, absolute_layer=6, called_by=[FuncSign(filename='/django__django/django/__init__.py', lineno=8, funcname='setup'), FuncSign(filename='/django__django/django/utils/log.py', lineno=66, funcname='configure_logging'), FuncSign(filename='/root/miniconda3/envs/django__django__3.1/lib/python3.6/logging/config.py', lineno=800, funcname='dictConfig'), FuncSign(filename='/root/miniconda3/envs/django__django__3.1/lib/python3.6/logging/config.py', lineno=493, funcname='configure')]), (1, 4, 6, 52))
[2026-07-29 14:58:47,082 - Orcar.tracer - INFO] Func 034/151
[2026-07-29 14:58:47,083 - Orcar.tracer - INFO] (FuncSign(filename='/root/miniconda3/envs/django__django__3.1/lib/python3.6/logging/config.py', lineno=679, funcname='configure_filter'), FuncScore(is_same_file_with_key_parent=False, layers_from_key_parent=4, absolute_calling_index=110, absolute_layer=6, called_by=[FuncSign(filename='/django__django/django/__init__.py', lineno=8, funcname='setup'), FuncSign(filename='/django__django/django/utils/log.py', lineno=66, funcname='configure_logging'), FuncSign(filename='/root/miniconda3/envs/django__django__3.1/lib/python3.6/logging/config.py', lineno=800, funcname='dictConfig'), FuncSign(filename='/root/miniconda3/envs/django__django__3.1/lib/python3.6/logging/config.py', lineno=493, funcname='configure')]), (1, 4, 6, 110))
[2026-07-29 14:58:47,083 - Orcar.tracer - INFO] Func 035/151
[2026-07-29 14:58:47,083 - Orcar.tracer - INFO] (FuncSign(filename='/root/miniconda3/envs/django__django__3.1/lib/python3.6/logging/config.py', lineno=696, funcname='configure_handler'), FuncScore(is_same_file_with_key_parent=False, layers_from_key_parent=4, absolute_calling_index=141, absolute_layer=6, called_by=[FuncSign(filename='/django__django/django/__init__.py', lineno=8, funcname='setup'), FuncSign(filename='/django__django/django/utils/log.py', lineno=66, funcname='configure_logging'), FuncSign(filename='/root/miniconda3/envs/django__django__3.1/lib/python3.6/logging/config.py', lineno=800, funcname='dictConfig'), FuncSign(filename='/root/miniconda3/envs/django__django__3.1/lib/python3.6/logging/config.py', lineno=493, funcname='configure')]), (1, 4, 6, 141))
[2026-07-29 14:58:47,083 - Orcar.tracer - INFO] Func 036/151
[2026-07-29 14:58:47,083 - Orcar.tracer - INFO] (FuncSign(filename='/root/miniconda3/envs/django__django__3.1/lib/python3.6/logging/__init__.py', lineno=787, funcname='set_name'), FuncScore(is_same_file_with_key_parent=False, layers_from_key_parent=4, absolute_calling_index=179, absolute_layer=6, called_by=[FuncSign(filename='/django__django/django/__init__.py', lineno=8, funcname='setup'), FuncSign(filename='/django__django/django/utils/log.py', lineno=66, funcname='configure_logging'), FuncSign(filename='/root/miniconda3/envs/django__django__3.1/lib/python3.6/logging/config.py', lineno=800, funcname='dictConfig'), FuncSign(filename='/root/miniconda3/envs/django__django__3.1/lib/python3.6/logging/config.py', lineno=493, funcname='configure')]), (1, 4, 6, 179))
[2026-07-29 14:58:47,083 - Orcar.tracer - INFO] Func 037/151
[2026-07-29 14:58:47,083 - Orcar.tracer - INFO] (FuncSign(filename='/root/miniconda3/envs/django__django__3.1/lib/python3.6/logging/config.py', lineno=785, funcname='configure_logger'), FuncScore(is_same_file_with_key_parent=False, layers_from_key_parent=4, absolute_calling_index=289, absolute_layer=6, called_by=[FuncSign(filename='/django__django/django/__init__.py', lineno=8, funcname='setup'), FuncSign(filename='/django__django/django/utils/log.py', lineno=66, funcname='configure_logging'), FuncSign(filename='/root/miniconda3/envs/django__django__3.1/lib/python3.6/logging/config.py', lineno=800, funcname='dictConfig'), FuncSign(filename='/root/miniconda3/envs/django__django__3.1/lib/python3.6/logging/config.py', lineno=493, funcname='configure')]), (1, 4, 6, 289))
[2026-07-29 14:58:47,083 - Orcar.tracer - INFO] Func 038/151
[2026-07-29 14:58:47,084 - Orcar.tracer - INFO] (FuncSign(filename='/root/miniconda3/envs/django__django__3.1/lib/python3.6/logging/config.py', lineno=164, funcname='_handle_existing_loggers'), FuncScore(is_same_file_with_key_parent=False, layers_from_key_parent=4, absolute_calling_index=372, absolute_layer=6, called_by=[FuncSign(filename='/django__django/django/__init__.py', lineno=8, funcname='setup'), FuncSign(filename='/django__django/django/utils/log.py', lineno=66, funcname='configure_logging'), FuncSign(filename='/root/miniconda3/envs/django__django__3.1/lib/python3.6/logging/config.py', lineno=800, funcname='dictConfig'), FuncSign(filename='/root/miniconda3/envs/django__django__3.1/lib/python3.6/logging/config.py', lineno=493, funcname='configure')]), (1, 4, 6, 372))
[2026-07-29 14:58:47,084 - Orcar.tracer - INFO] Func 039/151
[2026-07-29 14:58:47,084 - Orcar.tracer - INFO] (FuncSign(filename='/root/miniconda3/envs/django__django__3.1/lib/python3.6/logging/__init__.py', lineno=228, funcname='_releaseLock'), FuncScore(is_same_file_with_key_parent=False, layers_from_key_parent=4, absolute_calling_index=376, absolute_layer=6, called_by=[FuncSign(filename='/django__django/django/__init__.py', lineno=8, funcname='setup'), FuncSign(filename='/django__django/django/utils/log.py', lineno=66, funcname='configure_logging'), FuncSign(filename='/root/miniconda3/envs/django__django__3.1/lib/python3.6/logging/config.py', lineno=800, funcname='dictConfig'), FuncSign(filename='/root/miniconda3/envs/django__django__3.1/lib/python3.6/logging/config.py', lineno=493, funcname='configure')]), (1, 4, 6, 376))
[2026-07-29 14:58:47,084 - Orcar.tracer - INFO] Func 040/151
[2026-07-29 14:58:47,084 - Orcar.tracer - INFO] (FuncSign(filename='/root/miniconda3/envs/django__django__3.1/lib/python3.6/site-packages/asgiref/local.py', lineno=46, funcname='_get_context_id'), FuncScore(is_same_file_with_key_parent=False, layers_from_key_parent=4, absolute_calling_index=382, absolute_layer=6, called_by=[FuncSign(filename='/django__django/django/__init__.py', lineno=8, funcname='setup'), FuncSign(filename='/django__django/django/urls/base.py', lineno=99, funcname='set_script_prefix'), FuncSign(filename='/root/miniconda3/envs/django__django__3.1/lib/python3.6/site-packages/asgiref/local.py', lineno=109, funcname='__setattr__'), FuncSign(filename='/root/miniconda3/envs/django__django__3.1/lib/python3.6/site-packages/asgiref/local.py', lineno=82, funcname='_get_storage')]), (1, 4, 6, 382))
[2026-07-29 14:58:47,084 - Orcar.tracer - INFO] Func 041/151
[2026-07-29 14:58:47,084 - Orcar.tracer - INFO] (FuncSign(filename='/root/miniconda3/envs/django__django__3.1/lib/python3.6/_weakrefset.py', lineno=81, funcname='add'), FuncScore(is_same_file_with_key_parent=False, layers_from_key_parent=4, absolute_calling_index=432, absolute_layer=6, called_by=[FuncSign(filename='/django__django/django/__init__.py', lineno=8, funcname='setup'), FuncSign(filename='/django__django/django/urls/base.py', lineno=99, funcname='set_script_prefix'), FuncSign(filename='/root/miniconda3/envs/django__django__3.1/lib/python3.6/site-packages/asgiref/local.py', lineno=109, funcname='__setattr__'), FuncSign(filename='/root/miniconda3/envs/django__django__3.1/lib/python3.6/site-packages/asgiref/local.py', lineno=82, funcname='_get_storage')]), (1, 4, 6, 432))
[2026-07-29 14:58:47,084 - Orcar.tracer - INFO] Func 042/151
[2026-07-29 14:58:47,085 - Orcar.tracer - INFO] (FuncSign(filename='/root/miniconda3/envs/django__django__3.1/lib/python3.6/abc.py', lineno=180, funcname='__instancecheck__'), FuncScore(is_same_file_with_key_parent=False, layers_from_key_parent=4, absolute_calling_index=437, absolute_layer=6, called_by=[FuncSign(filename='/django__django/django/__init__.py', lineno=8, funcname='setup'), FuncSign(filename='/django__django/django/apps/registry.py', lineno=61, funcname='populate'), FuncSign(filename='/root/miniconda3/envs/django__django__3.1/lib/python3.6/collections/__init__.py', lineno=517, funcname='__init__'), FuncSign(filename='/root/miniconda3/envs/django__django__3.1/lib/python3.6/collections/__init__.py', lineno=586, funcname='update')]), (1, 4, 6, 437))
[2026-07-29 14:58:47,085 - Orcar.tracer - INFO] Func 043/151
[2026-07-29 14:58:47,085 - Orcar.tracer - INFO] (FuncSign(filename='/root/miniconda3/envs/django__django__3.1/lib/python3.6/threading.py', lineno=334, funcname='notify'), FuncScore(is_same_file_with_key_parent=False, layers_from_key_parent=4, absolute_calling_index=843, absolute_layer=6, called_by=[FuncSign(filename='/django__django/django/__init__.py', lineno=8, funcname='setup'), FuncSign(filename='/django__django/django/apps/registry.py', lineno=61, funcname='populate'), FuncSign(filename='/root/miniconda3/envs/django__django__3.1/lib/python3.6/threading.py', lineno=512, funcname='set'), FuncSign(filename='/root/miniconda3/envs/django__django__3.1/lib/python3.6/threading.py', lineno=357, funcname='notify_all')]), (1, 4, 6, 843))
[2026-07-29 14:58:47,085 - Orcar.tracer - INFO] Func 044/151
[2026-07-29 14:58:47,085 - Orcar.tracer - INFO] (FuncSign(filename='/root/miniconda3/envs/django__django__3.1/lib/python3.6/logging/config.py', lineno=292, funcname='convert_with_key'), FuncScore(is_same_file_with_key_parent=False, layers_from_key_parent=5, absolute_calling_index=22, absolute_layer=7, called_by=[FuncSign(filename='/django__django/django/__init__.py', lineno=8, funcname='setup'), FuncSign(filename='/django__django/django/utils/log.py', lineno=66, funcname='configure_logging'), FuncSign(filename='/root/miniconda3/envs/django__django__3.1/lib/python3.6/logging/config.py', lineno=800, funcname='dictConfig'), FuncSign(filename='/root/miniconda3/envs/django__django__3.1/lib/python3.6/logging/config.py', lineno=493, funcname='configure'), FuncSign(filename='/root/miniconda3/envs/django__django__3.1/lib/python3.6/logging/config.py', lineno=325, funcname='__getitem__')]), (1, 5, 7, 22))
[2026-07-29 14:58:47,085 - Orcar.tracer - INFO] Func 045/151
[2026-07-29 14:58:47,085 - Orcar.tracer - INFO] (FuncSign(filename='/root/miniconda3/envs/django__django__3.1/lib/python3.6/_collections_abc.py', lineno=816, funcname='clear'), FuncScore(is_same_file_with_key_parent=False, layers_from_key_parent=5, absolute_calling_index=32, absolute_layer=7, called_by=[FuncSign(filename='/django__django/django/__init__.py', lineno=8, funcname='setup'), FuncSign(filename='/django__django/django/utils/log.py', lineno=66, funcname='configure_logging'), FuncSign(filename='/root/miniconda3/envs/django__django__3.1/lib/python3.6/logging/config.py', lineno=800, funcname='dictConfig'), FuncSign(filename='/root/miniconda3/envs/django__django__3.1/lib/python3.6/logging/config.py', lineno=493, funcname='configure'), FuncSign(filename='/root/miniconda3/envs/django__django__3.1/lib/python3.6/logging/config.py', lineno=272, funcname='_clearExistingHandlers')]), (1, 5, 7, 32))
[2026-07-29 14:58:47,085 - Orcar.tracer - INFO] Func 046/151
[2026-07-29 14:58:47,086 - Orcar.tracer - INFO] (FuncSign(filename='/root/miniconda3/envs/django__django__3.1/lib/python3.6/logging/__init__.py', lineno=1930, funcname='shutdown'), FuncScore(is_same_file_with_key_parent=False, layers_from_key_parent=5, absolute_calling_index=34, absolute_layer=7, called_by=[FuncSign(filename='/django__django/django/__init__.py', lineno=8, funcname='setup'), FuncSign(filename='/django__django/django/utils/log.py', lineno=66, funcname='configure_logging'), FuncSign(filename='/root/miniconda3/envs/django__django__3.1/lib/python3.6/logging/config.py', lineno=800, funcname='dictConfig'), FuncSign(filename='/root/miniconda3/envs/django__django__3.1/lib/python3.6/logging/config.py', lineno=493, funcname='configure'), FuncSign(filename='/root/miniconda3/envs/django__django__3.1/lib/python3.6/logging/config.py', lineno=272, funcname='_clearExistingHandlers')]), (1, 5, 7, 34))
[2026-07-29 14:58:47,086 - Orcar.tracer - INFO] Func 047/151
[2026-07-29 14:58:47,086 - Orcar.tracer - INFO] (FuncSign(filename='/root/miniconda3/envs/django__django__3.1/lib/python3.6/logging/config.py', lineno=467, funcname='configure_custom'), FuncScore(is_same_file_with_key_parent=False, layers_from_key_parent=5, absolute_calling_index=56, absolute_layer=7, called_by=[FuncSign(filename='/django__django/django/__init__.py', lineno=8, funcname='setup'), FuncSign(filename='/django__django/django/utils/log.py', lineno=66, funcname='configure_logging'), FuncSign(filename='/root/miniconda3/envs/django__django__3.1/lib/python3.6/logging/config.py', lineno=800, funcname='dictConfig'), FuncSign(filename='/root/miniconda3/envs/django__django__3.1/lib/python3.6/logging/config.py', lineno=493, funcname='configure'), FuncSign(filename='/root/miniconda3/envs/django__django__3.1/lib/python3.6/logging/config.py', lineno=651, funcname='configure_formatter')]), (1, 5, 7, 56))
[2026-07-29 14:58:47,086 - Orcar.tracer - INFO] Func 048/151
[2026-07-29 14:58:47,086 - Orcar.tracer - INFO] (FuncSign(filename='/root/miniconda3/envs/django__django__3.1/lib/python3.6/logging/config.py', lineno=378, funcname='resolve'), FuncScore(is_same_file_with_key_parent=False, layers_from_key_parent=5, absolute_calling_index=154, absolute_layer=7, called_by=[FuncSign(filename='/django__django/django/__init__.py', lineno=8, funcname='setup'), FuncSign(filename='/django__django/django/utils/log.py', lineno=66, funcname='configure_logging'), FuncSign(filename='/root/miniconda3/envs/django__django__3.1/lib/python3.6/logging/config.py', lineno=800, funcname='dictConfig'), FuncSign(filename='/root/miniconda3/envs/django__django__3.1/lib/python3.6/logging/config.py', lineno=493, funcname='configure'), FuncSign(filename='/root/miniconda3/envs/django__django__3.1/lib/python3.6/logging/config.py', lineno=696, funcname='configure_handler')]), (1, 5, 7, 154))
[2026-07-29 14:58:47,086 - Orcar.tracer - INFO] Func 049/151
[2026-07-29 14:58:47,086 - Orcar.tracer - INFO] (FuncSign(filename='/root/miniconda3/envs/django__django__3.1/lib/python3.6/logging/__init__.py', lineno=960, funcname='__init__'), FuncScore(is_same_file_with_key_parent=False, layers_from_key_parent=5, absolute_calling_index=159, absolute_layer=7, called_by=[FuncSign(filename='/django__django/django/__init__.py', lineno=8, funcname='setup'), FuncSign(filename='/django__django/django/utils/log.py', lineno=66, funcname='configure_logging'), FuncSign(filename='/root/miniconda3/envs/django__django__3.1/lib/python3.6/logging/config.py', lineno=800, funcname='dictConfig'), FuncSign(filename='/root/miniconda3/envs/django__django__3.1/lib/python3.6/logging/config.py', lineno=493, funcname='configure'), FuncSign(filename='/root/miniconda3/envs/django__django__3.1/lib/python3.6/logging/config.py', lineno=696, funcname='configure_handler')]), (1, 5, 7, 159))
[2026-07-29 14:58:47,087 - Orcar.tracer - INFO] Func 050/151
[2026-07-29 14:58:47,087 - Orcar.tracer - INFO] (FuncSign(filename='/root/miniconda3/envs/django__django__3.1/lib/python3.6/logging/__init__.py', lineno=190, funcname='_checkLevel'), FuncScore(is_same_file_with_key_parent=False, layers_from_key_parent=5, absolute_calling_index=168, absolute_layer=7, called_by=[FuncSign(filename='/django__django/django/__init__.py', lineno=8, funcname='setup'), FuncSign(filename='/django__django/django/utils/log.py', lineno=66, funcname='configure_logging'), FuncSign(filename='/root/miniconda3/envs/django__django__3.1/lib/python3.6/logging/config.py', lineno=800, funcname='dictConfig'), FuncSign(filename='/root/miniconda3/envs/django__django__3.1/lib/python3.6/logging/config.py', lineno=493, funcname='configure'), FuncSign(filename='/root/miniconda3/envs/django__django__3.1/lib/python3.6/logging/config.py', lineno=696, funcname='configure_handler')]), (1, 5, 7, 168))
[2026-07-29 14:58:47,087 - Orcar.tracer - INFO] Func 051/151
[2026-07-29 14:58:47,087 - Orcar.tracer - INFO] (FuncSign(filename='/root/miniconda3/envs/django__django__3.1/lib/python3.6/logging/__init__.py', lineno=823, funcname='setLevel'), FuncScore(is_same_file_with_key_parent=False, layers_from_key_parent=5, absolute_calling_index=169, absolute_layer=7, called_by=[FuncSign(filename='/django__django/django/__init__.py', lineno=8, funcname='setup'), FuncSign(filename='/django__django/django/utils/log.py', lineno=66, funcname='configure_logging'), FuncSign(filename='/root/miniconda3/envs/django__django__3.1/lib/python3.6/logging/config.py', lineno=800, funcname='dictConfig'), FuncSign(filename='/root/miniconda3/envs/django__django__3.1/lib/python3.6/logging/config.py', lineno=493, funcname='configure'), FuncSign(filename='/root/miniconda3/envs/django__django__3.1/lib/python3.6/logging/config.py', lineno=696, funcname='configure_handler')]), (1, 5, 7, 169))
[2026-07-29 14:58:47,087 - Orcar.tracer - INFO] Func 052/151
[2026-07-29 14:58:47,087 - Orcar.tracer - INFO] (FuncSign(filename='/root/miniconda3/envs/django__django__3.1/lib/python3.6/logging/config.py', lineno=688, funcname='add_filters'), FuncScore(is_same_file_with_key_parent=False, layers_from_key_parent=5, absolute_calling_index=171, absolute_layer=7, called_by=[FuncSign(filename='/django__django/django/__init__.py', lineno=8, funcname='setup'), FuncSign(filename='/django__django/django/utils/log.py', lineno=66, funcname='configure_logging'), FuncSign(filename='/root/miniconda3/envs/django__django__3.1/lib/python3.6/logging/config.py', lineno=800, funcname='dictConfig'), FuncSign(filename='/root/miniconda3/envs/django__django__3.1/lib/python3.6/logging/config.py', lineno=493, funcname='configure'), FuncSign(filename='/root/miniconda3/envs/django__django__3.1/lib/python3.6/logging/config.py', lineno=696, funcname='configure_handler')]), (1, 5, 7, 171))
[2026-07-29 14:58:47,087 - Orcar.tracer - INFO] Func 053/151
[2026-07-29 14:58:47,087 - Orcar.tracer - INFO] (FuncSign(filename='/root/miniconda3/envs/django__django__3.1/lib/python3.6/weakref.py', lineno=153, funcname='__contains__'), FuncScore(is_same_file_with_key_parent=False, layers_from_key_parent=5, absolute_calling_index=181, absolute_layer=7, called_by=[FuncSign(filename='/django__django/django/__init__.py', lineno=8, funcname='setup'), FuncSign(filename='/django__django/django/utils/log.py', lineno=66, funcname='configure_logging'), FuncSign(filename='/root/miniconda3/envs/django__django__3.1/lib/python3.6/logging/config.py', lineno=800, funcname='dictConfig'), FuncSign(filename='/root/miniconda3/envs/django__django__3.1/lib/python3.6/logging/config.py', lineno=493, funcname='configure'), FuncSign(filename='/root/miniconda3/envs/django__django__3.1/lib/python3.6/logging/__init__.py', lineno=787, funcname='set_name')]), (1, 5, 7, 181))
[2026-07-29 14:58:47,088 - Orcar.tracer - INFO] Func 054/151
[2026-07-29 14:58:47,088 - Orcar.tracer - INFO] (FuncSign(filename='/root/miniconda3/envs/django__django__3.1/lib/python3.6/weakref.py', lineno=165, funcname='__setitem__'), FuncScore(is_same_file_with_key_parent=False, layers_from_key_parent=5, absolute_calling_index=182, absolute_layer=7, called_by=[FuncSign(filename='/django__django/django/__init__.py', lineno=8, funcname='setup'), FuncSign(filename='/django__django/django/utils/log.py', lineno=66, funcname='configure_logging'), FuncSign(filename='/root/miniconda3/envs/django__django__3.1/lib/python3.6/logging/config.py', lineno=800, funcname='dictConfig'), FuncSign(filename='/root/miniconda3/envs/django__django__3.1/lib/python3.6/logging/config.py', lineno=493, funcname='configure'), FuncSign(filename='/root/miniconda3/envs/django__django__3.1/lib/python3.6/logging/__init__.py', lineno=787, funcname='set_name')]), (1, 5, 7, 182))
[2026-07-29 14:58:47,088 - Orcar.tracer - INFO] Func 055/151
[2026-07-29 14:58:47,088 - Orcar.tracer - INFO] (FuncSign(filename='/root/miniconda3/envs/django__django__3.1/lib/python3.6/logging/__init__.py', lineno=870, funcname='setFormatter'), FuncScore(is_same_file_with_key_parent=False, layers_from_key_parent=5, absolute_calling_index=222, absolute_layer=7, called_by=[FuncSign(filename='/django__django/django/__init__.py', lineno=8, funcname='setup'), FuncSign(filename='/django__django/django/utils/log.py', lineno=66, funcname='configure_logging'), FuncSign(filename='/root/miniconda3/envs/django__django__3.1/lib/python3.6/logging/config.py', lineno=800, funcname='dictConfig'), FuncSign(filename='/root/miniconda3/envs/django__django__3.1/lib/python3.6/logging/config.py', lineno=493, funcname='configure'), FuncSign(filename='/root/miniconda3/envs/django__django__3.1/lib/python3.6/logging/config.py', lineno=696, funcname='configure_handler')]), (1, 5, 7, 222))
[2026-07-29 14:58:47,088 - Orcar.tracer - INFO] Func 056/151
[2026-07-29 14:58:47,088 - Orcar.tracer - INFO] (FuncSign(filename='/django__django/django/utils/log.py', lineno=85, funcname='__init__'), FuncScore(is_same_file_with_key_parent=False, layers_from_key_parent=5, absolute_calling_index=254, absolute_layer=7, called_by=[FuncSign(filename='/django__django/django/__init__.py', lineno=8, funcname='setup'), FuncSign(filename='/django__django/django/utils/log.py', lineno=66, funcname='configure_logging'), FuncSign(filename='/root/miniconda3/envs/django__django__3.1/lib/python3.6/logging/config.py', lineno=800, funcname='dictConfig'), FuncSign(filename='/root/miniconda3/envs/django__django__3.1/lib/python3.6/logging/config.py', lineno=493, funcname='configure'), FuncSign(filename='/root/miniconda3/envs/django__django__3.1/lib/python3.6/logging/config.py', lineno=696, funcname='configure_handler')]), (1, 5, 7, 254))
[2026-07-29 14:58:47,088 - Orcar.tracer - INFO] Func 057/151
[2026-07-29 14:58:47,088 - Orcar.tracer - INFO] (FuncSign(filename='/root/miniconda3/envs/django__django__3.1/lib/python3.6/logging/__init__.py', lineno=1838, funcname='getLogger'), FuncScore(is_same_file_with_key_parent=False, layers_from_key_parent=5, absolute_calling_index=290, absolute_layer=7, called_by=[FuncSign(filename='/django__django/django/__init__.py', lineno=8, funcname='setup'), FuncSign(filename='/django__django/django/utils/log.py', lineno=66, funcname='configure_logging'), FuncSign(filename='/root/miniconda3/envs/django__django__3.1/lib/python3.6/logging/config.py', lineno=800, funcname='dictConfig'), FuncSign(filename='/root/miniconda3/envs/django__django__3.1/lib/python3.6/logging/config.py', lineno=493, funcname='configure'), FuncSign(filename='/root/miniconda3/envs/django__django__3.1/lib/python3.6/logging/config.py', lineno=785, funcname='configure_logger')]), (1, 5, 7, 290))
[2026-07-29 14:58:47,089 - Orcar.tracer - INFO] Func 058/151
[2026-07-29 14:58:47,089 - Orcar.tracer - INFO] (FuncSign(filename='/root/miniconda3/envs/django__django__3.1/lib/python3.6/logging/config.py', lineno=767, funcname='common_logger_config'), FuncScore(is_same_file_with_key_parent=False, layers_from_key_parent=5, absolute_calling_index=299, absolute_layer=7, called_by=[FuncSign(filename='/django__django/django/__init__.py', lineno=8, funcname='setup'), FuncSign(filename='/django__django/django/utils/log.py', lineno=66, funcname='configure_logging'), FuncSign(filename='/root/miniconda3/envs/django__django__3.1/lib/python3.6/logging/config.py', lineno=800, funcname='dictConfig'), FuncSign(filename='/root/miniconda3/envs/django__django__3.1/lib/python3.6/logging/config.py', lineno=493, funcname='configure'), FuncSign(filename='/root/miniconda3/envs/django__django__3.1/lib/python3.6/logging/config.py', lineno=785, funcname='configure_logger')]), (1, 5, 7, 299))
[2026-07-29 14:58:47,089 - Orcar.tracer - INFO] Func 059/151
[2026-07-29 14:58:47,089 - Orcar.tracer - INFO] (FuncSign(filename='/root/miniconda3/envs/django__django__3.1/lib/python3.6/site-packages/asgiref/sync.py', lineno=493, funcname='get_current_task'), FuncScore(is_same_file_with_key_parent=False, layers_from_key_parent=5, absolute_calling_index=383, absolute_layer=7, called_by=[FuncSign(filename='/django__django/django/__init__.py', lineno=8, funcname='setup'), FuncSign(filename='/django__django/django/urls/base.py', lineno=99, funcname='set_script_prefix'), FuncSign(filename='/root/miniconda3/envs/django__django__3.1/lib/python3.6/site-packages/asgiref/local.py', lineno=109, funcname='__setattr__'), FuncSign(filename='/root/miniconda3/envs/django__django__3.1/lib/python3.6/site-packages/asgiref/local.py', lineno=82, funcname='_get_storage'), FuncSign(filename='/root/miniconda3/envs/django__django__3.1/lib/python3.6/site-packages/asgiref/local.py', lineno=46, funcname='_get_context_id')]), (1, 5, 7, 383))
[2026-07-29 14:58:47,089 - Orcar.tracer - INFO] Func 060/151
[2026-07-29 14:58:47,089 - Orcar.tracer - INFO] (FuncSign(filename='/root/miniconda3/envs/django__django__3.1/lib/python3.6/threading.py', lineno=1230, funcname='current_thread'), FuncScore(is_same_file_with_key_parent=False, layers_from_key_parent=5, absolute_calling_index=431, absolute_layer=7, called_by=[FuncSign(filename='/django__django/django/__init__.py', lineno=8, funcname='setup'), FuncSign(filename='/django__django/django/urls/base.py', lineno=99, funcname='set_script_prefix'), FuncSign(filename='/root/miniconda3/envs/django__django__3.1/lib/python3.6/site-packages/asgiref/local.py', lineno=109, funcname='__setattr__'), FuncSign(filename='/root/miniconda3/envs/django__django__3.1/lib/python3.6/site-packages/asgiref/local.py', lineno=82, funcname='_get_storage'), FuncSign(filename='/root/miniconda3/envs/django__django__3.1/lib/python3.6/site-packages/asgiref/local.py', lineno=46, funcname='_get_context_id')]), (1, 5, 7, 431))
[2026-07-29 14:58:47,089 - Orcar.tracer - INFO] Func 061/151
[2026-07-29 14:58:47,090 - Orcar.tracer - INFO] (FuncSign(filename='/root/miniconda3/envs/django__django__3.1/lib/python3.6/_weakrefset.py', lineno=70, funcname='__contains__'), FuncScore(is_same_file_with_key_parent=False, layers_from_key_parent=5, absolute_calling_index=438, absolute_layer=7, called_by=[FuncSign(filename='/django__django/django/__init__.py', lineno=8, funcname='setup'), FuncSign(filename='/django__django/django/apps/registry.py', lineno=61, funcname='populate'), FuncSign(filename='/root/miniconda3/envs/django__django__3.1/lib/python3.6/collections/__init__.py', lineno=517, funcname='__init__'), FuncSign(filename='/root/miniconda3/envs/django__django__3.1/lib/python3.6/collections/__init__.py', lineno=586, funcname='update'), FuncSign(filename='/root/miniconda3/envs/django__django__3.1/lib/python3.6/abc.py', lineno=180, funcname='__instancecheck__')]), (1, 5, 7, 438))
[2026-07-29 14:58:47,090 - Orcar.tracer - INFO] Func 062/151
[2026-07-29 14:58:47,090 - Orcar.tracer - INFO] (FuncSign(filename='/root/miniconda3/envs/django__django__3.1/lib/python3.6/abc.py', lineno=196, funcname='__subclasscheck__'), FuncScore(is_same_file_with_key_parent=False, layers_from_key_parent=5, absolute_calling_index=440, absolute_layer=7, called_by=[FuncSign(filename='/django__django/django/__init__.py', lineno=8, funcname='setup'), FuncSign(filename='/django__django/django/apps/registry.py', lineno=61, funcname='populate'), FuncSign(filename='/root/miniconda3/envs/django__django__3.1/lib/python3.6/collections/__init__.py', lineno=517, funcname='__init__'), FuncSign(filename='/root/miniconda3/envs/django__django__3.1/lib/python3.6/collections/__init__.py', lineno=586, funcname='update'), FuncSign(filename='/root/miniconda3/envs/django__django__3.1/lib/python3.6/abc.py', lineno=180, funcname='__instancecheck__')]), (1, 5, 7, 440))
[2026-07-29 14:58:47,090 - Orcar.tracer - INFO] Func 063/151
[2026-07-29 14:58:47,090 - Orcar.tracer - INFO] (FuncSign(filename='/root/miniconda3/envs/django__django__3.1/lib/python3.6/threading.py', lineno=254, funcname='_is_owned'), FuncScore(is_same_file_with_key_parent=False, layers_from_key_parent=5, absolute_calling_index=844, absolute_layer=7, called_by=[FuncSign(filename='/django__django/django/__init__.py', lineno=8, funcname='setup'), FuncSign(filename='/django__django/django/apps/registry.py', lineno=61, funcname='populate'), FuncSign(filename='/root/miniconda3/envs/django__django__3.1/lib/python3.6/threading.py', lineno=512, funcname='set'), FuncSign(filename='/root/miniconda3/envs/django__django__3.1/lib/python3.6/threading.py', lineno=357, funcname='notify_all'), FuncSign(filename='/root/miniconda3/envs/django__django__3.1/lib/python3.6/threading.py', lineno=334, funcname='notify')]), (1, 5, 7, 844))
[2026-07-29 14:58:47,090 - Orcar.tracer - INFO] Func 064/151
[2026-07-29 14:58:47,090 - Orcar.tracer - INFO] (FuncSign(filename='/root/miniconda3/envs/django__django__3.1/lib/python3.6/logging/config.py', lineno=439, funcname='convert'), FuncScore(is_same_file_with_key_parent=False, layers_from_key_parent=6, absolute_calling_index=23, absolute_layer=8, called_by=[FuncSign(filename='/django__django/django/__init__.py', lineno=8, funcname='setup'), FuncSign(filename='/django__django/django/utils/log.py', lineno=66, funcname='configure_logging'), FuncSign(filename='/root/miniconda3/envs/django__django__3.1/lib/python3.6/logging/config.py', lineno=800, funcname='dictConfig'), FuncSign(filename='/root/miniconda3/envs/django__django__3.1/lib/python3.6/logging/config.py', lineno=493, funcname='configure'), FuncSign(filename='/root/miniconda3/envs/django__django__3.1/lib/python3.6/logging/config.py', lineno=325, funcname='__getitem__'), FuncSign(filename='/root/miniconda3/envs/django__django__3.1/lib/python3.6/logging/config.py', lineno=292, funcname='convert_with_key')]), (1, 6, 8, 23))
[2026-07-29 14:58:47,091 - Orcar.tracer - INFO] Func 065/151
[2026-07-29 14:58:47,091 - Orcar.tracer - INFO] (FuncSign(filename='/root/miniconda3/envs/django__django__3.1/lib/python3.6/weakref.py', lineno=251, funcname='popitem'), FuncScore(is_same_file_with_key_parent=False, layers_from_key_parent=6, absolute_calling_index=33, absolute_layer=8, called_by=[FuncSign(filename='/django__django/django/__init__.py', lineno=8, funcname='setup'), FuncSign(filename='/django__django/django/utils/log.py', lineno=66, funcname='configure_logging'), FuncSign(filename='/root/miniconda3/envs/django__django__3.1/lib/python3.6/logging/config.py', lineno=800, funcname='dictConfig'), FuncSign(filename='/root/miniconda3/envs/django__django__3.1/lib/python3.6/logging/config.py', lineno=493, funcname='configure'), FuncSign(filename='/root/miniconda3/envs/django__django__3.1/lib/python3.6/logging/config.py', lineno=272, funcname='_clearExistingHandlers'), FuncSign(filename='/root/miniconda3/envs/django__django__3.1/lib/python3.6/_collections_abc.py', lineno=816, funcname='clear')]), (1, 6, 8, 33))
[2026-07-29 14:58:47,091 - Orcar.tracer - INFO] Func 066/151
[2026-07-29 14:58:47,091 - Orcar.tracer - INFO] (FuncSign(filename='/root/miniconda3/envs/django__django__3.1/lib/python3.6/logging/__init__.py', lineno=809, funcname='acquire'), FuncScore(is_same_file_with_key_parent=False, layers_from_key_parent=6, absolute_calling_index=35, absolute_layer=8, called_by=[FuncSign(filename='/django__django/django/__init__.py', lineno=8, funcname='setup'), FuncSign(filename='/django__django/django/utils/log.py', lineno=66, funcname='configure_logging'), FuncSign(filename='/root/miniconda3/envs/django__django__3.1/lib/python3.6/logging/config.py', lineno=800, funcname='dictConfig'), FuncSign(filename='/root/miniconda3/envs/django__django__3.1/lib/python3.6/logging/config.py', lineno=493, funcname='configure'), FuncSign(filename='/root/miniconda3/envs/django__django__3.1/lib/python3.6/logging/config.py', lineno=272, funcname='_clearExistingHandlers'), FuncSign(filename='/root/miniconda3/envs/django__django__3.1/lib/python3.6/logging/__init__.py', lineno=1930, funcname='shutdown')]), (1, 6, 8, 35))
[2026-07-29 14:58:47,091 - Orcar.tracer - INFO] Func 067/151
[2026-07-29 14:58:47,091 - Orcar.tracer - INFO] (FuncSign(filename='/root/miniconda3/envs/django__django__3.1/lib/python3.6/logging/__init__.py', lineno=971, funcname='flush'), FuncScore(is_same_file_with_key_parent=False, layers_from_key_parent=6, absolute_calling_index=36, absolute_layer=8, called_by=[FuncSign(filename='/django__django/django/__init__.py', lineno=8, funcname='setup'), FuncSign(filename='/django__django/django/utils/log.py', lineno=66, funcname='configure_logging'), FuncSign(filename='/root/miniconda3/envs/django__django__3.1/lib/python3.6/logging/config.py', lineno=800, funcname='dictConfig'), FuncSign(filename='/root/miniconda3/envs/django__django__3.1/lib/python3.6/logging/config.py', lineno=493, funcname='configure'), FuncSign(filename='/root/miniconda3/envs/django__django__3.1/lib/python3.6/logging/config.py', lineno=272, funcname='_clearExistingHandlers'), FuncSign(filename='/root/miniconda3/envs/django__django__3.1/lib/python3.6/logging/__init__.py', lineno=1930, funcname='shutdown')]), (1, 6, 8, 36))
[2026-07-29 14:58:47,092 - Orcar.tracer - INFO] Func 068/151
[2026-07-29 14:58:47,092 - Orcar.tracer - INFO] (FuncSign(filename='/root/miniconda3/envs/django__django__3.1/lib/python3.6/logging/__init__.py', lineno=885, funcname='close'), FuncScore(is_same_file_with_key_parent=False, layers_from_key_parent=6, absolute_calling_index=42, absolute_layer=8, called_by=[FuncSign(filename='/django__django/django/__init__.py', lineno=8, funcname='setup'), FuncSign(filename='/django__django/django/utils/log.py', lineno=66, funcname='configure_logging'), FuncSign(filename='/root/miniconda3/envs/django__django__3.1/lib/python3.6/logging/config.py', lineno=800, funcname='dictConfig'), FuncSign(filename='/root/miniconda3/envs/django__django__3.1/lib/python3.6/logging/config.py', lineno=493, funcname='configure'), FuncSign(filename='/root/miniconda3/envs/django__django__3.1/lib/python3.6/logging/config.py', lineno=272, funcname='_clearExistingHandlers'), FuncSign(filename='/root/miniconda3/envs/django__django__3.1/lib/python3.6/logging/__init__.py', lineno=1930, funcname='shutdown')]), (1, 6, 8, 42))
[2026-07-29 14:58:47,092 - Orcar.tracer - INFO] Func 069/151
[2026-07-29 14:58:47,092 - Orcar.tracer - INFO] (FuncSign(filename='/root/miniconda3/envs/django__django__3.1/lib/python3.6/logging/__init__.py', lineno=816, funcname='release'), FuncScore(is_same_file_with_key_parent=False, layers_from_key_parent=6, absolute_calling_index=45, absolute_layer=8, called_by=[FuncSign(filename='/django__django/django/__init__.py', lineno=8, funcname='setup'), FuncSign(filename='/django__django/django/utils/log.py', lineno=66, funcname='configure_logging'), FuncSign(filename='/root/miniconda3/envs/django__django__3.1/lib/python3.6/logging/config.py', lineno=800, funcname='dictConfig'), FuncSign(filename='/root/miniconda3/envs/django__django__3.1/lib/python3.6/logging/config.py', lineno=493, funcname='configure'), FuncSign(filename='/root/miniconda3/envs/django__django__3.1/lib/python3.6/logging/config.py', lineno=272, funcname='_clearExistingHandlers'), FuncSign(filename='/root/miniconda3/envs/django__django__3.1/lib/python3.6/logging/__init__.py', lineno=1930, funcname='shutdown')]), (1, 6, 8, 45))
[2026-07-29 14:58:47,092 - Orcar.tracer - INFO] Func 070/151
[2026-07-29 14:58:47,092 - Orcar.tracer - INFO] (FuncSign(filename='/django__django/django/utils/log.py', lineno=163, funcname='__init__'), FuncScore(is_same_file_with_key_parent=False, layers_from_key_parent=6, absolute_calling_index=73, absolute_layer=8, called_by=[FuncSign(filename='/django__django/django/__init__.py', lineno=8, funcname='setup'), FuncSign(filename='/django__django/django/utils/log.py', lineno=66, funcname='configure_logging'), FuncSign(filename='/root/miniconda3/envs/django__django__3.1/lib/python3.6/logging/config.py', lineno=800, funcname='dictConfig'), FuncSign(filename='/root/miniconda3/envs/django__django__3.1/lib/python3.6/logging/config.py', lineno=493, funcname='configure'), FuncSign(filename='/root/miniconda3/envs/django__django__3.1/lib/python3.6/logging/config.py', lineno=651, funcname='configure_formatter'), FuncSign(filename='/root/miniconda3/envs/django__django__3.1/lib/python3.6/logging/config.py', lineno=467, funcname='configure_custom')]), (1, 6, 8, 73))
[2026-07-29 14:58:47,093 - Orcar.tracer - INFO] Func 071/151
[2026-07-29 14:58:47,093 - Orcar.tracer - INFO] (FuncSign(filename='/root/miniconda3/envs/django__django__3.1/lib/python3.6/logging/__init__.py', lineno=654, funcname='__init__'), FuncScore(is_same_file_with_key_parent=False, layers_from_key_parent=6, absolute_calling_index=120, absolute_layer=8, called_by=[FuncSign(filename='/django__django/django/__init__.py', lineno=8, funcname='setup'), FuncSign(filename='/django__django/django/utils/log.py', lineno=66, funcname='configure_logging'), FuncSign(filename='/root/miniconda3/envs/django__django__3.1/lib/python3.6/logging/config.py', lineno=800, funcname='dictConfig'), FuncSign(filename='/root/miniconda3/envs/django__django__3.1/lib/python3.6/logging/config.py', lineno=493, funcname='configure'), FuncSign(filename='/root/miniconda3/envs/django__django__3.1/lib/python3.6/logging/config.py', lineno=679, funcname='configure_filter'), FuncSign(filename='/root/miniconda3/envs/django__django__3.1/lib/python3.6/logging/config.py', lineno=467, funcname='configure_custom')]), (1, 6, 8, 120))
[2026-07-29 14:58:47,093 - Orcar.tracer - INFO] Func 072/151
[2026-07-29 14:58:47,093 - Orcar.tracer - INFO] (FuncSign(filename='/root/miniconda3/envs/django__django__3.1/lib/python3.6/logging/__init__.py', lineno=771, funcname='__init__'), FuncScore(is_same_file_with_key_parent=False, layers_from_key_parent=6, absolute_calling_index=160, absolute_layer=8, called_by=[FuncSign(filename='/django__django/django/__init__.py', lineno=8, funcname='setup'), FuncSign(filename='/django__django/django/utils/log.py', lineno=66, funcname='configure_logging'), FuncSign(filename='/root/miniconda3/envs/django__django__3.1/lib/python3.6/logging/config.py', lineno=800, funcname='dictConfig'), FuncSign(filename='/root/miniconda3/envs/django__django__3.1/lib/python3.6/logging/config.py', lineno=493, funcname='configure'), FuncSign(filename='/root/miniconda3/envs/django__django__3.1/lib/python3.6/logging/config.py', lineno=696, funcname='configure_handler'), FuncSign(filename='/root/miniconda3/envs/django__django__3.1/lib/python3.6/logging/__init__.py', lineno=960, funcname='__init__')]), (1, 6, 8, 160))
[2026-07-29 14:58:47,093 - Orcar.tracer - INFO] Func 073/151
[2026-07-29 14:58:47,093 - Orcar.tracer - INFO] (FuncSign(filename='/root/miniconda3/envs/django__django__3.1/lib/python3.6/logging/__init__.py', lineno=691, funcname='addFilter'), FuncScore(is_same_file_with_key_parent=False, layers_from_key_parent=6, absolute_calling_index=178, absolute_layer=8, called_by=[FuncSign(filename='/django__django/django/__init__.py', lineno=8, funcname='setup'), FuncSign(filename='/django__django/django/utils/log.py', lineno=66, funcname='configure_logging'), FuncSign(filename='/root/miniconda3/envs/django__django__3.1/lib/python3.6/logging/config.py', lineno=800, funcname='dictConfig'), FuncSign(filename='/root/miniconda3/envs/django__django__3.1/lib/python3.6/logging/config.py', lineno=493, funcname='configure'), FuncSign(filename='/root/miniconda3/envs/django__django__3.1/lib/python3.6/logging/config.py', lineno=696, funcname='configure_handler'), FuncSign(filename='/root/miniconda3/envs/django__django__3.1/lib/python3.6/logging/config.py', lineno=688, funcname='add_filters')]), (1, 6, 8, 178))
[2026-07-29 14:58:47,094 - Orcar.tracer - INFO] Func 074/151
[2026-07-29 14:58:47,094 - Orcar.tracer - INFO] (FuncSign(filename='/root/miniconda3/envs/django__django__3.1/lib/python3.6/weakref.py', lineno=334, funcname='__new__'), FuncScore(is_same_file_with_key_parent=False, layers_from_key_parent=6, absolute_calling_index=183, absolute_layer=8, called_by=[FuncSign(filename='/django__django/django/__init__.py', lineno=8, funcname='setup'), FuncSign(filename='/django__django/django/utils/log.py', lineno=66, funcname='configure_logging'), FuncSign(filename='/root/miniconda3/envs/django__django__3.1/lib/python3.6/logging/config.py', lineno=800, funcname='dictConfig'), FuncSign(filename='/root/miniconda3/envs/django__django__3.1/lib/python3.6/logging/config.py', lineno=493, funcname='configure'), FuncSign(filename='/root/miniconda3/envs/django__django__3.1/lib/python3.6/logging/__init__.py', lineno=787, funcname='set_name'), FuncSign(filename='/root/miniconda3/envs/django__django__3.1/lib/python3.6/weakref.py', lineno=165, funcname='__setitem__')]), (1, 6, 8, 183))
[2026-07-29 14:58:47,094 - Orcar.tracer - INFO] Func 075/151
[2026-07-29 14:58:47,094 - Orcar.tracer - INFO] (FuncSign(filename='/root/miniconda3/envs/django__django__3.1/lib/python3.6/weakref.py', lineno=339, funcname='__init__'), FuncScore(is_same_file_with_key_parent=False, layers_from_key_parent=6, absolute_calling_index=184, absolute_layer=8, called_by=[FuncSign(filename='/django__django/django/__init__.py', lineno=8, funcname='setup'), FuncSign(filename='/django__django/django/utils/log.py', lineno=66, funcname='configure_logging'), FuncSign(filename='/root/miniconda3/envs/django__django__3.1/lib/python3.6/logging/config.py', lineno=800, funcname='dictConfig'), FuncSign(filename='/root/miniconda3/envs/django__django__3.1/lib/python3.6/logging/config.py', lineno=493, funcname='configure'), FuncSign(filename='/root/miniconda3/envs/django__django__3.1/lib/python3.6/logging/__init__.py', lineno=787, funcname='set_name'), FuncSign(filename='/root/miniconda3/envs/django__django__3.1/lib/python3.6/weakref.py', lineno=165, funcname='__setitem__')]), (1, 6, 8, 184))
[2026-07-29 14:58:47,094 - Orcar.tracer - INFO] Func 076/151
[2026-07-29 14:58:47,094 - Orcar.tracer - INFO] (FuncSign(filename='/root/miniconda3/envs/django__django__3.1/lib/python3.6/logging/__init__.py', lineno=1161, funcname='getLogger'), FuncScore(is_same_file_with_key_parent=False, layers_from_key_parent=6, absolute_calling_index=291, absolute_layer=8, called_by=[FuncSign(filename='/django__django/django/__init__.py', lineno=8, funcname='setup'), FuncSign(filename='/django__django/django/utils/log.py', lineno=66, funcname='configure_logging'), FuncSign(filename='/root/miniconda3/envs/django__django__3.1/lib/python3.6/logging/config.py', lineno=800, funcname='dictConfig'), FuncSign(filename='/root/miniconda3/envs/django__django__3.1/lib/python3.6/logging/config.py', lineno=493, funcname='configure'), FuncSign(filename='/root/miniconda3/envs/django__django__3.1/lib/python3.6/logging/config.py', lineno=785, funcname='configure_logger'), FuncSign(filename='/root/miniconda3/envs/django__django__3.1/lib/python3.6/logging/__init__.py', lineno=1838, funcname='getLogger')]), (1, 6, 8, 291))
[2026-07-29 14:58:47,094 - Orcar.tracer - INFO] Func 077/151
[2026-07-29 14:58:47,094 - Orcar.tracer - INFO] (FuncSign(filename='/root/miniconda3/envs/django__django__3.1/lib/python3.6/logging/__init__.py', lineno=1280, funcname='setLevel'), FuncScore(is_same_file_with_key_parent=False, layers_from_key_parent=6, absolute_calling_index=304, absolute_layer=8, called_by=[FuncSign(filename='/django__django/django/__init__.py', lineno=8, funcname='setup'), FuncSign(filename='/django__django/django/utils/log.py', lineno=66, funcname='configure_logging'), FuncSign(filename='/root/miniconda3/envs/django__django__3.1/lib/python3.6/logging/config.py', lineno=800, funcname='dictConfig'), FuncSign(filename='/root/miniconda3/envs/django__django__3.1/lib/python3.6/logging/config.py', lineno=493, funcname='configure'), FuncSign(filename='/root/miniconda3/envs/django__django__3.1/lib/python3.6/logging/config.py', lineno=785, funcname='configure_logger'), FuncSign(filename='/root/miniconda3/envs/django__django__3.1/lib/python3.6/logging/config.py', lineno=767, funcname='common_logger_config')]), (1, 6, 8, 304))
[2026-07-29 14:58:47,095 - Orcar.tracer - INFO] Func 078/151
[2026-07-29 14:58:47,095 - Orcar.tracer - INFO] (FuncSign(filename='/root/miniconda3/envs/django__django__3.1/lib/python3.6/logging/config.py', lineno=759, funcname='add_handlers'), FuncScore(is_same_file_with_key_parent=False, layers_from_key_parent=6, absolute_calling_index=309, absolute_layer=8, called_by=[FuncSign(filename='/django__django/django/__init__.py', lineno=8, funcname='setup'), FuncSign(filename='/django__django/django/utils/log.py', lineno=66, funcname='configure_logging'), FuncSign(filename='/root/miniconda3/envs/django__django__3.1/lib/python3.6/logging/config.py', lineno=800, funcname='dictConfig'), FuncSign(filename='/root/miniconda3/envs/django__django__3.1/lib/python3.6/logging/config.py', lineno=493, funcname='configure'), FuncSign(filename='/root/miniconda3/envs/django__django__3.1/lib/python3.6/logging/config.py', lineno=785, funcname='configure_logger'), FuncSign(filename='/root/miniconda3/envs/django__django__3.1/lib/python3.6/logging/config.py', lineno=767, funcname='common_logger_config')]), (1, 6, 8, 309))
[2026-07-29 14:58:47,095 - Orcar.tracer - INFO] Func 079/151
[2026-07-29 14:58:47,095 - Orcar.tracer - INFO] (FuncSign(filename='/root/miniconda3/envs/django__django__3.1/lib/python3.6/asyncio/events.py', lineno=682, funcname='get_event_loop'), FuncScore(is_same_file_with_key_parent=False, layers_from_key_parent=6, absolute_calling_index=384, absolute_layer=8, called_by=[FuncSign(filename='/django__django/django/__init__.py', lineno=8, funcname='setup'), FuncSign(filename='/django__django/django/urls/base.py', lineno=99, funcname='set_script_prefix'), FuncSign(filename='/root/miniconda3/envs/django__django__3.1/lib/python3.6/site-packages/asgiref/local.py', lineno=109, funcname='__setattr__'), FuncSign(filename='/root/miniconda3/envs/django__django__3.1/lib/python3.6/site-packages/asgiref/local.py', lineno=82, funcname='_get_storage'), FuncSign(filename='/root/miniconda3/envs/django__django__3.1/lib/python3.6/site-packages/asgiref/local.py', lineno=46, funcname='_get_context_id'), FuncSign(filename='/root/miniconda3/envs/django__django__3.1/lib/python3.6/site-packages/asgiref/sync.py', lineno=493, funcname='get_current_task')]), (1, 6, 8, 384))
[2026-07-29 14:58:47,095 - Orcar.tracer - INFO] Func 080/151
[2026-07-29 14:58:47,095 - Orcar.tracer - INFO] (FuncSign(filename='/root/miniconda3/envs/django__django__3.1/lib/python3.6/_collections_abc.py', lineno=392, funcname='__subclasshook__'), FuncScore(is_same_file_with_key_parent=False, layers_from_key_parent=6, absolute_calling_index=443, absolute_layer=8, called_by=[FuncSign(filename='/django__django/django/__init__.py', lineno=8, funcname='setup'), FuncSign(filename='/django__django/django/apps/registry.py', lineno=61, funcname='populate'), FuncSign(filename='/root/miniconda3/envs/django__django__3.1/lib/python3.6/collections/__init__.py', lineno=517, funcname='__init__'), FuncSign(filename='/root/miniconda3/envs/django__django__3.1/lib/python3.6/collections/__init__.py', lineno=586, funcname='update'), FuncSign(filename='/root/miniconda3/envs/django__django__3.1/lib/python3.6/abc.py', lineno=180, funcname='__instancecheck__'), FuncSign(filename='/root/miniconda3/envs/django__django__3.1/lib/python3.6/abc.py', lineno=196, funcname='__subclasscheck__')]), (1, 6, 8, 443))
[2026-07-29 14:58:47,096 - Orcar.tracer - INFO] Func 081/151
[2026-07-29 14:58:47,096 - Orcar.tracer - INFO] (FuncSign(filename='/root/miniconda3/envs/django__django__3.1/lib/python3.6/_weakrefset.py', lineno=58, funcname='__iter__'), FuncScore(is_same_file_with_key_parent=False, layers_from_key_parent=6, absolute_calling_index=444, absolute_layer=8, called_by=[FuncSign(filename='/django__django/django/__init__.py', lineno=8, funcname='setup'), FuncSign(filename='/django__django/django/apps/registry.py', lineno=61, funcname='populate'), FuncSign(filename='/root/miniconda3/envs/django__django__3.1/lib/python3.6/collections/__init__.py', lineno=517, funcname='__init__'), FuncSign(filename='/root/miniconda3/envs/django__django__3.1/lib/python3.6/collections/__init__.py', lineno=586, funcname='update'), FuncSign(filename='/root/miniconda3/envs/django__django__3.1/lib/python3.6/abc.py', lineno=180, funcname='__instancecheck__'), FuncSign(filename='/root/miniconda3/envs/django__django__3.1/lib/python3.6/abc.py', lineno=196, funcname='__subclasscheck__')]), (1, 6, 8, 444))
[2026-07-29 14:58:47,096 - Orcar.tracer - INFO] Func 082/151
[2026-07-29 14:58:47,096 - Orcar.tracer - INFO] (FuncSign(filename='/root/miniconda3/envs/django__django__3.1/lib/python3.6/typing.py', lineno=1145, funcname='__subclasscheck__'), FuncScore(is_same_file_with_key_parent=False, layers_from_key_parent=6, absolute_calling_index=722, absolute_layer=8, called_by=[FuncSign(filename='/django__django/django/__init__.py', lineno=8, funcname='setup'), FuncSign(filename='/django__django/django/apps/registry.py', lineno=61, funcname='populate'), FuncSign(filename='/root/miniconda3/envs/django__django__3.1/lib/python3.6/collections/__init__.py', lineno=517, funcname='__init__'), FuncSign(filename='/root/miniconda3/envs/django__django__3.1/lib/python3.6/collections/__init__.py', lineno=586, funcname='update'), FuncSign(filename='/root/miniconda3/envs/django__django__3.1/lib/python3.6/abc.py', lineno=180, funcname='__instancecheck__'), FuncSign(filename='/root/miniconda3/envs/django__django__3.1/lib/python3.6/abc.py', lineno=196, funcname='__subclasscheck__')]), (1, 6, 8, 722))
[2026-07-29 14:58:47,096 - Orcar.tracer - INFO] Func 083/151
[2026-07-29 14:58:47,096 - Orcar.tracer - INFO] (FuncSign(filename='/root/miniconda3/envs/django__django__3.1/lib/python3.6/logging/__init__.py', lineno=1091, funcname='stream'), FuncScore(is_same_file_with_key_parent=False, layers_from_key_parent=7, absolute_calling_index=38, absolute_layer=9, called_by=[FuncSign(filename='/django__django/django/__init__.py', lineno=8, funcname='setup'), FuncSign(filename='/django__django/django/utils/log.py', lineno=66, funcname='configure_logging'), FuncSign(filename='/root/miniconda3/envs/django__django__3.1/lib/python3.6/logging/config.py', lineno=800, funcname='dictConfig'), FuncSign(filename='/root/miniconda3/envs/django__django__3.1/lib/python3.6/logging/config.py', lineno=493, funcname='configure'), FuncSign(filename='/root/miniconda3/envs/django__django__3.1/lib/python3.6/logging/config.py', lineno=272, funcname='_clearExistingHandlers'), FuncSign(filename='/root/miniconda3/envs/django__django__3.1/lib/python3.6/logging/__init__.py', lineno=1930, funcname='shutdown'), FuncSign(filename='/root/miniconda3/envs/django__django__3.1/lib/python3.6/logging/__init__.py', lineno=971, funcname='flush')]), (1, 7, 9, 38))
[2026-07-29 14:58:47,096 - Orcar.tracer - INFO] Func 084/151
[2026-07-29 14:58:47,097 - Orcar.tracer - INFO] (FuncSign(filename='/root/miniconda3/envs/django__django__3.1/lib/python3.6/logging/config.py', lineno=282, funcname='valid_ident'), FuncScore(is_same_file_with_key_parent=False, layers_from_key_parent=7, absolute_calling_index=65, absolute_layer=9, called_by=[FuncSign(filename='/django__django/django/__init__.py', lineno=8, funcname='setup'), FuncSign(filename='/django__django/django/utils/log.py', lineno=66, funcname='configure_logging'), FuncSign(filename='/root/miniconda3/envs/django__django__3.1/lib/python3.6/logging/config.py', lineno=800, funcname='dictConfig'), FuncSign(filename='/root/miniconda3/envs/django__django__3.1/lib/python3.6/logging/config.py', lineno=493, funcname='configure'), FuncSign(filename='/root/miniconda3/envs/django__django__3.1/lib/python3.6/logging/config.py', lineno=651, funcname='configure_formatter'), FuncSign(filename='/root/miniconda3/envs/django__django__3.1/lib/python3.6/logging/config.py', lineno=467, funcname='configure_custom'), FuncSign(filename='/root/miniconda3/envs/django__django__3.1/lib/python3.6/logging/config.py', lineno=474, funcname='<listcomp>')]), (1, 7, 9, 65))
[2026-07-29 14:58:47,097 - Orcar.tracer - INFO] Func 085/151
[2026-07-29 14:58:47,097 - Orcar.tracer - INFO] (FuncSign(filename='/django__django/django/core/management/color.py', lineno=67, funcname='color_style'), FuncScore(is_same_file_with_key_parent=False, layers_from_key_parent=7, absolute_calling_index=74, absolute_layer=9, called_by=[FuncSign(filename='/django__django/django/__init__.py', lineno=8, funcname='setup'), FuncSign(filename='/django__django/django/utils/log.py', lineno=66, funcname='configure_logging'), FuncSign(filename='/root/miniconda3/envs/django__django__3.1/lib/python3.6/logging/config.py', lineno=800, funcname='dictConfig'), FuncSign(filename='/root/miniconda3/envs/django__django__3.1/lib/python3.6/logging/config.py', lineno=493, funcname='configure'), FuncSign(filename='/root/miniconda3/envs/django__django__3.1/lib/python3.6/logging/config.py', lineno=651, funcname='configure_formatter'), FuncSign(filename='/root/miniconda3/envs/django__django__3.1/lib/python3.6/logging/config.py', lineno=467, funcname='configure_custom'), FuncSign(filename='/django__django/django/utils/log.py', lineno=163, funcname='__init__')]), (1, 7, 9, 74))
[2026-07-29 14:58:47,097 - Orcar.tracer - INFO] Func 086/151
[2026-07-29 14:58:47,097 - Orcar.tracer - INFO] (FuncSign(filename='/root/miniconda3/envs/django__django__3.1/lib/python3.6/logging/__init__.py', lineno=471, funcname='__init__'), FuncScore(is_same_file_with_key_parent=False, layers_from_key_parent=7, absolute_calling_index=102, absolute_layer=9, called_by=[FuncSign(filename='/django__django/django/__init__.py', lineno=8, funcname='setup'), FuncSign(filename='/django__django/django/utils/log.py', lineno=66, funcname='configure_logging'), FuncSign(filename='/root/miniconda3/envs/django__django__3.1/lib/python3.6/logging/config.py', lineno=800, funcname='dictConfig'), FuncSign(filename='/root/miniconda3/envs/django__django__3.1/lib/python3.6/logging/config.py', lineno=493, funcname='configure'), FuncSign(filename='/root/miniconda3/envs/django__django__3.1/lib/python3.6/logging/config.py', lineno=651, funcname='configure_formatter'), FuncSign(filename='/root/miniconda3/envs/django__django__3.1/lib/python3.6/logging/config.py', lineno=467, funcname='configure_custom'), FuncSign(filename='/django__django/django/utils/log.py', lineno=163, funcname='__init__')]), (1, 7, 9, 102))
[2026-07-29 14:58:47,097 - Orcar.tracer - INFO] Func 087/151
[2026-07-29 14:58:47,097 - Orcar.tracer - INFO] (FuncSign(filename='/root/miniconda3/envs/django__django__3.1/lib/python3.6/logging/__init__.py', lineno=685, funcname='__init__'), FuncScore(is_same_file_with_key_parent=False, layers_from_key_parent=7, absolute_calling_index=161, absolute_layer=9, called_by=[FuncSign(filename='/django__django/django/__init__.py', lineno=8, funcname='setup'), FuncSign(filename='/django__django/django/utils/log.py', lineno=66, funcname='configure_logging'), FuncSign(filename='/root/miniconda3/envs/django__django__3.1/lib/python3.6/logging/config.py', lineno=800, funcname='dictConfig'), FuncSign(filename='/root/miniconda3/envs/django__django__3.1/lib/python3.6/logging/config.py', lineno=493, funcname='configure'), FuncSign(filename='/root/miniconda3/envs/django__django__3.1/lib/python3.6/logging/config.py', lineno=696, funcname='configure_handler'), FuncSign(filename='/root/miniconda3/envs/django__django__3.1/lib/python3.6/logging/__init__.py', lineno=960, funcname='__init__'), FuncSign(filename='/root/miniconda3/envs/django__django__3.1/lib/python3.6/logging/__init__.py', lineno=771, funcname='__init__')]), (1, 7, 9, 161))
[2026-07-29 14:58:47,098 - Orcar.tracer - INFO] Func 088/151
[2026-07-29 14:58:47,098 - Orcar.tracer - INFO] (FuncSign(filename='/root/miniconda3/envs/django__django__3.1/lib/python3.6/logging/__init__.py', lineno=752, funcname='_addHandlerRef'), FuncScore(is_same_file_with_key_parent=False, layers_from_key_parent=7, absolute_calling_index=163, absolute_layer=9, called_by=[FuncSign(filename='/django__django/django/__init__.py', lineno=8, funcname='setup'), FuncSign(filename='/django__django/django/utils/log.py', lineno=66, funcname='configure_logging'), FuncSign(filename='/root/miniconda3/envs/django__django__3.1/lib/python3.6/logging/config.py', lineno=800, funcname='dictConfig'), FuncSign(filename='/root/miniconda3/envs/django__django__3.1/lib/python3.6/logging/config.py', lineno=493, funcname='configure'), FuncSign(filename='/root/miniconda3/envs/django__django__3.1/lib/python3.6/logging/config.py', lineno=696, funcname='configure_handler'), FuncSign(filename='/root/miniconda3/envs/django__django__3.1/lib/python3.6/logging/__init__.py', lineno=960, funcname='__init__'), FuncSign(filename='/root/miniconda3/envs/django__django__3.1/lib/python3.6/logging/__init__.py', lineno=771, funcname='__init__')]), (1, 7, 9, 163))
[2026-07-29 14:58:47,098 - Orcar.tracer - INFO] Func 089/151
[2026-07-29 14:58:47,098 - Orcar.tracer - INFO] (FuncSign(filename='/root/miniconda3/envs/django__django__3.1/lib/python3.6/logging/__init__.py', lineno=800, funcname='createLock'), FuncScore(is_same_file_with_key_parent=False, layers_from_key_parent=7, absolute_calling_index=166, absolute_layer=9, called_by=[FuncSign(filename='/django__django/django/__init__.py', lineno=8, funcname='setup'), FuncSign(filename='/django__django/django/utils/log.py', lineno=66, funcname='configure_logging'), FuncSign(filename='/root/miniconda3/envs/django__django__3.1/lib/python3.6/logging/config.py', lineno=800, funcname='dictConfig'), FuncSign(filename='/root/miniconda3/envs/django__django__3.1/lib/python3.6/logging/config.py', lineno=493, funcname='configure'), FuncSign(filename='/root/miniconda3/envs/django__django__3.1/lib/python3.6/logging/config.py', lineno=696, funcname='configure_handler'), FuncSign(filename='/root/miniconda3/envs/django__django__3.1/lib/python3.6/logging/__init__.py', lineno=960, funcname='__init__'), FuncSign(filename='/root/miniconda3/envs/django__django__3.1/lib/python3.6/logging/__init__.py', lineno=771, funcname='__init__')]), (1, 7, 9, 166))
[2026-07-29 14:58:47,098 - Orcar.tracer - INFO] Func 090/151
[2026-07-29 14:58:47,098 - Orcar.tracer - INFO] (FuncSign(filename='/root/miniconda3/envs/django__django__3.1/lib/python3.6/logging/__init__.py', lineno=1268, funcname='__init__'), FuncScore(is_same_file_with_key_parent=False, layers_from_key_parent=7, absolute_calling_index=293, absolute_layer=9, called_by=[FuncSign(filename='/django__django/django/__init__.py', lineno=8, funcname='setup'), FuncSign(filename='/django__django/django/utils/log.py', lineno=66, funcname='configure_logging'), FuncSign(filename='/root/miniconda3/envs/django__django__3.1/lib/python3.6/logging/config.py', lineno=800, funcname='dictConfig'), FuncSign(filename='/root/miniconda3/envs/django__django__3.1/lib/python3.6/logging/config.py', lineno=493, funcname='configure'), FuncSign(filename='/root/miniconda3/envs/django__django__3.1/lib/python3.6/logging/config.py', lineno=785, funcname='configure_logger'), FuncSign(filename='/root/miniconda3/envs/django__django__3.1/lib/python3.6/logging/__init__.py', lineno=1838, funcname='getLogger'), FuncSign(filename='/root/miniconda3/envs/django__django__3.1/lib/python3.6/logging/__init__.py', lineno=1161, funcname='getLogger')]), (1, 7, 9, 293))
[2026-07-29 14:58:47,099 - Orcar.tracer - INFO] Func 091/151
[2026-07-29 14:58:47,099 - Orcar.tracer - INFO] (FuncSign(filename='/root/miniconda3/envs/django__django__3.1/lib/python3.6/logging/__init__.py', lineno=1236, funcname='_fixupChildren'), FuncScore(is_same_file_with_key_parent=False, layers_from_key_parent=7, absolute_calling_index=296, absolute_layer=9, called_by=[FuncSign(filename='/django__django/django/__init__.py', lineno=8, funcname='setup'), FuncSign(filename='/django__django/django/utils/log.py', lineno=66, funcname='configure_logging'), FuncSign(filename='/root/miniconda3/envs/django__django__3.1/lib/python3.6/logging/config.py', lineno=800, funcname='dictConfig'), FuncSign(filename='/root/miniconda3/envs/django__django__3.1/lib/python3.6/logging/config.py', lineno=493, funcname='configure'), FuncSign(filename='/root/miniconda3/envs/django__django__3.1/lib/python3.6/logging/config.py', lineno=785, funcname='configure_logger'), FuncSign(filename='/root/miniconda3/envs/django__django__3.1/lib/python3.6/logging/__init__.py', lineno=1838, funcname='getLogger'), FuncSign(filename='/root/miniconda3/envs/django__django__3.1/lib/python3.6/logging/__init__.py', lineno=1161, funcname='getLogger')]), (1, 7, 9, 296))
[2026-07-29 14:58:47,099 - Orcar.tracer - INFO] Func 092/151
[2026-07-29 14:58:47,099 - Orcar.tracer - INFO] (FuncSign(filename='/root/miniconda3/envs/django__django__3.1/lib/python3.6/logging/__init__.py', lineno=1212, funcname='_fixupParents'), FuncScore(is_same_file_with_key_parent=False, layers_from_key_parent=7, absolute_calling_index=297, absolute_layer=9, called_by=[FuncSign(filename='/django__django/django/__init__.py', lineno=8, funcname='setup'), FuncSign(filename='/django__django/django/utils/log.py', lineno=66, funcname='configure_logging'), FuncSign(filename='/root/miniconda3/envs/django__django__3.1/lib/python3.6/logging/config.py', lineno=800, funcname='dictConfig'), FuncSign(filename='/root/miniconda3/envs/django__django__3.1/lib/python3.6/logging/config.py', lineno=493, funcname='configure'), FuncSign(filename='/root/miniconda3/envs/django__django__3.1/lib/python3.6/logging/config.py', lineno=785, funcname='configure_logger'), FuncSign(filename='/root/miniconda3/envs/django__django__3.1/lib/python3.6/logging/__init__.py', lineno=1838, funcname='getLogger'), FuncSign(filename='/root/miniconda3/envs/django__django__3.1/lib/python3.6/logging/__init__.py', lineno=1161, funcname='getLogger')]), (1, 7, 9, 297))
[2026-07-29 14:58:47,099 - Orcar.tracer - INFO] Func 093/151
[2026-07-29 14:58:47,099 - Orcar.tracer - INFO] (FuncSign(filename='/root/miniconda3/envs/django__django__3.1/lib/python3.6/logging/__init__.py', lineno=1456, funcname='addHandler'), FuncScore(is_same_file_with_key_parent=False, layers_from_key_parent=7, absolute_calling_index=316, absolute_layer=9, called_by=[FuncSign(filename='/django__django/django/__init__.py', lineno=8, funcname='setup'), FuncSign(filename='/django__django/django/utils/log.py', lineno=66, funcname='configure_logging'), FuncSign(filename='/root/miniconda3/envs/django__django__3.1/lib/python3.6/logging/config.py', lineno=800, funcname='dictConfig'), FuncSign(filename='/root/miniconda3/envs/django__django__3.1/lib/python3.6/logging/config.py', lineno=493, funcname='configure'), FuncSign(filename='/root/miniconda3/envs/django__django__3.1/lib/python3.6/logging/config.py', lineno=785, funcname='configure_logger'), FuncSign(filename='/root/miniconda3/envs/django__django__3.1/lib/python3.6/logging/config.py', lineno=767, funcname='common_logger_config'), FuncSign(filename='/root/miniconda3/envs/django__django__3.1/lib/python3.6/logging/config.py', lineno=759, funcname='add_handlers')]), (1, 7, 9, 316))
[2026-07-29 14:58:47,100 - Orcar.tracer - INFO] Func 094/151
[2026-07-29 14:58:47,100 - Orcar.tracer - INFO] (FuncSign(filename='/root/miniconda3/envs/django__django__3.1/lib/python3.6/asyncio/events.py', lineno=638, funcname='_get_running_loop'), FuncScore(is_same_file_with_key_parent=False, layers_from_key_parent=7, absolute_calling_index=385, absolute_layer=9, called_by=[FuncSign(filename='/django__django/django/__init__.py', lineno=8, funcname='setup'), FuncSign(filename='/django__django/django/urls/base.py', lineno=99, funcname='set_script_prefix'), FuncSign(filename='/root/miniconda3/envs/django__django__3.1/lib/python3.6/site-packages/asgiref/local.py', lineno=109, funcname='__setattr__'), FuncSign(filename='/root/miniconda3/envs/django__django__3.1/lib/python3.6/site-packages/asgiref/local.py', lineno=82, funcname='_get_storage'), FuncSign(filename='/root/miniconda3/envs/django__django__3.1/lib/python3.6/site-packages/asgiref/local.py', lineno=46, funcname='_get_context_id'), FuncSign(filename='/root/miniconda3/envs/django__django__3.1/lib/python3.6/site-packages/asgiref/sync.py', lineno=493, funcname='get_current_task'), FuncSign(filename='/root/miniconda3/envs/django__django__3.1/lib/python3.6/asyncio/events.py', lineno=682, funcname='get_event_loop')]), (1, 7, 9, 385))
[2026-07-29 14:58:47,100 - Orcar.tracer - INFO] Func 095/151
[2026-07-29 14:58:47,100 - Orcar.tracer - INFO] (FuncSign(filename='/root/miniconda3/envs/django__django__3.1/lib/python3.6/asyncio/events.py', lineno=666, funcname='get_event_loop_policy'), FuncScore(is_same_file_with_key_parent=False, layers_from_key_parent=7, absolute_calling_index=386, absolute_layer=9, called_by=[FuncSign(filename='/django__django/django/__init__.py', lineno=8, funcname='setup'), FuncSign(filename='/django__django/django/urls/base.py', lineno=99, funcname='set_script_prefix'), FuncSign(filename='/root/miniconda3/envs/django__django__3.1/lib/python3.6/site-packages/asgiref/local.py', lineno=109, funcname='__setattr__'), FuncSign(filename='/root/miniconda3/envs/django__django__3.1/lib/python3.6/site-packages/asgiref/local.py', lineno=82, funcname='_get_storage'), FuncSign(filename='/root/miniconda3/envs/django__django__3.1/lib/python3.6/site-packages/asgiref/local.py', lineno=46, funcname='_get_context_id'), FuncSign(filename='/root/miniconda3/envs/django__django__3.1/lib/python3.6/site-packages/asgiref/sync.py', lineno=493, funcname='get_current_task'), FuncSign(filename='/root/miniconda3/envs/django__django__3.1/lib/python3.6/asyncio/events.py', lineno=682, funcname='get_event_loop')]), (1, 7, 9, 386))
[2026-07-29 14:58:47,100 - Orcar.tracer - INFO] Func 096/151
[2026-07-29 14:58:47,100 - Orcar.tracer - INFO] (FuncSign(filename='/root/miniconda3/envs/django__django__3.1/lib/python3.6/asyncio/events.py', lineno=591, funcname='get_event_loop'), FuncScore(is_same_file_with_key_parent=False, layers_from_key_parent=7, absolute_calling_index=390, absolute_layer=9, called_by=[FuncSign(filename='/django__django/django/__init__.py', lineno=8, funcname='setup'), FuncSign(filename='/django__django/django/urls/base.py', lineno=99, funcname='set_script_prefix'), FuncSign(filename='/root/miniconda3/envs/django__django__3.1/lib/python3.6/site-packages/asgiref/local.py', lineno=109, funcname='__setattr__'), FuncSign(filename='/root/miniconda3/envs/django__django__3.1/lib/python3.6/site-packages/asgiref/local.py', lineno=82, funcname='_get_storage'), FuncSign(filename='/root/miniconda3/envs/django__django__3.1/lib/python3.6/site-packages/asgiref/local.py', lineno=46, funcname='_get_context_id'), FuncSign(filename='/root/miniconda3/envs/django__django__3.1/lib/python3.6/site-packages/asgiref/sync.py', lineno=493, funcname='get_current_task'), FuncSign(filename='/root/miniconda3/envs/django__django__3.1/lib/python3.6/asyncio/events.py', lineno=682, funcname='get_event_loop')]), (1, 7, 9, 390))
[2026-07-29 14:58:47,101 - Orcar.tracer - INFO] Func 097/151
[2026-07-29 14:58:47,101 - Orcar.tracer - INFO] (FuncSign(filename='/root/miniconda3/envs/django__django__3.1/lib/python3.6/_weakrefset.py', lineno=16, funcname='__init__'), FuncScore(is_same_file_with_key_parent=False, layers_from_key_parent=7, absolute_calling_index=445, absolute_layer=9, called_by=[FuncSign(filename='/django__django/django/__init__.py', lineno=8, funcname='setup'), FuncSign(filename='/django__django/django/apps/registry.py', lineno=61, funcname='populate'), FuncSign(filename='/root/miniconda3/envs/django__django__3.1/lib/python3.6/collections/__init__.py', lineno=517, funcname='__init__'), FuncSign(filename='/root/miniconda3/envs/django__django__3.1/lib/python3.6/collections/__init__.py', lineno=586, funcname='update'), FuncSign(filename='/root/miniconda3/envs/django__django__3.1/lib/python3.6/abc.py', lineno=180, funcname='__instancecheck__'), FuncSign(filename='/root/miniconda3/envs/django__django__3.1/lib/python3.6/abc.py', lineno=196, funcname='__subclasscheck__'), FuncSign(filename='/root/miniconda3/envs/django__django__3.1/lib/python3.6/_weakrefset.py', lineno=58, funcname='__iter__')]), (1, 7, 9, 445))
[2026-07-29 14:58:47,101 - Orcar.tracer - INFO] Func 098/151
[2026-07-29 14:58:47,101 - Orcar.tracer - INFO] (FuncSign(filename='/root/miniconda3/envs/django__django__3.1/lib/python3.6/_weakrefset.py', lineno=20, funcname='__enter__'), FuncScore(is_same_file_with_key_parent=False, layers_from_key_parent=7, absolute_calling_index=446, absolute_layer=9, called_by=[FuncSign(filename='/django__django/django/__init__.py', lineno=8, funcname='setup'), FuncSign(filename='/django__django/django/apps/registry.py', lineno=61, funcname='populate'), FuncSign(filename='/root/miniconda3/envs/django__django__3.1/lib/python3.6/collections/__init__.py', lineno=517, funcname='__init__'), FuncSign(filename='/root/miniconda3/envs/django__django__3.1/lib/python3.6/collections/__init__.py', lineno=586, funcname='update'), FuncSign(filename='/root/miniconda3/envs/django__django__3.1/lib/python3.6/abc.py', lineno=180, funcname='__instancecheck__'), FuncSign(filename='/root/miniconda3/envs/django__django__3.1/lib/python3.6/abc.py', lineno=196, funcname='__subclasscheck__'), FuncSign(filename='/root/miniconda3/envs/django__django__3.1/lib/python3.6/_weakrefset.py', lineno=58, funcname='__iter__')]), (1, 7, 9, 446))
[2026-07-29 14:58:47,101 - Orcar.tracer - INFO] Func 099/151
[2026-07-29 14:58:47,101 - Orcar.tracer - INFO] (FuncSign(filename='/root/miniconda3/envs/django__django__3.1/lib/python3.6/_weakrefset.py', lineno=26, funcname='__exit__'), FuncScore(is_same_file_with_key_parent=False, layers_from_key_parent=7, absolute_calling_index=449, absolute_layer=9, called_by=[FuncSign(filename='/django__django/django/__init__.py', lineno=8, funcname='setup'), FuncSign(filename='/django__django/django/apps/registry.py', lineno=61, funcname='populate'), FuncSign(filename='/root/miniconda3/envs/django__django__3.1/lib/python3.6/collections/__init__.py', lineno=517, funcname='__init__'), FuncSign(filename='/root/miniconda3/envs/django__django__3.1/lib/python3.6/collections/__init__.py', lineno=586, funcname='update'), FuncSign(filename='/root/miniconda3/envs/django__django__3.1/lib/python3.6/abc.py', lineno=180, funcname='__instancecheck__'), FuncSign(filename='/root/miniconda3/envs/django__django__3.1/lib/python3.6/abc.py', lineno=196, funcname='__subclasscheck__'), FuncSign(filename='/root/miniconda3/envs/django__django__3.1/lib/python3.6/_weakrefset.py', lineno=58, funcname='__iter__')]), (1, 7, 9, 449))
[2026-07-29 14:58:47,102 - Orcar.tracer - INFO] Func 100/151
[2026-07-29 14:58:47,102 - Orcar.tracer - INFO] (FuncSign(filename='/django__django/django/core/management/color.py', lineno=12, funcname='supports_color'), FuncScore(is_same_file_with_key_parent=False, layers_from_key_parent=8, absolute_calling_index=75, absolute_layer=10, called_by=[FuncSign(filename='/django__django/django/__init__.py', lineno=8, funcname='setup'), FuncSign(filename='/django__django/django/utils/log.py', lineno=66, funcname='configure_logging'), FuncSign(filename='/root/miniconda3/envs/django__django__3.1/lib/python3.6/logging/config.py', lineno=800, funcname='dictConfig'), FuncSign(filename='/root/miniconda3/envs/django__django__3.1/lib/python3.6/logging/config.py', lineno=493, funcname='configure'), FuncSign(filename='/root/miniconda3/envs/django__django__3.1/lib/python3.6/logging/config.py', lineno=651, funcname='configure_formatter'), FuncSign(filename='/root/miniconda3/envs/django__django__3.1/lib/python3.6/logging/config.py', lineno=467, funcname='configure_custom'), FuncSign(filename='/django__django/django/utils/log.py', lineno=163, funcname='__init__'), FuncSign(filename='/django__django/django/core/management/color.py', lineno=67, funcname='color_style')]), (1, 8, 10, 75))
[2026-07-29 14:58:47,102 - Orcar.tracer - INFO] Func 101/151
[2026-07-29 14:58:47,102 - Orcar.tracer - INFO] (FuncSign(filename='/django__django/django/core/management/color.py', lineno=59, funcname='no_style'), FuncScore(is_same_file_with_key_parent=False, layers_from_key_parent=8, absolute_calling_index=76, absolute_layer=10, called_by=[FuncSign(filename='/django__django/django/__init__.py', lineno=8, funcname='setup'), FuncSign(filename='/django__django/django/utils/log.py', lineno=66, funcname='configure_logging'), FuncSign(filename='/root/miniconda3/envs/django__django__3.1/lib/python3.6/logging/config.py', lineno=800, funcname='dictConfig'), FuncSign(filename='/root/miniconda3/envs/django__django__3.1/lib/python3.6/logging/config.py', lineno=493, funcname='configure'), FuncSign(filename='/root/miniconda3/envs/django__django__3.1/lib/python3.6/logging/config.py', lineno=651, funcname='configure_formatter'), FuncSign(filename='/root/miniconda3/envs/django__django__3.1/lib/python3.6/logging/config.py', lineno=467, funcname='configure_custom'), FuncSign(filename='/django__django/django/utils/log.py', lineno=163, funcname='__init__'), FuncSign(filename='/django__django/django/core/management/color.py', lineno=67, funcname='color_style')]), (1, 8, 10, 76))
[2026-07-29 14:58:47,102 - Orcar.tracer - INFO] Func 102/151
[2026-07-29 14:58:47,102 - Orcar.tracer - INFO] (FuncSign(filename='/root/miniconda3/envs/django__django__3.1/lib/python3.6/logging/__init__.py', lineno=384, funcname='__init__'), FuncScore(is_same_file_with_key_parent=False, layers_from_key_parent=8, absolute_calling_index=103, absolute_layer=10, called_by=[FuncSign(filename='/django__django/django/__init__.py', lineno=8, funcname='setup'), FuncSign(filename='/django__django/django/utils/log.py', lineno=66, funcname='configure_logging'), FuncSign(filename='/root/miniconda3/envs/django__django__3.1/lib/python3.6/logging/config.py', lineno=800, funcname='dictConfig'), FuncSign(filename='/root/miniconda3/envs/django__django__3.1/lib/python3.6/logging/config.py', lineno=493, funcname='configure'), FuncSign(filename='/root/miniconda3/envs/django__django__3.1/lib/python3.6/logging/config.py', lineno=651, funcname='configure_formatter'), FuncSign(filename='/root/miniconda3/envs/django__django__3.1/lib/python3.6/logging/config.py', lineno=467, funcname='configure_custom'), FuncSign(filename='/django__django/django/utils/log.py', lineno=163, funcname='__init__'), FuncSign(filename='/root/miniconda3/envs/django__django__3.1/lib/python3.6/logging/__init__.py', lineno=471, funcname='__init__')]), (1, 8, 10, 103))
[2026-07-29 14:58:47,103 - Orcar.tracer - INFO] Func 103/151
[2026-07-29 14:58:47,103 - Orcar.tracer - INFO] (FuncSign(filename='/root/miniconda3/envs/django__django__3.1/lib/python3.6/threading.py', lineno=74, funcname='RLock'), FuncScore(is_same_file_with_key_parent=False, layers_from_key_parent=8, absolute_calling_index=167, absolute_layer=10, called_by=[FuncSign(filename='/django__django/django/__init__.py', lineno=8, funcname='setup'), FuncSign(filename='/django__django/django/utils/log.py', lineno=66, funcname='configure_logging'), FuncSign(filename='/root/miniconda3/envs/django__django__3.1/lib/python3.6/logging/config.py', lineno=800, funcname='dictConfig'), FuncSign(filename='/root/miniconda3/envs/django__django__3.1/lib/python3.6/logging/config.py', lineno=493, funcname='configure'), FuncSign(filename='/root/miniconda3/envs/django__django__3.1/lib/python3.6/logging/config.py', lineno=696, funcname='configure_handler'), FuncSign(filename='/root/miniconda3/envs/django__django__3.1/lib/python3.6/logging/__init__.py', lineno=960, funcname='__init__'), FuncSign(filename='/root/miniconda3/envs/django__django__3.1/lib/python3.6/logging/__init__.py', lineno=771, funcname='__init__'), FuncSign(filename='/root/miniconda3/envs/django__django__3.1/lib/python3.6/logging/__init__.py', lineno=800, funcname='createLock')]), (1, 8, 10, 167))
[2026-07-29 14:58:47,103 - Orcar.tracer - INFO] Func 104/151
[2026-07-29 14:58:47,103 - Orcar.tracer - INFO] (FuncSign(filename='/root/miniconda3/envs/django__django__3.1/lib/python3.6/asyncio/events.py', lineno=658, funcname='_init_event_loop_policy'), FuncScore(is_same_file_with_key_parent=False, layers_from_key_parent=8, absolute_calling_index=387, absolute_layer=10, called_by=[FuncSign(filename='/django__django/django/__init__.py', lineno=8, funcname='setup'), FuncSign(filename='/django__django/django/urls/base.py', lineno=99, funcname='set_script_prefix'), FuncSign(filename='/root/miniconda3/envs/django__django__3.1/lib/python3.6/site-packages/asgiref/local.py', lineno=109, funcname='__setattr__'), FuncSign(filename='/root/miniconda3/envs/django__django__3.1/lib/python3.6/site-packages/asgiref/local.py', lineno=82, funcname='_get_storage'), FuncSign(filename='/root/miniconda3/envs/django__django__3.1/lib/python3.6/site-packages/asgiref/local.py', lineno=46, funcname='_get_context_id'), FuncSign(filename='/root/miniconda3/envs/django__django__3.1/lib/python3.6/site-packages/asgiref/sync.py', lineno=493, funcname='get_current_task'), FuncSign(filename='/root/miniconda3/envs/django__django__3.1/lib/python3.6/asyncio/events.py', lineno=682, funcname='get_event_loop'), FuncSign(filename='/root/miniconda3/envs/django__django__3.1/lib/python3.6/asyncio/events.py', lineno=666, funcname='get_event_loop_policy')]), (1, 8, 10, 387))
[2026-07-29 14:58:47,103 - Orcar.tracer - INFO] Func 105/151
[2026-07-29 14:58:47,103 - Orcar.tracer - INFO] (FuncSign(filename='/root/miniconda3/envs/django__django__3.1/lib/python3.6/asyncio/events.py', lineno=611, funcname='new_event_loop'), FuncScore(is_same_file_with_key_parent=False, layers_from_key_parent=8, absolute_calling_index=392, absolute_layer=10, called_by=[FuncSign(filename='/django__django/django/__init__.py', lineno=8, funcname='setup'), FuncSign(filename='/django__django/django/urls/base.py', lineno=99, funcname='set_script_prefix'), FuncSign(filename='/root/miniconda3/envs/django__django__3.1/lib/python3.6/site-packages/asgiref/local.py', lineno=109, funcname='__setattr__'), FuncSign(filename='/root/miniconda3/envs/django__django__3.1/lib/python3.6/site-packages/asgiref/local.py', lineno=82, funcname='_get_storage'), FuncSign(filename='/root/miniconda3/envs/django__django__3.1/lib/python3.6/site-packages/asgiref/local.py', lineno=46, funcname='_get_context_id'), FuncSign(filename='/root/miniconda3/envs/django__django__3.1/lib/python3.6/site-packages/asgiref/sync.py', lineno=493, funcname='get_current_task'), FuncSign(filename='/root/miniconda3/envs/django__django__3.1/lib/python3.6/asyncio/events.py', lineno=682, funcname='get_event_loop'), FuncSign(filename='/root/miniconda3/envs/django__django__3.1/lib/python3.6/asyncio/events.py', lineno=591, funcname='get_event_loop')]), (1, 8, 10, 392))
[2026-07-29 14:58:47,104 - Orcar.tracer - INFO] Func 106/151
[2026-07-29 14:58:47,104 - Orcar.tracer - INFO] (FuncSign(filename='/root/miniconda3/envs/django__django__3.1/lib/python3.6/asyncio/unix_events.py', lineno=1048, funcname='set_event_loop'), FuncScore(is_same_file_with_key_parent=False, layers_from_key_parent=8, absolute_calling_index=429, absolute_layer=10, called_by=[FuncSign(filename='/django__django/django/__init__.py', lineno=8, funcname='setup'), FuncSign(filename='/django__django/django/urls/base.py', lineno=99, funcname='set_script_prefix'), FuncSign(filename='/root/miniconda3/envs/django__django__3.1/lib/python3.6/site-packages/asgiref/local.py', lineno=109, funcname='__setattr__'), FuncSign(filename='/root/miniconda3/envs/django__django__3.1/lib/python3.6/site-packages/asgiref/local.py', lineno=82, funcname='_get_storage'), FuncSign(filename='/root/miniconda3/envs/django__django__3.1/lib/python3.6/site-packages/asgiref/local.py', lineno=46, funcname='_get_context_id'), FuncSign(filename='/root/miniconda3/envs/django__django__3.1/lib/python3.6/site-packages/asgiref/sync.py', lineno=493, funcname='get_current_task'), FuncSign(filename='/root/miniconda3/envs/django__django__3.1/lib/python3.6/asyncio/events.py', lineno=682, funcname='get_event_loop'), FuncSign(filename='/root/miniconda3/envs/django__django__3.1/lib/python3.6/asyncio/events.py', lineno=591, funcname='get_event_loop')]), (1, 8, 10, 429))
[2026-07-29 14:58:47,104 - Orcar.tracer - INFO] Func 107/151
[2026-07-29 14:58:47,104 - Orcar.tracer - INFO] (FuncSign(filename='/root/miniconda3/envs/django__django__3.1/lib/python3.6/_weakrefset.py', lineno=52, funcname='_commit_removals'), FuncScore(is_same_file_with_key_parent=False, layers_from_key_parent=8, absolute_calling_index=450, absolute_layer=10, called_by=[FuncSign(filename='/django__django/django/__init__.py', lineno=8, funcname='setup'), FuncSign(filename='/django__django/django/apps/registry.py', lineno=61, funcname='populate'), FuncSign(filename='/root/miniconda3/envs/django__django__3.1/lib/python3.6/collections/__init__.py', lineno=517, funcname='__init__'), FuncSign(filename='/root/miniconda3/envs/django__django__3.1/lib/python3.6/collections/__init__.py', lineno=586, funcname='update'), FuncSign(filename='/root/miniconda3/envs/django__django__3.1/lib/python3.6/abc.py', lineno=180, funcname='__instancecheck__'), FuncSign(filename='/root/miniconda3/envs/django__django__3.1/lib/python3.6/abc.py', lineno=196, funcname='__subclasscheck__'), FuncSign(filename='/root/miniconda3/envs/django__django__3.1/lib/python3.6/_weakrefset.py', lineno=58, funcname='__iter__'), FuncSign(filename='/root/miniconda3/envs/django__django__3.1/lib/python3.6/_weakrefset.py', lineno=26, funcname='__exit__')]), (1, 8, 10, 450))
[2026-07-29 14:58:47,104 - Orcar.tracer - INFO] Func 108/151
[2026-07-29 14:58:47,104 - Orcar.tracer - INFO] (FuncSign(filename='/root/miniconda3/envs/django__django__3.1/lib/python3.6/typing.py', lineno=1033, funcname='_abc_negative_cache_version'), FuncScore(is_same_file_with_key_parent=False, layers_from_key_parent=8, absolute_calling_index=725, absolute_layer=10, called_by=[FuncSign(filename='/django__django/django/__init__.py', lineno=8, funcname='setup'), FuncSign(filename='/django__django/django/apps/registry.py', lineno=61, funcname='populate'), FuncSign(filename='/root/miniconda3/envs/django__django__3.1/lib/python3.6/collections/__init__.py', lineno=517, funcname='__init__'), FuncSign(filename='/root/miniconda3/envs/django__django__3.1/lib/python3.6/collections/__init__.py', lineno=586, funcname='update'), FuncSign(filename='/root/miniconda3/envs/django__django__3.1/lib/python3.6/abc.py', lineno=180, funcname='__instancecheck__'), FuncSign(filename='/root/miniconda3/envs/django__django__3.1/lib/python3.6/abc.py', lineno=196, funcname='__subclasscheck__'), FuncSign(filename='/root/miniconda3/envs/django__django__3.1/lib/python3.6/typing.py', lineno=1145, funcname='__subclasscheck__'), FuncSign(filename='/root/miniconda3/envs/django__django__3.1/lib/python3.6/abc.py', lineno=196, funcname='__subclasscheck__')]), (1, 8, 10, 725))
[2026-07-29 14:58:47,105 - Orcar.tracer - INFO] Func 109/151
[2026-07-29 14:58:47,105 - Orcar.tracer - INFO] (FuncSign(filename='/root/miniconda3/envs/django__django__3.1/lib/python3.6/typing.py', lineno=1019, funcname='_abc_negative_cache'), FuncScore(is_same_file_with_key_parent=False, layers_from_key_parent=8, absolute_calling_index=726, absolute_layer=10, called_by=[FuncSign(filename='/django__django/django/__init__.py', lineno=8, funcname='setup'), FuncSign(filename='/django__django/django/apps/registry.py', lineno=61, funcname='populate'), FuncSign(filename='/root/miniconda3/envs/django__django__3.1/lib/python3.6/collections/__init__.py', lineno=517, funcname='__init__'), FuncSign(filename='/root/miniconda3/envs/django__django__3.1/lib/python3.6/collections/__init__.py', lineno=586, funcname='update'), FuncSign(filename='/root/miniconda3/envs/django__django__3.1/lib/python3.6/abc.py', lineno=180, funcname='__instancecheck__'), FuncSign(filename='/root/miniconda3/envs/django__django__3.1/lib/python3.6/abc.py', lineno=196, funcname='__subclasscheck__'), FuncSign(filename='/root/miniconda3/envs/django__django__3.1/lib/python3.6/typing.py', lineno=1145, funcname='__subclasscheck__'), FuncSign(filename='/root/miniconda3/envs/django__django__3.1/lib/python3.6/abc.py', lineno=196, funcname='__subclasscheck__')]), (1, 8, 10, 726))
[2026-07-29 14:58:47,105 - Orcar.tracer - INFO] Func 110/151
[2026-07-29 14:58:47,105 - Orcar.tracer - INFO] (FuncSign(filename='/root/miniconda3/envs/django__django__3.1/lib/python3.6/typing.py', lineno=875, funcname='__extrahook__'), FuncScore(is_same_file_with_key_parent=False, layers_from_key_parent=8, absolute_calling_index=728, absolute_layer=10, called_by=[FuncSign(filename='/django__django/django/__init__.py', lineno=8, funcname='setup'), FuncSign(filename='/django__django/django/apps/registry.py', lineno=61, funcname='populate'), FuncSign(filename='/root/miniconda3/envs/django__django__3.1/lib/python3.6/collections/__init__.py', lineno=517, funcname='__init__'), FuncSign(filename='/root/miniconda3/envs/django__django__3.1/lib/python3.6/collections/__init__.py', lineno=586, funcname='update'), FuncSign(filename='/root/miniconda3/envs/django__django__3.1/lib/python3.6/abc.py', lineno=180, funcname='__instancecheck__'), FuncSign(filename='/root/miniconda3/envs/django__django__3.1/lib/python3.6/abc.py', lineno=196, funcname='__subclasscheck__'), FuncSign(filename='/root/miniconda3/envs/django__django__3.1/lib/python3.6/typing.py', lineno=1145, funcname='__subclasscheck__'), FuncSign(filename='/root/miniconda3/envs/django__django__3.1/lib/python3.6/abc.py', lineno=196, funcname='__subclasscheck__')]), (1, 8, 10, 728))
[2026-07-29 14:58:47,105 - Orcar.tracer - INFO] Func 111/151
[2026-07-29 14:58:47,105 - Orcar.tracer - INFO] (FuncSign(filename='/root/miniconda3/envs/django__django__3.1/lib/python3.6/typing.py', lineno=1089, funcname='__eq__'), FuncScore(is_same_file_with_key_parent=False, layers_from_key_parent=8, absolute_calling_index=793, absolute_layer=10, called_by=[FuncSign(filename='/django__django/django/__init__.py', lineno=8, funcname='setup'), FuncSign(filename='/django__django/django/apps/registry.py', lineno=61, funcname='populate'), FuncSign(filename='/root/miniconda3/envs/django__django__3.1/lib/python3.6/collections/__init__.py', lineno=517, funcname='__init__'), FuncSign(filename='/root/miniconda3/envs/django__django__3.1/lib/python3.6/collections/__init__.py', lineno=586, funcname='update'), FuncSign(filename='/root/miniconda3/envs/django__django__3.1/lib/python3.6/abc.py', lineno=180, funcname='__instancecheck__'), FuncSign(filename='/root/miniconda3/envs/django__django__3.1/lib/python3.6/abc.py', lineno=196, funcname='__subclasscheck__'), FuncSign(filename='/root/miniconda3/envs/django__django__3.1/lib/python3.6/typing.py', lineno=1145, funcname='__subclasscheck__'), FuncSign(filename='/root/miniconda3/envs/django__django__3.1/lib/python3.6/abc.py', lineno=196, funcname='__subclasscheck__')]), (1, 8, 10, 793))
[2026-07-29 14:58:47,106 - Orcar.tracer - INFO] Func 112/151
[2026-07-29 14:58:47,106 - Orcar.tracer - INFO] (FuncSign(filename='/django__django/django/core/management/color.py', lineno=29, funcname='make_style'), FuncScore(is_same_file_with_key_parent=False, layers_from_key_parent=9, absolute_calling_index=77, absolute_layer=11, called_by=[FuncSign(filename='/django__django/django/__init__.py', lineno=8, funcname='setup'), FuncSign(filename='/django__django/django/utils/log.py', lineno=66, funcname='configure_logging'), FuncSign(filename='/root/miniconda3/envs/django__django__3.1/lib/python3.6/logging/config.py', lineno=800, funcname='dictConfig'), FuncSign(filename='/root/miniconda3/envs/django__django__3.1/lib/python3.6/logging/config.py', lineno=493, funcname='configure'), FuncSign(filename='/root/miniconda3/envs/django__django__3.1/lib/python3.6/logging/config.py', lineno=651, funcname='configure_formatter'), FuncSign(filename='/root/miniconda3/envs/django__django__3.1/lib/python3.6/logging/config.py', lineno=467, funcname='configure_custom'), FuncSign(filename='/django__django/django/utils/log.py', lineno=163, funcname='__init__'), FuncSign(filename='/django__django/django/core/management/color.py', lineno=67, funcname='color_style'), FuncSign(filename='/django__django/django/core/management/color.py', lineno=59, funcname='no_style')]), (1, 9, 11, 77))
[2026-07-29 14:58:47,106 - Orcar.tracer - INFO] Func 113/151
[2026-07-29 14:58:47,106 - Orcar.tracer - INFO] (FuncSign(filename='/root/miniconda3/envs/django__django__3.1/lib/python3.6/asyncio/unix_events.py', lineno=1036, funcname='__init__'), FuncScore(is_same_file_with_key_parent=False, layers_from_key_parent=9, absolute_calling_index=388, absolute_layer=11, called_by=[FuncSign(filename='/django__django/django/__init__.py', lineno=8, funcname='setup'), FuncSign(filename='/django__django/django/urls/base.py', lineno=99, funcname='set_script_prefix'), FuncSign(filename='/root/miniconda3/envs/django__django__3.1/lib/python3.6/site-packages/asgiref/local.py', lineno=109, funcname='__setattr__'), FuncSign(filename='/root/miniconda3/envs/django__django__3.1/lib/python3.6/site-packages/asgiref/local.py', lineno=82, funcname='_get_storage'), FuncSign(filename='/root/miniconda3/envs/django__django__3.1/lib/python3.6/site-packages/asgiref/local.py', lineno=46, funcname='_get_context_id'), FuncSign(filename='/root/miniconda3/envs/django__django__3.1/lib/python3.6/site-packages/asgiref/sync.py', lineno=493, funcname='get_current_task'), FuncSign(filename='/root/miniconda3/envs/django__django__3.1/lib/python3.6/asyncio/events.py', lineno=682, funcname='get_event_loop'), FuncSign(filename='/root/miniconda3/envs/django__django__3.1/lib/python3.6/asyncio/events.py', lineno=666, funcname='get_event_loop_policy'), FuncSign(filename='/root/miniconda3/envs/django__django__3.1/lib/python3.6/asyncio/events.py', lineno=658, funcname='_init_event_loop_policy')]), (1, 9, 11, 388))
[2026-07-29 14:58:47,106 - Orcar.tracer - INFO] Func 114/151
[2026-07-29 14:58:47,106 - Orcar.tracer - INFO] (FuncSign(filename='/root/miniconda3/envs/django__django__3.1/lib/python3.6/asyncio/unix_events.py', lineno=55, funcname='__init__'), FuncScore(is_same_file_with_key_parent=False, layers_from_key_parent=9, absolute_calling_index=393, absolute_layer=11, called_by=[FuncSign(filename='/django__django/django/__init__.py', lineno=8, funcname='setup'), FuncSign(filename='/django__django/django/urls/base.py', lineno=99, funcname='set_script_prefix'), FuncSign(filename='/root/miniconda3/envs/django__django__3.1/lib/python3.6/site-packages/asgiref/local.py', lineno=109, funcname='__setattr__'), FuncSign(filename='/root/miniconda3/envs/django__django__3.1/lib/python3.6/site-packages/asgiref/local.py', lineno=82, funcname='_get_storage'), FuncSign(filename='/root/miniconda3/envs/django__django__3.1/lib/python3.6/site-packages/asgiref/local.py', lineno=46, funcname='_get_context_id'), FuncSign(filename='/root/miniconda3/envs/django__django__3.1/lib/python3.6/site-packages/asgiref/sync.py', lineno=493, funcname='get_current_task'), FuncSign(filename='/root/miniconda3/envs/django__django__3.1/lib/python3.6/asyncio/events.py', lineno=682, funcname='get_event_loop'), FuncSign(filename='/root/miniconda3/envs/django__django__3.1/lib/python3.6/asyncio/events.py', lineno=591, funcname='get_event_loop'), FuncSign(filename='/root/miniconda3/envs/django__django__3.1/lib/python3.6/asyncio/events.py', lineno=611, funcname='new_event_loop')]), (1, 9, 11, 393))
[2026-07-29 14:58:47,107 - Orcar.tracer - INFO] Func 115/151
[2026-07-29 14:58:47,107 - Orcar.tracer - INFO] (FuncSign(filename='/root/miniconda3/envs/django__django__3.1/lib/python3.6/asyncio/events.py', lineno=605, funcname='set_event_loop'), FuncScore(is_same_file_with_key_parent=False, layers_from_key_parent=9, absolute_calling_index=430, absolute_layer=11, called_by=[FuncSign(filename='/django__django/django/__init__.py', lineno=8, funcname='setup'), FuncSign(filename='/django__django/django/urls/base.py', lineno=99, funcname='set_script_prefix'), FuncSign(filename='/root/miniconda3/envs/django__django__3.1/lib/python3.6/site-packages/asgiref/local.py', lineno=109, funcname='__setattr__'), FuncSign(filename='/root/miniconda3/envs/django__django__3.1/lib/python3.6/site-packages/asgiref/local.py', lineno=82, funcname='_get_storage'), FuncSign(filename='/root/miniconda3/envs/django__django__3.1/lib/python3.6/site-packages/asgiref/local.py', lineno=46, funcname='_get_context_id'), FuncSign(filename='/root/miniconda3/envs/django__django__3.1/lib/python3.6/site-packages/asgiref/sync.py', lineno=493, funcname='get_current_task'), FuncSign(filename='/root/miniconda3/envs/django__django__3.1/lib/python3.6/asyncio/events.py', lineno=682, funcname='get_event_loop'), FuncSign(filename='/root/miniconda3/envs/django__django__3.1/lib/python3.6/asyncio/events.py', lineno=591, funcname='get_event_loop'), FuncSign(filename='/root/miniconda3/envs/django__django__3.1/lib/python3.6/asyncio/unix_events.py', lineno=1048, funcname='set_event_loop')]), (1, 9, 11, 430))
[2026-07-29 14:58:47,107 - Orcar.tracer - INFO] Func 116/151
[2026-07-29 14:58:47,107 - Orcar.tracer - INFO] (FuncSign(filename='/django__django/django/utils/termcolors.py', lineno=137, funcname='parse_color_setting'), FuncScore(is_same_file_with_key_parent=False, layers_from_key_parent=10, absolute_calling_index=78, absolute_layer=12, called_by=[FuncSign(filename='/django__django/django/__init__.py', lineno=8, funcname='setup'), FuncSign(filename='/django__django/django/utils/log.py', lineno=66, funcname='configure_logging'), FuncSign(filename='/root/miniconda3/envs/django__django__3.1/lib/python3.6/logging/config.py', lineno=800, funcname='dictConfig'), FuncSign(filename='/root/miniconda3/envs/django__django__3.1/lib/python3.6/logging/config.py', lineno=493, funcname='configure'), FuncSign(filename='/root/miniconda3/envs/django__django__3.1/lib/python3.6/logging/config.py', lineno=651, funcname='configure_formatter'), FuncSign(filename='/root/miniconda3/envs/django__django__3.1/lib/python3.6/logging/config.py', lineno=467, funcname='configure_custom'), FuncSign(filename='/django__django/django/utils/log.py', lineno=163, funcname='__init__'), FuncSign(filename='/django__django/django/core/management/color.py', lineno=67, funcname='color_style'), FuncSign(filename='/django__django/django/core/management/color.py', lineno=59, funcname='no_style'), FuncSign(filename='/django__django/django/core/management/color.py', lineno=29, funcname='make_style')]), (1, 10, 12, 78))
[2026-07-29 14:58:47,107 - Orcar.tracer - INFO] Func 117/151
[2026-07-29 14:58:47,107 - Orcar.tracer - INFO] (FuncSign(filename='/root/miniconda3/envs/django__django__3.1/lib/python3.6/asyncio/events.py', lineno=588, funcname='__init__'), FuncScore(is_same_file_with_key_parent=False, layers_from_key_parent=10, absolute_calling_index=389, absolute_layer=12, called_by=[FuncSign(filename='/django__django/django/__init__.py', lineno=8, funcname='setup'), FuncSign(filename='/django__django/django/urls/base.py', lineno=99, funcname='set_script_prefix'), FuncSign(filename='/root/miniconda3/envs/django__django__3.1/lib/python3.6/site-packages/asgiref/local.py', lineno=109, funcname='__setattr__'), FuncSign(filename='/root/miniconda3/envs/django__django__3.1/lib/python3.6/site-packages/asgiref/local.py', lineno=82, funcname='_get_storage'), FuncSign(filename='/root/miniconda3/envs/django__django__3.1/lib/python3.6/site-packages/asgiref/local.py', lineno=46, funcname='_get_context_id'), FuncSign(filename='/root/miniconda3/envs/django__django__3.1/lib/python3.6/site-packages/asgiref/sync.py', lineno=493, funcname='get_current_task'), FuncSign(filename='/root/miniconda3/envs/django__django__3.1/lib/python3.6/asyncio/events.py', lineno=682, funcname='get_event_loop'), FuncSign(filename='/root/miniconda3/envs/django__django__3.1/lib/python3.6/asyncio/events.py', lineno=666, funcname='get_event_loop_policy'), FuncSign(filename='/root/miniconda3/envs/django__django__3.1/lib/python3.6/asyncio/events.py', lineno=658, funcname='_init_event_loop_policy'), FuncSign(filename='/root/miniconda3/envs/django__django__3.1/lib/python3.6/asyncio/unix_events.py', lineno=1036, funcname='__init__')]), (1, 10, 12, 389))
[2026-07-29 14:58:47,108 - Orcar.tracer - INFO] Func 118/151
[2026-07-29 14:58:47,108 - Orcar.tracer - INFO] (FuncSign(filename='/root/miniconda3/envs/django__django__3.1/lib/python3.6/asyncio/selector_events.py', lineno=49, funcname='__init__'), FuncScore(is_same_file_with_key_parent=False, layers_from_key_parent=10, absolute_calling_index=394, absolute_layer=12, called_by=[FuncSign(filename='/django__django/django/__init__.py', lineno=8, funcname='setup'), FuncSign(filename='/django__django/django/urls/base.py', lineno=99, funcname='set_script_prefix'), FuncSign(filename='/root/miniconda3/envs/django__django__3.1/lib/python3.6/site-packages/asgiref/local.py', lineno=109, funcname='__setattr__'), FuncSign(filename='/root/miniconda3/envs/django__django__3.1/lib/python3.6/site-packages/asgiref/local.py', lineno=82, funcname='_get_storage'), FuncSign(filename='/root/miniconda3/envs/django__django__3.1/lib/python3.6/site-packages/asgiref/local.py', lineno=46, funcname='_get_context_id'), FuncSign(filename='/root/miniconda3/envs/django__django__3.1/lib/python3.6/site-packages/asgiref/sync.py', lineno=493, funcname='get_current_task'), FuncSign(filename='/root/miniconda3/envs/django__django__3.1/lib/python3.6/asyncio/events.py', lineno=682, funcname='get_event_loop'), FuncSign(filename='/root/miniconda3/envs/django__django__3.1/lib/python3.6/asyncio/events.py', lineno=591, funcname='get_event_loop'), FuncSign(filename='/root/miniconda3/envs/django__django__3.1/lib/python3.6/asyncio/events.py', lineno=611, funcname='new_event_loop'), FuncSign(filename='/root/miniconda3/envs/django__django__3.1/lib/python3.6/asyncio/unix_events.py', lineno=55, funcname='__init__')]), (1, 10, 12, 394))
[2026-07-29 14:58:47,108 - Orcar.tracer - INFO] Func 119/151
[2026-07-29 14:58:47,108 - Orcar.tracer - INFO] (FuncSign(filename='/root/miniconda3/envs/django__django__3.1/lib/python3.6/asyncio/base_events.py', lineno=259, funcname='__init__'), FuncScore(is_same_file_with_key_parent=False, layers_from_key_parent=11, absolute_calling_index=395, absolute_layer=13, called_by=[FuncSign(filename='/django__django/django/__init__.py', lineno=8, funcname='setup'), FuncSign(filename='/django__django/django/urls/base.py', lineno=99, funcname='set_script_prefix'), FuncSign(filename='/root/miniconda3/envs/django__django__3.1/lib/python3.6/site-packages/asgiref/local.py', lineno=109, funcname='__setattr__'), FuncSign(filename='/root/miniconda3/envs/django__django__3.1/lib/python3.6/site-packages/asgiref/local.py', lineno=82, funcname='_get_storage'), FuncSign(filename='/root/miniconda3/envs/django__django__3.1/lib/python3.6/site-packages/asgiref/local.py', lineno=46, funcname='_get_context_id'), FuncSign(filename='/root/miniconda3/envs/django__django__3.1/lib/python3.6/site-packages/asgiref/sync.py', lineno=493, funcname='get_current_task'), FuncSign(filename='/root/miniconda3/envs/django__django__3.1/lib/python3.6/asyncio/events.py', lineno=682, funcname='get_event_loop'), FuncSign(filename='/root/miniconda3/envs/django__django__3.1/lib/python3.6/asyncio/events.py', lineno=591, funcname='get_event_loop'), FuncSign(filename='/root/miniconda3/envs/django__django__3.1/lib/python3.6/asyncio/events.py', lineno=611, funcname='new_event_loop'), FuncSign(filename='/root/miniconda3/envs/django__django__3.1/lib/python3.6/asyncio/unix_events.py', lineno=55, funcname='__init__'), FuncSign(filename='/root/miniconda3/envs/django__django__3.1/lib/python3.6/asyncio/selector_events.py', lineno=49, funcname='__init__')]), (1, 11, 13, 395))
[2026-07-29 14:58:47,108 - Orcar.tracer - INFO] Func 120/151
[2026-07-29 14:58:47,108 - Orcar.tracer - INFO] (FuncSign(filename='/root/miniconda3/envs/django__django__3.1/lib/python3.6/selectors.py', lineno=397, funcname='__init__'), FuncScore(is_same_file_with_key_parent=False, layers_from_key_parent=11, absolute_calling_index=402, absolute_layer=13, called_by=[FuncSign(filename='/django__django/django/__init__.py', lineno=8, funcname='setup'), FuncSign(filename='/django__django/django/urls/base.py', lineno=99, funcname='set_script_prefix'), FuncSign(filename='/root/miniconda3/envs/django__django__3.1/lib/python3.6/site-packages/asgiref/local.py', lineno=109, funcname='__setattr__'), FuncSign(filename='/root/miniconda3/envs/django__django__3.1/lib/python3.6/site-packages/asgiref/local.py', lineno=82, funcname='_get_storage'), FuncSign(filename='/root/miniconda3/envs/django__django__3.1/lib/python3.6/site-packages/asgiref/local.py', lineno=46, funcname='_get_context_id'), FuncSign(filename='/root/miniconda3/envs/django__django__3.1/lib/python3.6/site-packages/asgiref/sync.py', lineno=493, funcname='get_current_task'), FuncSign(filename='/root/miniconda3/envs/django__django__3.1/lib/python3.6/asyncio/events.py', lineno=682, funcname='get_event_loop'), FuncSign(filename='/root/miniconda3/envs/django__django__3.1/lib/python3.6/asyncio/events.py', lineno=591, funcname='get_event_loop'), FuncSign(filename='/root/miniconda3/envs/django__django__3.1/lib/python3.6/asyncio/events.py', lineno=611, funcname='new_event_loop'), FuncSign(filename='/root/miniconda3/envs/django__django__3.1/lib/python3.6/asyncio/unix_events.py', lineno=55, funcname='__init__'), FuncSign(filename='/root/miniconda3/envs/django__django__3.1/lib/python3.6/asyncio/selector_events.py', lineno=49, funcname='__init__')]), (1, 11, 13, 402))
[2026-07-29 14:58:47,109 - Orcar.tracer - INFO] Func 121/151
[2026-07-29 14:58:47,109 - Orcar.tracer - INFO] (FuncSign(filename='/root/miniconda3/envs/django__django__3.1/lib/python3.6/logging/__init__.py', lineno=1286, funcname='debug'), FuncScore(is_same_file_with_key_parent=False, layers_from_key_parent=11, absolute_calling_index=405, absolute_layer=13, called_by=[FuncSign(filename='/django__django/django/__init__.py', lineno=8, funcname='setup'), FuncSign(filename='/django__django/django/urls/base.py', lineno=99, funcname='set_script_prefix'), FuncSign(filename='/root/miniconda3/envs/django__django__3.1/lib/python3.6/site-packages/asgiref/local.py', lineno=109, funcname='__setattr__'), FuncSign(filename='/root/miniconda3/envs/django__django__3.1/lib/python3.6/site-packages/asgiref/local.py', lineno=82, funcname='_get_storage'), FuncSign(filename='/root/miniconda3/envs/django__django__3.1/lib/python3.6/site-packages/asgiref/local.py', lineno=46, funcname='_get_context_id'), FuncSign(filename='/root/miniconda3/envs/django__django__3.1/lib/python3.6/site-packages/asgiref/sync.py', lineno=493, funcname='get_current_task'), FuncSign(filename='/root/miniconda3/envs/django__django__3.1/lib/python3.6/asyncio/events.py', lineno=682, funcname='get_event_loop'), FuncSign(filename='/root/miniconda3/envs/django__django__3.1/lib/python3.6/asyncio/events.py', lineno=591, funcname='get_event_loop'), FuncSign(filename='/root/miniconda3/envs/django__django__3.1/lib/python3.6/asyncio/events.py', lineno=611, funcname='new_event_loop'), FuncSign(filename='/root/miniconda3/envs/django__django__3.1/lib/python3.6/asyncio/unix_events.py', lineno=55, funcname='__init__'), FuncSign(filename='/root/miniconda3/envs/django__django__3.1/lib/python3.6/asyncio/selector_events.py', lineno=49, funcname='__init__')]), (1, 11, 13, 405))
[2026-07-29 14:58:47,109 - Orcar.tracer - INFO] Func 122/151
[2026-07-29 14:58:47,109 - Orcar.tracer - INFO] (FuncSign(filename='/root/miniconda3/envs/django__django__3.1/lib/python3.6/asyncio/selector_events.py', lineno=116, funcname='_make_self_pipe'), FuncScore(is_same_file_with_key_parent=False, layers_from_key_parent=11, absolute_calling_index=408, absolute_layer=13, called_by=[FuncSign(filename='/django__django/django/__init__.py', lineno=8, funcname='setup'), FuncSign(filename='/django__django/django/urls/base.py', lineno=99, funcname='set_script_prefix'), FuncSign(filename='/root/miniconda3/envs/django__django__3.1/lib/python3.6/site-packages/asgiref/local.py', lineno=109, funcname='__setattr__'), FuncSign(filename='/root/miniconda3/envs/django__django__3.1/lib/python3.6/site-packages/asgiref/local.py', lineno=82, funcname='_get_storage'), FuncSign(filename='/root/miniconda3/envs/django__django__3.1/lib/python3.6/site-packages/asgiref/local.py', lineno=46, funcname='_get_context_id'), FuncSign(filename='/root/miniconda3/envs/django__django__3.1/lib/python3.6/site-packages/asgiref/sync.py', lineno=493, funcname='get_current_task'), FuncSign(filename='/root/miniconda3/envs/django__django__3.1/lib/python3.6/asyncio/events.py', lineno=682, funcname='get_event_loop'), FuncSign(filename='/root/miniconda3/envs/django__django__3.1/lib/python3.6/asyncio/events.py', lineno=591, funcname='get_event_loop'), FuncSign(filename='/root/miniconda3/envs/django__django__3.1/lib/python3.6/asyncio/events.py', lineno=611, funcname='new_event_loop'), FuncSign(filename='/root/miniconda3/envs/django__django__3.1/lib/python3.6/asyncio/unix_events.py', lineno=55, funcname='__init__'), FuncSign(filename='/root/miniconda3/envs/django__django__3.1/lib/python3.6/asyncio/selector_events.py', lineno=49, funcname='__init__')]), (1, 11, 13, 408))
[2026-07-29 14:58:47,109 - Orcar.tracer - INFO] Func 123/151
[2026-07-29 14:58:47,109 - Orcar.tracer - INFO] (FuncSign(filename='/root/miniconda3/envs/django__django__3.1/lib/python3.6/weakref.py', lineno=102, funcname='__init__'), FuncScore(is_same_file_with_key_parent=False, layers_from_key_parent=11, absolute_calling_index=427, absolute_layer=13, called_by=[FuncSign(filename='/django__django/django/__init__.py', lineno=8, funcname='setup'), FuncSign(filename='/django__django/django/urls/base.py', lineno=99, funcname='set_script_prefix'), FuncSign(filename='/root/miniconda3/envs/django__django__3.1/lib/python3.6/site-packages/asgiref/local.py', lineno=109, funcname='__setattr__'), FuncSign(filename='/root/miniconda3/envs/django__django__3.1/lib/python3.6/site-packages/asgiref/local.py', lineno=82, funcname='_get_storage'), FuncSign(filename='/root/miniconda3/envs/django__django__3.1/lib/python3.6/site-packages/asgiref/local.py', lineno=46, funcname='_get_context_id'), FuncSign(filename='/root/miniconda3/envs/django__django__3.1/lib/python3.6/site-packages/asgiref/sync.py', lineno=493, funcname='get_current_task'), FuncSign(filename='/root/miniconda3/envs/django__django__3.1/lib/python3.6/asyncio/events.py', lineno=682, funcname='get_event_loop'), FuncSign(filename='/root/miniconda3/envs/django__django__3.1/lib/python3.6/asyncio/events.py', lineno=591, funcname='get_event_loop'), FuncSign(filename='/root/miniconda3/envs/django__django__3.1/lib/python3.6/asyncio/events.py', lineno=611, funcname='new_event_loop'), FuncSign(filename='/root/miniconda3/envs/django__django__3.1/lib/python3.6/asyncio/unix_events.py', lineno=55, funcname='__init__'), FuncSign(filename='/root/miniconda3/envs/django__django__3.1/lib/python3.6/asyncio/selector_events.py', lineno=49, funcname='__init__')]), (1, 11, 13, 427))
[2026-07-29 14:58:47,110 - Orcar.tracer - INFO] Func 124/151
[2026-07-29 14:58:47,110 - Orcar.tracer - INFO] (FuncSign(filename='/root/miniconda3/envs/django__django__3.1/lib/python3.6/typing.py', lineno=889, funcname='__extrahook__'), FuncScore(is_same_file_with_key_parent=False, layers_from_key_parent=11, absolute_calling_index=628, absolute_layer=13, called_by=[FuncSign(filename='/django__django/django/__init__.py', lineno=8, funcname='setup'), FuncSign(filename='/django__django/django/apps/registry.py', lineno=61, funcname='populate'), FuncSign(filename='/root/miniconda3/envs/django__django__3.1/lib/python3.6/collections/__init__.py', lineno=517, funcname='__init__'), FuncSign(filename='/root/miniconda3/envs/django__django__3.1/lib/python3.6/collections/__init__.py', lineno=586, funcname='update'), FuncSign(filename='/root/miniconda3/envs/django__django__3.1/lib/python3.6/abc.py', lineno=180, funcname='__instancecheck__'), FuncSign(filename='/root/miniconda3/envs/django__django__3.1/lib/python3.6/abc.py', lineno=196, funcname='__subclasscheck__'), FuncSign(filename='/root/miniconda3/envs/django__django__3.1/lib/python3.6/abc.py', lineno=196, funcname='__subclasscheck__'), FuncSign(filename='/root/miniconda3/envs/django__django__3.1/lib/python3.6/typing.py', lineno=1145, funcname='__subclasscheck__'), FuncSign(filename='/root/miniconda3/envs/django__django__3.1/lib/python3.6/abc.py', lineno=196, funcname='__subclasscheck__'), FuncSign(filename='/root/miniconda3/envs/django__django__3.1/lib/python3.6/typing.py', lineno=1145, funcname='__subclasscheck__'), FuncSign(filename='/root/miniconda3/envs/django__django__3.1/lib/python3.6/abc.py', lineno=196, funcname='__subclasscheck__')]), (1, 11, 13, 628))
[2026-07-29 14:58:47,110 - Orcar.tracer - INFO] Func 125/151
[2026-07-29 14:58:47,110 - Orcar.tracer - INFO] (FuncSign(filename='/root/miniconda3/envs/django__django__3.1/lib/python3.6/_collections_abc.py', lineno=657, funcname='get'), FuncScore(is_same_file_with_key_parent=False, layers_from_key_parent=12, absolute_calling_index=396, absolute_layer=14, called_by=[FuncSign(filename='/django__django/django/__init__.py', lineno=8, funcname='setup'), FuncSign(filename='/django__django/django/urls/base.py', lineno=99, funcname='set_script_prefix'), FuncSign(filename='/root/miniconda3/envs/django__django__3.1/lib/python3.6/site-packages/asgiref/local.py', lineno=109, funcname='__setattr__'), FuncSign(filename='/root/miniconda3/envs/django__django__3.1/lib/python3.6/site-packages/asgiref/local.py', lineno=82, funcname='_get_storage'), FuncSign(filename='/root/miniconda3/envs/django__django__3.1/lib/python3.6/site-packages/asgiref/local.py', lineno=46, funcname='_get_context_id'), FuncSign(filename='/root/miniconda3/envs/django__django__3.1/lib/python3.6/site-packages/asgiref/sync.py', lineno=493, funcname='get_current_task'), FuncSign(filename='/root/miniconda3/envs/django__django__3.1/lib/python3.6/asyncio/events.py', lineno=682, funcname='get_event_loop'), FuncSign(filename='/root/miniconda3/envs/django__django__3.1/lib/python3.6/asyncio/events.py', lineno=591, funcname='get_event_loop'), FuncSign(filename='/root/miniconda3/envs/django__django__3.1/lib/python3.6/asyncio/events.py', lineno=611, funcname='new_event_loop'), FuncSign(filename='/root/miniconda3/envs/django__django__3.1/lib/python3.6/asyncio/unix_events.py', lineno=55, funcname='__init__'), FuncSign(filename='/root/miniconda3/envs/django__django__3.1/lib/python3.6/asyncio/selector_events.py', lineno=49, funcname='__init__'), FuncSign(filename='/root/miniconda3/envs/django__django__3.1/lib/python3.6/asyncio/base_events.py', lineno=259, funcname='__init__')]), (1, 12, 14, 396))
[2026-07-29 14:58:47,111 - Orcar.tracer - INFO] Func 126/151
[2026-07-29 14:58:47,111 - Orcar.tracer - INFO] (FuncSign(filename='/root/miniconda3/envs/django__django__3.1/lib/python3.6/asyncio/base_events.py', lineno=1501, funcname='set_debug'), FuncScore(is_same_file_with_key_parent=False, layers_from_key_parent=12, absolute_calling_index=399, absolute_layer=14, called_by=[FuncSign(filename='/django__django/django/__init__.py', lineno=8, funcname='setup'), FuncSign(filename='/django__django/django/urls/base.py', lineno=99, funcname='set_script_prefix'), FuncSign(filename='/root/miniconda3/envs/django__django__3.1/lib/python3.6/site-packages/asgiref/local.py', lineno=109, funcname='__setattr__'), FuncSign(filename='/root/miniconda3/envs/django__django__3.1/lib/python3.6/site-packages/asgiref/local.py', lineno=82, funcname='_get_storage'), FuncSign(filename='/root/miniconda3/envs/django__django__3.1/lib/python3.6/site-packages/asgiref/local.py', lineno=46, funcname='_get_context_id'), FuncSign(filename='/root/miniconda3/envs/django__django__3.1/lib/python3.6/site-packages/asgiref/sync.py', lineno=493, funcname='get_current_task'), FuncSign(filename='/root/miniconda3/envs/django__django__3.1/lib/python3.6/asyncio/events.py', lineno=682, funcname='get_event_loop'), FuncSign(filename='/root/miniconda3/envs/django__django__3.1/lib/python3.6/asyncio/events.py', lineno=591, funcname='get_event_loop'), FuncSign(filename='/root/miniconda3/envs/django__django__3.1/lib/python3.6/asyncio/events.py', lineno=611, funcname='new_event_loop'), FuncSign(filename='/root/miniconda3/envs/django__django__3.1/lib/python3.6/asyncio/unix_events.py', lineno=55, funcname='__init__'), FuncSign(filename='/root/miniconda3/envs/django__django__3.1/lib/python3.6/asyncio/selector_events.py', lineno=49, funcname='__init__'), FuncSign(filename='/root/miniconda3/envs/django__django__3.1/lib/python3.6/asyncio/base_events.py', lineno=259, funcname='__init__')]), (1, 12, 14, 399))
[2026-07-29 14:58:47,111 - Orcar.tracer - INFO] Func 127/151
[2026-07-29 14:58:47,111 - Orcar.tracer - INFO] (FuncSign(filename='/root/miniconda3/envs/django__django__3.1/lib/python3.6/_weakrefset.py', lineno=36, funcname='__init__'), FuncScore(is_same_file_with_key_parent=False, layers_from_key_parent=12, absolute_calling_index=401, absolute_layer=14, called_by=[FuncSign(filename='/django__django/django/__init__.py', lineno=8, funcname='setup'), FuncSign(filename='/django__django/django/urls/base.py', lineno=99, funcname='set_script_prefix'), FuncSign(filename='/root/miniconda3/envs/django__django__3.1/lib/python3.6/site-packages/asgiref/local.py', lineno=109, funcname='__setattr__'), FuncSign(filename='/root/miniconda3/envs/django__django__3.1/lib/python3.6/site-packages/asgiref/local.py', lineno=82, funcname='_get_storage'), FuncSign(filename='/root/miniconda3/envs/django__django__3.1/lib/python3.6/site-packages/asgiref/local.py', lineno=46, funcname='_get_context_id'), FuncSign(filename='/root/miniconda3/envs/django__django__3.1/lib/python3.6/site-packages/asgiref/sync.py', lineno=493, funcname='get_current_task'), FuncSign(filename='/root/miniconda3/envs/django__django__3.1/lib/python3.6/asyncio/events.py', lineno=682, funcname='get_event_loop'), FuncSign(filename='/root/miniconda3/envs/django__django__3.1/lib/python3.6/asyncio/events.py', lineno=591, funcname='get_event_loop'), FuncSign(filename='/root/miniconda3/envs/django__django__3.1/lib/python3.6/asyncio/events.py', lineno=611, funcname='new_event_loop'), FuncSign(filename='/root/miniconda3/envs/django__django__3.1/lib/python3.6/asyncio/unix_events.py', lineno=55, funcname='__init__'), FuncSign(filename='/root/miniconda3/envs/django__django__3.1/lib/python3.6/asyncio/selector_events.py', lineno=49, funcname='__init__'), FuncSign(filename='/root/miniconda3/envs/django__django__3.1/lib/python3.6/asyncio/base_events.py', lineno=259, funcname='__init__')]), (1, 12, 14, 401))
[2026-07-29 14:58:47,111 - Orcar.tracer - INFO] Func 128/151
[2026-07-29 14:58:47,111 - Orcar.tracer - INFO] (FuncSign(filename='/root/miniconda3/envs/django__django__3.1/lib/python3.6/selectors.py', lineno=208, funcname='__init__'), FuncScore(is_same_file_with_key_parent=False, layers_from_key_parent=12, absolute_calling_index=403, absolute_layer=14, called_by=[FuncSign(filename='/django__django/django/__init__.py', lineno=8, funcname='setup'), FuncSign(filename='/django__django/django/urls/base.py', lineno=99, funcname='set_script_prefix'), FuncSign(filename='/root/miniconda3/envs/django__django__3.1/lib/python3.6/site-packages/asgiref/local.py', lineno=109, funcname='__setattr__'), FuncSign(filename='/root/miniconda3/envs/django__django__3.1/lib/python3.6/site-packages/asgiref/local.py', lineno=82, funcname='_get_storage'), FuncSign(filename='/root/miniconda3/envs/django__django__3.1/lib/python3.6/site-packages/asgiref/local.py', lineno=46, funcname='_get_context_id'), FuncSign(filename='/root/miniconda3/envs/django__django__3.1/lib/python3.6/site-packages/asgiref/sync.py', lineno=493, funcname='get_current_task'), FuncSign(filename='/root/miniconda3/envs/django__django__3.1/lib/python3.6/asyncio/events.py', lineno=682, funcname='get_event_loop'), FuncSign(filename='/root/miniconda3/envs/django__django__3.1/lib/python3.6/asyncio/events.py', lineno=591, funcname='get_event_loop'), FuncSign(filename='/root/miniconda3/envs/django__django__3.1/lib/python3.6/asyncio/events.py', lineno=611, funcname='new_event_loop'), FuncSign(filename='/root/miniconda3/envs/django__django__3.1/lib/python3.6/asyncio/unix_events.py', lineno=55, funcname='__init__'), FuncSign(filename='/root/miniconda3/envs/django__django__3.1/lib/python3.6/asyncio/selector_events.py', lineno=49, funcname='__init__'), FuncSign(filename='/root/miniconda3/envs/django__django__3.1/lib/python3.6/selectors.py', lineno=397, funcname='__init__')]), (1, 12, 14, 403))
[2026-07-29 14:58:47,112 - Orcar.tracer - INFO] Func 129/151
[2026-07-29 14:58:47,112 - Orcar.tracer - INFO] (FuncSign(filename='/root/miniconda3/envs/django__django__3.1/lib/python3.6/logging/__init__.py', lineno=1544, funcname='isEnabledFor'), FuncScore(is_same_file_with_key_parent=False, layers_from_key_parent=12, absolute_calling_index=406, absolute_layer=14, called_by=[FuncSign(filename='/django__django/django/__init__.py', lineno=8, funcname='setup'), FuncSign(filename='/django__django/django/urls/base.py', lineno=99, funcname='set_script_prefix'), FuncSign(filename='/root/miniconda3/envs/django__django__3.1/lib/python3.6/site-packages/asgiref/local.py', lineno=109, funcname='__setattr__'), FuncSign(filename='/root/miniconda3/envs/django__django__3.1/lib/python3.6/site-packages/asgiref/local.py', lineno=82, funcname='_get_storage'), FuncSign(filename='/root/miniconda3/envs/django__django__3.1/lib/python3.6/site-packages/asgiref/local.py', lineno=46, funcname='_get_context_id'), FuncSign(filename='/root/miniconda3/envs/django__django__3.1/lib/python3.6/site-packages/asgiref/sync.py', lineno=493, funcname='get_current_task'), FuncSign(filename='/root/miniconda3/envs/django__django__3.1/lib/python3.6/asyncio/events.py', lineno=682, funcname='get_event_loop'), FuncSign(filename='/root/miniconda3/envs/django__django__3.1/lib/python3.6/asyncio/events.py', lineno=591, funcname='get_event_loop'), FuncSign(filename='/root/miniconda3/envs/django__django__3.1/lib/python3.6/asyncio/events.py', lineno=611, funcname='new_event_loop'), FuncSign(filename='/root/miniconda3/envs/django__django__3.1/lib/python3.6/asyncio/unix_events.py', lineno=55, funcname='__init__'), FuncSign(filename='/root/miniconda3/envs/django__django__3.1/lib/python3.6/asyncio/selector_events.py', lineno=49, funcname='__init__'), FuncSign(filename='/root/miniconda3/envs/django__django__3.1/lib/python3.6/logging/__init__.py', lineno=1286, funcname='debug')]), (1, 12, 14, 406))
[2026-07-29 14:58:47,112 - Orcar.tracer - INFO] Func 130/151
[2026-07-29 14:58:47,112 - Orcar.tracer - INFO] (FuncSign(filename='/root/miniconda3/envs/django__django__3.1/lib/python3.6/asyncio/unix_events.py', lineno=59, funcname='_socketpair'), FuncScore(is_same_file_with_key_parent=False, layers_from_key_parent=12, absolute_calling_index=409, absolute_layer=14, called_by=[FuncSign(filename='/django__django/django/__init__.py', lineno=8, funcname='setup'), FuncSign(filename='/django__django/django/urls/base.py', lineno=99, funcname='set_script_prefix'), FuncSign(filename='/root/miniconda3/envs/django__django__3.1/lib/python3.6/site-packages/asgiref/local.py', lineno=109, funcname='__setattr__'), FuncSign(filename='/root/miniconda3/envs/django__django__3.1/lib/python3.6/site-packages/asgiref/local.py', lineno=82, funcname='_get_storage'), FuncSign(filename='/root/miniconda3/envs/django__django__3.1/lib/python3.6/site-packages/asgiref/local.py', lineno=46, funcname='_get_context_id'), FuncSign(filename='/root/miniconda3/envs/django__django__3.1/lib/python3.6/site-packages/asgiref/sync.py', lineno=493, funcname='get_current_task'), FuncSign(filename='/root/miniconda3/envs/django__django__3.1/lib/python3.6/asyncio/events.py', lineno=682, funcname='get_event_loop'), FuncSign(filename='/root/miniconda3/envs/django__django__3.1/lib/python3.6/asyncio/events.py', lineno=591, funcname='get_event_loop'), FuncSign(filename='/root/miniconda3/envs/django__django__3.1/lib/python3.6/asyncio/events.py', lineno=611, funcname='new_event_loop'), FuncSign(filename='/root/miniconda3/envs/django__django__3.1/lib/python3.6/asyncio/unix_events.py', lineno=55, funcname='__init__'), FuncSign(filename='/root/miniconda3/envs/django__django__3.1/lib/python3.6/asyncio/selector_events.py', lineno=49, funcname='__init__'), FuncSign(filename='/root/miniconda3/envs/django__django__3.1/lib/python3.6/asyncio/selector_events.py', lineno=116, funcname='_make_self_pipe')]), (1, 12, 14, 409))
[2026-07-29 14:58:47,112 - Orcar.tracer - INFO] Func 131/151
[2026-07-29 14:58:47,113 - Orcar.tracer - INFO] (FuncSign(filename='/root/miniconda3/envs/django__django__3.1/lib/python3.6/asyncio/selector_events.py', lineno=249, funcname='_add_reader'), FuncScore(is_same_file_with_key_parent=False, layers_from_key_parent=12, absolute_calling_index=413, absolute_layer=14, called_by=[FuncSign(filename='/django__django/django/__init__.py', lineno=8, funcname='setup'), FuncSign(filename='/django__django/django/urls/base.py', lineno=99, funcname='set_script_prefix'), FuncSign(filename='/root/miniconda3/envs/django__django__3.1/lib/python3.6/site-packages/asgiref/local.py', lineno=109, funcname='__setattr__'), FuncSign(filename='/root/miniconda3/envs/django__django__3.1/lib/python3.6/site-packages/asgiref/local.py', lineno=82, funcname='_get_storage'), FuncSign(filename='/root/miniconda3/envs/django__django__3.1/lib/python3.6/site-packages/asgiref/local.py', lineno=46, funcname='_get_context_id'), FuncSign(filename='/root/miniconda3/envs/django__django__3.1/lib/python3.6/site-packages/asgiref/sync.py', lineno=493, funcname='get_current_task'), FuncSign(filename='/root/miniconda3/envs/django__django__3.1/lib/python3.6/asyncio/events.py', lineno=682, funcname='get_event_loop'), FuncSign(filename='/root/miniconda3/envs/django__django__3.1/lib/python3.6/asyncio/events.py', lineno=591, funcname='get_event_loop'), FuncSign(filename='/root/miniconda3/envs/django__django__3.1/lib/python3.6/asyncio/events.py', lineno=611, funcname='new_event_loop'), FuncSign(filename='/root/miniconda3/envs/django__django__3.1/lib/python3.6/asyncio/unix_events.py', lineno=55, funcname='__init__'), FuncSign(filename='/root/miniconda3/envs/django__django__3.1/lib/python3.6/asyncio/selector_events.py', lineno=49, funcname='__init__'), FuncSign(filename='/root/miniconda3/envs/django__django__3.1/lib/python3.6/asyncio/selector_events.py', lineno=116, funcname='_make_self_pipe')]), (1, 12, 14, 413))
[2026-07-29 14:58:47,113 - Orcar.tracer - INFO] Func 132/151
[2026-07-29 14:58:47,113 - Orcar.tracer - INFO] (FuncSign(filename='/root/miniconda3/envs/django__django__3.1/lib/python3.6/weakref.py', lineno=288, funcname='update'), FuncScore(is_same_file_with_key_parent=False, layers_from_key_parent=12, absolute_calling_index=428, absolute_layer=14, called_by=[FuncSign(filename='/django__django/django/__init__.py', lineno=8, funcname='setup'), FuncSign(filename='/django__django/django/urls/base.py', lineno=99, funcname='set_script_prefix'), FuncSign(filename='/root/miniconda3/envs/django__django__3.1/lib/python3.6/site-packages/asgiref/local.py', lineno=109, funcname='__setattr__'), FuncSign(filename='/root/miniconda3/envs/django__django__3.1/lib/python3.6/site-packages/asgiref/local.py', lineno=82, funcname='_get_storage'), FuncSign(filename='/root/miniconda3/envs/django__django__3.1/lib/python3.6/site-packages/asgiref/local.py', lineno=46, funcname='_get_context_id'), FuncSign(filename='/root/miniconda3/envs/django__django__3.1/lib/python3.6/site-packages/asgiref/sync.py', lineno=493, funcname='get_current_task'), FuncSign(filename='/root/miniconda3/envs/django__django__3.1/lib/python3.6/asyncio/events.py', lineno=682, funcname='get_event_loop'), FuncSign(filename='/root/miniconda3/envs/django__django__3.1/lib/python3.6/asyncio/events.py', lineno=591, funcname='get_event_loop'), FuncSign(filename='/root/miniconda3/envs/django__django__3.1/lib/python3.6/asyncio/events.py', lineno=611, funcname='new_event_loop'), FuncSign(filename='/root/miniconda3/envs/django__django__3.1/lib/python3.6/asyncio/unix_events.py', lineno=55, funcname='__init__'), FuncSign(filename='/root/miniconda3/envs/django__django__3.1/lib/python3.6/asyncio/selector_events.py', lineno=49, funcname='__init__'), FuncSign(filename='/root/miniconda3/envs/django__django__3.1/lib/python3.6/weakref.py', lineno=102, funcname='__init__')]), (1, 12, 14, 428))
[2026-07-29 14:58:47,113 - Orcar.tracer - INFO] Func 133/151
[2026-07-29 14:58:47,113 - Orcar.tracer - INFO] (FuncSign(filename='/root/miniconda3/envs/django__django__3.1/lib/python3.6/os.py', lineno=664, funcname='__getitem__'), FuncScore(is_same_file_with_key_parent=False, layers_from_key_parent=13, absolute_calling_index=397, absolute_layer=15, called_by=[FuncSign(filename='/django__django/django/__init__.py', lineno=8, funcname='setup'), FuncSign(filename='/django__django/django/urls/base.py', lineno=99, funcname='set_script_prefix'), FuncSign(filename='/root/miniconda3/envs/django__django__3.1/lib/python3.6/site-packages/asgiref/local.py', lineno=109, funcname='__setattr__'), FuncSign(filename='/root/miniconda3/envs/django__django__3.1/lib/python3.6/site-packages/asgiref/local.py', lineno=82, funcname='_get_storage'), FuncSign(filename='/root/miniconda3/envs/django__django__3.1/lib/python3.6/site-packages/asgiref/local.py', lineno=46, funcname='_get_context_id'), FuncSign(filename='/root/miniconda3/envs/django__django__3.1/lib/python3.6/site-packages/asgiref/sync.py', lineno=493, funcname='get_current_task'), FuncSign(filename='/root/miniconda3/envs/django__django__3.1/lib/python3.6/asyncio/events.py', lineno=682, funcname='get_event_loop'), FuncSign(filename='/root/miniconda3/envs/django__django__3.1/lib/python3.6/asyncio/events.py', lineno=591, funcname='get_event_loop'), FuncSign(filename='/root/miniconda3/envs/django__django__3.1/lib/python3.6/asyncio/events.py', lineno=611, funcname='new_event_loop'), FuncSign(filename='/root/miniconda3/envs/django__django__3.1/lib/python3.6/asyncio/unix_events.py', lineno=55, funcname='__init__'), FuncSign(filename='/root/miniconda3/envs/django__django__3.1/lib/python3.6/asyncio/selector_events.py', lineno=49, funcname='__init__'), FuncSign(filename='/root/miniconda3/envs/django__django__3.1/lib/python3.6/asyncio/base_events.py', lineno=259, funcname='__init__'), FuncSign(filename='/root/miniconda3/envs/django__django__3.1/lib/python3.6/_collections_abc.py', lineno=657, funcname='get')]), (1, 13, 15, 397))
[2026-07-29 14:58:47,114 - Orcar.tracer - INFO] Func 134/151
[2026-07-29 14:58:47,114 - Orcar.tracer - INFO] (FuncSign(filename='/root/miniconda3/envs/django__django__3.1/lib/python3.6/asyncio/base_events.py', lineno=535, funcname='is_running'), FuncScore(is_same_file_with_key_parent=False, layers_from_key_parent=13, absolute_calling_index=400, absolute_layer=15, called_by=[FuncSign(filename='/django__django/django/__init__.py', lineno=8, funcname='setup'), FuncSign(filename='/django__django/django/urls/base.py', lineno=99, funcname='set_script_prefix'), FuncSign(filename='/root/miniconda3/envs/django__django__3.1/lib/python3.6/site-packages/asgiref/local.py', lineno=109, funcname='__setattr__'), FuncSign(filename='/root/miniconda3/envs/django__django__3.1/lib/python3.6/site-packages/asgiref/local.py', lineno=82, funcname='_get_storage'), FuncSign(filename='/root/miniconda3/envs/django__django__3.1/lib/python3.6/site-packages/asgiref/local.py', lineno=46, funcname='_get_context_id'), FuncSign(filename='/root/miniconda3/envs/django__django__3.1/lib/python3.6/site-packages/asgiref/sync.py', lineno=493, funcname='get_current_task'), FuncSign(filename='/root/miniconda3/envs/django__django__3.1/lib/python3.6/asyncio/events.py', lineno=682, funcname='get_event_loop'), FuncSign(filename='/root/miniconda3/envs/django__django__3.1/lib/python3.6/asyncio/events.py', lineno=591, funcname='get_event_loop'), FuncSign(filename='/root/miniconda3/envs/django__django__3.1/lib/python3.6/asyncio/events.py', lineno=611, funcname='new_event_loop'), FuncSign(filename='/root/miniconda3/envs/django__django__3.1/lib/python3.6/asyncio/unix_events.py', lineno=55, funcname='__init__'), FuncSign(filename='/root/miniconda3/envs/django__django__3.1/lib/python3.6/asyncio/selector_events.py', lineno=49, funcname='__init__'), FuncSign(filename='/root/miniconda3/envs/django__django__3.1/lib/python3.6/asyncio/base_events.py', lineno=259, funcname='__init__'), FuncSign(filename='/root/miniconda3/envs/django__django__3.1/lib/python3.6/asyncio/base_events.py', lineno=1501, funcname='set_debug')]), (1, 13, 15, 400))
[2026-07-29 14:58:47,114 - Orcar.tracer - INFO] Func 135/151
[2026-07-29 14:58:47,114 - Orcar.tracer - INFO] (FuncSign(filename='/root/miniconda3/envs/django__django__3.1/lib/python3.6/selectors.py', lineno=62, funcname='__init__'), FuncScore(is_same_file_with_key_parent=False, layers_from_key_parent=13, absolute_calling_index=404, absolute_layer=15, called_by=[FuncSign(filename='/django__django/django/__init__.py', lineno=8, funcname='setup'), FuncSign(filename='/django__django/django/urls/base.py', lineno=99, funcname='set_script_prefix'), FuncSign(filename='/root/miniconda3/envs/django__django__3.1/lib/python3.6/site-packages/asgiref/local.py', lineno=109, funcname='__setattr__'), FuncSign(filename='/root/miniconda3/envs/django__django__3.1/lib/python3.6/site-packages/asgiref/local.py', lineno=82, funcname='_get_storage'), FuncSign(filename='/root/miniconda3/envs/django__django__3.1/lib/python3.6/site-packages/asgiref/local.py', lineno=46, funcname='_get_context_id'), FuncSign(filename='/root/miniconda3/envs/django__django__3.1/lib/python3.6/site-packages/asgiref/sync.py', lineno=493, funcname='get_current_task'), FuncSign(filename='/root/miniconda3/envs/django__django__3.1/lib/python3.6/asyncio/events.py', lineno=682, funcname='get_event_loop'), FuncSign(filename='/root/miniconda3/envs/django__django__3.1/lib/python3.6/asyncio/events.py', lineno=591, funcname='get_event_loop'), FuncSign(filename='/root/miniconda3/envs/django__django__3.1/lib/python3.6/asyncio/events.py', lineno=611, funcname='new_event_loop'), FuncSign(filename='/root/miniconda3/envs/django__django__3.1/lib/python3.6/asyncio/unix_events.py', lineno=55, funcname='__init__'), FuncSign(filename='/root/miniconda3/envs/django__django__3.1/lib/python3.6/asyncio/selector_events.py', lineno=49, funcname='__init__'), FuncSign(filename='/root/miniconda3/envs/django__django__3.1/lib/python3.6/selectors.py', lineno=397, funcname='__init__'), FuncSign(filename='/root/miniconda3/envs/django__django__3.1/lib/python3.6/selectors.py', lineno=208, funcname='__init__')]), (1, 13, 15, 404))
[2026-07-29 14:58:47,114 - Orcar.tracer - INFO] Func 136/151
[2026-07-29 14:58:47,115 - Orcar.tracer - INFO] (FuncSign(filename='/root/miniconda3/envs/django__django__3.1/lib/python3.6/logging/__init__.py', lineno=1530, funcname='getEffectiveLevel'), FuncScore(is_same_file_with_key_parent=False, layers_from_key_parent=13, absolute_calling_index=407, absolute_layer=15, called_by=[FuncSign(filename='/django__django/django/__init__.py', lineno=8, funcname='setup'), FuncSign(filename='/django__django/django/urls/base.py', lineno=99, funcname='set_script_prefix'), FuncSign(filename='/root/miniconda3/envs/django__django__3.1/lib/python3.6/site-packages/asgiref/local.py', lineno=109, funcname='__setattr__'), FuncSign(filename='/root/miniconda3/envs/django__django__3.1/lib/python3.6/site-packages/asgiref/local.py', lineno=82, funcname='_get_storage'), FuncSign(filename='/root/miniconda3/envs/django__django__3.1/lib/python3.6/site-packages/asgiref/local.py', lineno=46, funcname='_get_context_id'), FuncSign(filename='/root/miniconda3/envs/django__django__3.1/lib/python3.6/site-packages/asgiref/sync.py', lineno=493, funcname='get_current_task'), FuncSign(filename='/root/miniconda3/envs/django__django__3.1/lib/python3.6/asyncio/events.py', lineno=682, funcname='get_event_loop'), FuncSign(filename='/root/miniconda3/envs/django__django__3.1/lib/python3.6/asyncio/events.py', lineno=591, funcname='get_event_loop'), FuncSign(filename='/root/miniconda3/envs/django__django__3.1/lib/python3.6/asyncio/events.py', lineno=611, funcname='new_event_loop'), FuncSign(filename='/root/miniconda3/envs/django__django__3.1/lib/python3.6/asyncio/unix_events.py', lineno=55, funcname='__init__'), FuncSign(filename='/root/miniconda3/envs/django__django__3.1/lib/python3.6/asyncio/selector_events.py', lineno=49, funcname='__init__'), FuncSign(filename='/root/miniconda3/envs/django__django__3.1/lib/python3.6/logging/__init__.py', lineno=1286, funcname='debug'), FuncSign(filename='/root/miniconda3/envs/django__django__3.1/lib/python3.6/logging/__init__.py', lineno=1544, funcname='isEnabledFor')]), (1, 13, 15, 407))
[2026-07-29 14:58:47,115 - Orcar.tracer - INFO] Func 137/151
[2026-07-29 14:58:47,115 - Orcar.tracer - INFO] (FuncSign(filename='/root/miniconda3/envs/django__django__3.1/lib/python3.6/socket.py', lineno=475, funcname='socketpair'), FuncScore(is_same_file_with_key_parent=False, layers_from_key_parent=13, absolute_calling_index=410, absolute_layer=15, called_by=[FuncSign(filename='/django__django/django/__init__.py', lineno=8, funcname='setup'), FuncSign(filename='/django__django/django/urls/base.py', lineno=99, funcname='set_script_prefix'), FuncSign(filename='/root/miniconda3/envs/django__django__3.1/lib/python3.6/site-packages/asgiref/local.py', lineno=109, funcname='__setattr__'), FuncSign(filename='/root/miniconda3/envs/django__django__3.1/lib/python3.6/site-packages/asgiref/local.py', lineno=82, funcname='_get_storage'), FuncSign(filename='/root/miniconda3/envs/django__django__3.1/lib/python3.6/site-packages/asgiref/local.py', lineno=46, funcname='_get_context_id'), FuncSign(filename='/root/miniconda3/envs/django__django__3.1/lib/python3.6/site-packages/asgiref/sync.py', lineno=493, funcname='get_current_task'), FuncSign(filename='/root/miniconda3/envs/django__django__3.1/lib/python3.6/asyncio/events.py', lineno=682, funcname='get_event_loop'), FuncSign(filename='/root/miniconda3/envs/django__django__3.1/lib/python3.6/asyncio/events.py', lineno=591, funcname='get_event_loop'), FuncSign(filename='/root/miniconda3/envs/django__django__3.1/lib/python3.6/asyncio/events.py', lineno=611, funcname='new_event_loop'), FuncSign(filename='/root/miniconda3/envs/django__django__3.1/lib/python3.6/asyncio/unix_events.py', lineno=55, funcname='__init__'), FuncSign(filename='/root/miniconda3/envs/django__django__3.1/lib/python3.6/asyncio/selector_events.py', lineno=49, funcname='__init__'), FuncSign(filename='/root/miniconda3/envs/django__django__3.1/lib/python3.6/asyncio/selector_events.py', lineno=116, funcname='_make_self_pipe'), FuncSign(filename='/root/miniconda3/envs/django__django__3.1/lib/python3.6/asyncio/unix_events.py', lineno=59, funcname='_socketpair')]), (1, 13, 15, 410))
[2026-07-29 14:58:47,115 - Orcar.tracer - INFO] Func 138/151
[2026-07-29 14:58:47,115 - Orcar.tracer - INFO] (FuncSign(filename='/root/miniconda3/envs/django__django__3.1/lib/python3.6/asyncio/base_events.py', lineno=379, funcname='_check_closed'), FuncScore(is_same_file_with_key_parent=False, layers_from_key_parent=13, absolute_calling_index=414, absolute_layer=15, called_by=[FuncSign(filename='/django__django/django/__init__.py', lineno=8, funcname='setup'), FuncSign(filename='/django__django/django/urls/base.py', lineno=99, funcname='set_script_prefix'), FuncSign(filename='/root/miniconda3/envs/django__django__3.1/lib/python3.6/site-packages/asgiref/local.py', lineno=109, funcname='__setattr__'), FuncSign(filename='/root/miniconda3/envs/django__django__3.1/lib/python3.6/site-packages/asgiref/local.py', lineno=82, funcname='_get_storage'), FuncSign(filename='/root/miniconda3/envs/django__django__3.1/lib/python3.6/site-packages/asgiref/local.py', lineno=46, funcname='_get_context_id'), FuncSign(filename='/root/miniconda3/envs/django__django__3.1/lib/python3.6/site-packages/asgiref/sync.py', lineno=493, funcname='get_current_task'), FuncSign(filename='/root/miniconda3/envs/django__django__3.1/lib/python3.6/asyncio/events.py', lineno=682, funcname='get_event_loop'), FuncSign(filename='/root/miniconda3/envs/django__django__3.1/lib/python3.6/asyncio/events.py', lineno=591, funcname='get_event_loop'), FuncSign(filename='/root/miniconda3/envs/django__django__3.1/lib/python3.6/asyncio/events.py', lineno=611, funcname='new_event_loop'), FuncSign(filename='/root/miniconda3/envs/django__django__3.1/lib/python3.6/asyncio/unix_events.py', lineno=55, funcname='__init__'), FuncSign(filename='/root/miniconda3/envs/django__django__3.1/lib/python3.6/asyncio/selector_events.py', lineno=49, funcname='__init__'), FuncSign(filename='/root/miniconda3/envs/django__django__3.1/lib/python3.6/asyncio/selector_events.py', lineno=116, funcname='_make_self_pipe'), FuncSign(filename='/root/miniconda3/envs/django__django__3.1/lib/python3.6/asyncio/selector_events.py', lineno=249, funcname='_add_reader')]), (1, 13, 15, 414))
[2026-07-29 14:58:47,116 - Orcar.tracer - INFO] Func 139/151
[2026-07-29 14:58:47,116 - Orcar.tracer - INFO] (FuncSign(filename='/root/miniconda3/envs/django__django__3.1/lib/python3.6/asyncio/events.py', lineno=104, funcname='__init__'), FuncScore(is_same_file_with_key_parent=False, layers_from_key_parent=13, absolute_calling_index=415, absolute_layer=15, called_by=[FuncSign(filename='/django__django/django/__init__.py', lineno=8, funcname='setup'), FuncSign(filename='/django__django/django/urls/base.py', lineno=99, funcname='set_script_prefix'), FuncSign(filename='/root/miniconda3/envs/django__django__3.1/lib/python3.6/site-packages/asgiref/local.py', lineno=109, funcname='__setattr__'), FuncSign(filename='/root/miniconda3/envs/django__django__3.1/lib/python3.6/site-packages/asgiref/local.py', lineno=82, funcname='_get_storage'), FuncSign(filename='/root/miniconda3/envs/django__django__3.1/lib/python3.6/site-packages/asgiref/local.py', lineno=46, funcname='_get_context_id'), FuncSign(filename='/root/miniconda3/envs/django__django__3.1/lib/python3.6/site-packages/asgiref/sync.py', lineno=493, funcname='get_current_task'), FuncSign(filename='/root/miniconda3/envs/django__django__3.1/lib/python3.6/asyncio/events.py', lineno=682, funcname='get_event_loop'), FuncSign(filename='/root/miniconda3/envs/django__django__3.1/lib/python3.6/asyncio/events.py', lineno=591, funcname='get_event_loop'), FuncSign(filename='/root/miniconda3/envs/django__django__3.1/lib/python3.6/asyncio/events.py', lineno=611, funcname='new_event_loop'), FuncSign(filename='/root/miniconda3/envs/django__django__3.1/lib/python3.6/asyncio/unix_events.py', lineno=55, funcname='__init__'), FuncSign(filename='/root/miniconda3/envs/django__django__3.1/lib/python3.6/asyncio/selector_events.py', lineno=49, funcname='__init__'), FuncSign(filename='/root/miniconda3/envs/django__django__3.1/lib/python3.6/asyncio/selector_events.py', lineno=116, funcname='_make_self_pipe'), FuncSign(filename='/root/miniconda3/envs/django__django__3.1/lib/python3.6/asyncio/selector_events.py', lineno=249, funcname='_add_reader')]), (1, 13, 15, 415))
[2026-07-29 14:58:47,116 - Orcar.tracer - INFO] Func 140/151
[2026-07-29 14:58:47,116 - Orcar.tracer - INFO] (FuncSign(filename='/root/miniconda3/envs/django__django__3.1/lib/python3.6/selectors.py', lineno=179, funcname='get_key'), FuncScore(is_same_file_with_key_parent=False, layers_from_key_parent=13, absolute_calling_index=417, absolute_layer=15, called_by=[FuncSign(filename='/django__django/django/__init__.py', lineno=8, funcname='setup'), FuncSign(filename='/django__django/django/urls/base.py', lineno=99, funcname='set_script_prefix'), FuncSign(filename='/root/miniconda3/envs/django__django__3.1/lib/python3.6/site-packages/asgiref/local.py', lineno=109, funcname='__setattr__'), FuncSign(filename='/root/miniconda3/envs/django__django__3.1/lib/python3.6/site-packages/asgiref/local.py', lineno=82, funcname='_get_storage'), FuncSign(filename='/root/miniconda3/envs/django__django__3.1/lib/python3.6/site-packages/asgiref/local.py', lineno=46, funcname='_get_context_id'), FuncSign(filename='/root/miniconda3/envs/django__django__3.1/lib/python3.6/site-packages/asgiref/sync.py', lineno=493, funcname='get_current_task'), FuncSign(filename='/root/miniconda3/envs/django__django__3.1/lib/python3.6/asyncio/events.py', lineno=682, funcname='get_event_loop'), FuncSign(filename='/root/miniconda3/envs/django__django__3.1/lib/python3.6/asyncio/events.py', lineno=591, funcname='get_event_loop'), FuncSign(filename='/root/miniconda3/envs/django__django__3.1/lib/python3.6/asyncio/events.py', lineno=611, funcname='new_event_loop'), FuncSign(filename='/root/miniconda3/envs/django__django__3.1/lib/python3.6/asyncio/unix_events.py', lineno=55, funcname='__init__'), FuncSign(filename='/root/miniconda3/envs/django__django__3.1/lib/python3.6/asyncio/selector_events.py', lineno=49, funcname='__init__'), FuncSign(filename='/root/miniconda3/envs/django__django__3.1/lib/python3.6/asyncio/selector_events.py', lineno=116, funcname='_make_self_pipe'), FuncSign(filename='/root/miniconda3/envs/django__django__3.1/lib/python3.6/asyncio/selector_events.py', lineno=249, funcname='_add_reader')]), (1, 13, 15, 417))
[2026-07-29 14:58:47,117 - Orcar.tracer - INFO] Func 141/151
[2026-07-29 14:58:47,117 - Orcar.tracer - INFO] (FuncSign(filename='/root/miniconda3/envs/django__django__3.1/lib/python3.6/selectors.py', lineno=404, funcname='register'), FuncScore(is_same_file_with_key_parent=False, layers_from_key_parent=13, absolute_calling_index=422, absolute_layer=15, called_by=[FuncSign(filename='/django__django/django/__init__.py', lineno=8, funcname='setup'), FuncSign(filename='/django__django/django/urls/base.py', lineno=99, funcname='set_script_prefix'), FuncSign(filename='/root/miniconda3/envs/django__django__3.1/lib/python3.6/site-packages/asgiref/local.py', lineno=109, funcname='__setattr__'), FuncSign(filename='/root/miniconda3/envs/django__django__3.1/lib/python3.6/site-packages/asgiref/local.py', lineno=82, funcname='_get_storage'), FuncSign(filename='/root/miniconda3/envs/django__django__3.1/lib/python3.6/site-packages/asgiref/local.py', lineno=46, funcname='_get_context_id'), FuncSign(filename='/root/miniconda3/envs/django__django__3.1/lib/python3.6/site-packages/asgiref/sync.py', lineno=493, funcname='get_current_task'), FuncSign(filename='/root/miniconda3/envs/django__django__3.1/lib/python3.6/asyncio/events.py', lineno=682, funcname='get_event_loop'), FuncSign(filename='/root/miniconda3/envs/django__django__3.1/lib/python3.6/asyncio/events.py', lineno=591, funcname='get_event_loop'), FuncSign(filename='/root/miniconda3/envs/django__django__3.1/lib/python3.6/asyncio/events.py', lineno=611, funcname='new_event_loop'), FuncSign(filename='/root/miniconda3/envs/django__django__3.1/lib/python3.6/asyncio/unix_events.py', lineno=55, funcname='__init__'), FuncSign(filename='/root/miniconda3/envs/django__django__3.1/lib/python3.6/asyncio/selector_events.py', lineno=49, funcname='__init__'), FuncSign(filename='/root/miniconda3/envs/django__django__3.1/lib/python3.6/asyncio/selector_events.py', lineno=116, funcname='_make_self_pipe'), FuncSign(filename='/root/miniconda3/envs/django__django__3.1/lib/python3.6/asyncio/selector_events.py', lineno=249, funcname='_add_reader')]), (1, 13, 15, 422))
[2026-07-29 14:58:47,117 - Orcar.tracer - INFO] Func 142/151
[2026-07-29 14:58:47,117 - Orcar.tracer - INFO] (FuncSign(filename='/root/miniconda3/envs/django__django__3.1/lib/python3.6/os.py', lineno=742, funcname='encode'), FuncScore(is_same_file_with_key_parent=False, layers_from_key_parent=14, absolute_calling_index=398, absolute_layer=16, called_by=[FuncSign(filename='/django__django/django/__init__.py', lineno=8, funcname='setup'), FuncSign(filename='/django__django/django/urls/base.py', lineno=99, funcname='set_script_prefix'), FuncSign(filename='/root/miniconda3/envs/django__django__3.1/lib/python3.6/site-packages/asgiref/local.py', lineno=109, funcname='__setattr__'), FuncSign(filename='/root/miniconda3/envs/django__django__3.1/lib/python3.6/site-packages/asgiref/local.py', lineno=82, funcname='_get_storage'), FuncSign(filename='/root/miniconda3/envs/django__django__3.1/lib/python3.6/site-packages/asgiref/local.py', lineno=46, funcname='_get_context_id'), FuncSign(filename='/root/miniconda3/envs/django__django__3.1/lib/python3.6/site-packages/asgiref/sync.py', lineno=493, funcname='get_current_task'), FuncSign(filename='/root/miniconda3/envs/django__django__3.1/lib/python3.6/asyncio/events.py', lineno=682, funcname='get_event_loop'), FuncSign(filename='/root/miniconda3/envs/django__django__3.1/lib/python3.6/asyncio/events.py', lineno=591, funcname='get_event_loop'), FuncSign(filename='/root/miniconda3/envs/django__django__3.1/lib/python3.6/asyncio/events.py', lineno=611, funcname='new_event_loop'), FuncSign(filename='/root/miniconda3/envs/django__django__3.1/lib/python3.6/asyncio/unix_events.py', lineno=55, funcname='__init__'), FuncSign(filename='/root/miniconda3/envs/django__django__3.1/lib/python3.6/asyncio/selector_events.py', lineno=49, funcname='__init__'), FuncSign(filename='/root/miniconda3/envs/django__django__3.1/lib/python3.6/asyncio/base_events.py', lineno=259, funcname='__init__'), FuncSign(filename='/root/miniconda3/envs/django__django__3.1/lib/python3.6/_collections_abc.py', lineno=657, funcname='get'), FuncSign(filename='/root/miniconda3/envs/django__django__3.1/lib/python3.6/os.py', lineno=664, funcname='__getitem__')]), (1, 14, 16, 398))
[2026-07-29 14:58:47,117 - Orcar.tracer - INFO] Func 143/151
[2026-07-29 14:58:47,117 - Orcar.tracer - INFO] (FuncSign(filename='/root/miniconda3/envs/django__django__3.1/lib/python3.6/socket.py', lineno=139, funcname='__init__'), FuncScore(is_same_file_with_key_parent=False, layers_from_key_parent=14, absolute_calling_index=411, absolute_layer=16, called_by=[FuncSign(filename='/django__django/django/__init__.py', lineno=8, funcname='setup'), FuncSign(filename='/django__django/django/urls/base.py', lineno=99, funcname='set_script_prefix'), FuncSign(filename='/root/miniconda3/envs/django__django__3.1/lib/python3.6/site-packages/asgiref/local.py', lineno=109, funcname='__setattr__'), FuncSign(filename='/root/miniconda3/envs/django__django__3.1/lib/python3.6/site-packages/asgiref/local.py', lineno=82, funcname='_get_storage'), FuncSign(filename='/root/miniconda3/envs/django__django__3.1/lib/python3.6/site-packages/asgiref/local.py', lineno=46, funcname='_get_context_id'), FuncSign(filename='/root/miniconda3/envs/django__django__3.1/lib/python3.6/site-packages/asgiref/sync.py', lineno=493, funcname='get_current_task'), FuncSign(filename='/root/miniconda3/envs/django__django__3.1/lib/python3.6/asyncio/events.py', lineno=682, funcname='get_event_loop'), FuncSign(filename='/root/miniconda3/envs/django__django__3.1/lib/python3.6/asyncio/events.py', lineno=591, funcname='get_event_loop'), FuncSign(filename='/root/miniconda3/envs/django__django__3.1/lib/python3.6/asyncio/events.py', lineno=611, funcname='new_event_loop'), FuncSign(filename='/root/miniconda3/envs/django__django__3.1/lib/python3.6/asyncio/unix_events.py', lineno=55, funcname='__init__'), FuncSign(filename='/root/miniconda3/envs/django__django__3.1/lib/python3.6/asyncio/selector_events.py', lineno=49, funcname='__init__'), FuncSign(filename='/root/miniconda3/envs/django__django__3.1/lib/python3.6/asyncio/selector_events.py', lineno=116, funcname='_make_self_pipe'), FuncSign(filename='/root/miniconda3/envs/django__django__3.1/lib/python3.6/asyncio/unix_events.py', lineno=59, funcname='_socketpair'), FuncSign(filename='/root/miniconda3/envs/django__django__3.1/lib/python3.6/socket.py', lineno=475, funcname='socketpair')]), (1, 14, 16, 411))
[2026-07-29 14:58:47,118 - Orcar.tracer - INFO] Func 144/151
[2026-07-29 14:58:47,118 - Orcar.tracer - INFO] (FuncSign(filename='/root/miniconda3/envs/django__django__3.1/lib/python3.6/asyncio/base_events.py', lineno=1498, funcname='get_debug'), FuncScore(is_same_file_with_key_parent=False, layers_from_key_parent=14, absolute_calling_index=416, absolute_layer=16, called_by=[FuncSign(filename='/django__django/django/__init__.py', lineno=8, funcname='setup'), FuncSign(filename='/django__django/django/urls/base.py', lineno=99, funcname='set_script_prefix'), FuncSign(filename='/root/miniconda3/envs/django__django__3.1/lib/python3.6/site-packages/asgiref/local.py', lineno=109, funcname='__setattr__'), FuncSign(filename='/root/miniconda3/envs/django__django__3.1/lib/python3.6/site-packages/asgiref/local.py', lineno=82, funcname='_get_storage'), FuncSign(filename='/root/miniconda3/envs/django__django__3.1/lib/python3.6/site-packages/asgiref/local.py', lineno=46, funcname='_get_context_id'), FuncSign(filename='/root/miniconda3/envs/django__django__3.1/lib/python3.6/site-packages/asgiref/sync.py', lineno=493, funcname='get_current_task'), FuncSign(filename='/root/miniconda3/envs/django__django__3.1/lib/python3.6/asyncio/events.py', lineno=682, funcname='get_event_loop'), FuncSign(filename='/root/miniconda3/envs/django__django__3.1/lib/python3.6/asyncio/events.py', lineno=591, funcname='get_event_loop'), FuncSign(filename='/root/miniconda3/envs/django__django__3.1/lib/python3.6/asyncio/events.py', lineno=611, funcname='new_event_loop'), FuncSign(filename='/root/miniconda3/envs/django__django__3.1/lib/python3.6/asyncio/unix_events.py', lineno=55, funcname='__init__'), FuncSign(filename='/root/miniconda3/envs/django__django__3.1/lib/python3.6/asyncio/selector_events.py', lineno=49, funcname='__init__'), FuncSign(filename='/root/miniconda3/envs/django__django__3.1/lib/python3.6/asyncio/selector_events.py', lineno=116, funcname='_make_self_pipe'), FuncSign(filename='/root/miniconda3/envs/django__django__3.1/lib/python3.6/asyncio/selector_events.py', lineno=249, funcname='_add_reader'), FuncSign(filename='/root/miniconda3/envs/django__django__3.1/lib/python3.6/asyncio/events.py', lineno=104, funcname='__init__')]), (1, 14, 16, 416))
[2026-07-29 14:58:47,118 - Orcar.tracer - INFO] Func 145/151
[2026-07-29 14:58:47,118 - Orcar.tracer - INFO] (FuncSign(filename='/root/miniconda3/envs/django__django__3.1/lib/python3.6/selectors.py', lineno=272, funcname='get_map'), FuncScore(is_same_file_with_key_parent=False, layers_from_key_parent=14, absolute_calling_index=418, absolute_layer=16, called_by=[FuncSign(filename='/django__django/django/__init__.py', lineno=8, funcname='setup'), FuncSign(filename='/django__django/django/urls/base.py', lineno=99, funcname='set_script_prefix'), FuncSign(filename='/root/miniconda3/envs/django__django__3.1/lib/python3.6/site-packages/asgiref/local.py', lineno=109, funcname='__setattr__'), FuncSign(filename='/root/miniconda3/envs/django__django__3.1/lib/python3.6/site-packages/asgiref/local.py', lineno=82, funcname='_get_storage'), FuncSign(filename='/root/miniconda3/envs/django__django__3.1/lib/python3.6/site-packages/asgiref/local.py', lineno=46, funcname='_get_context_id'), FuncSign(filename='/root/miniconda3/envs/django__django__3.1/lib/python3.6/site-packages/asgiref/sync.py', lineno=493, funcname='get_current_task'), FuncSign(filename='/root/miniconda3/envs/django__django__3.1/lib/python3.6/asyncio/events.py', lineno=682, funcname='get_event_loop'), FuncSign(filename='/root/miniconda3/envs/django__django__3.1/lib/python3.6/asyncio/events.py', lineno=591, funcname='get_event_loop'), FuncSign(filename='/root/miniconda3/envs/django__django__3.1/lib/python3.6/asyncio/events.py', lineno=611, funcname='new_event_loop'), FuncSign(filename='/root/miniconda3/envs/django__django__3.1/lib/python3.6/asyncio/unix_events.py', lineno=55, funcname='__init__'), FuncSign(filename='/root/miniconda3/envs/django__django__3.1/lib/python3.6/asyncio/selector_events.py', lineno=49, funcname='__init__'), FuncSign(filename='/root/miniconda3/envs/django__django__3.1/lib/python3.6/asyncio/selector_events.py', lineno=116, funcname='_make_self_pipe'), FuncSign(filename='/root/miniconda3/envs/django__django__3.1/lib/python3.6/asyncio/selector_events.py', lineno=249, funcname='_add_reader'), FuncSign(filename='/root/miniconda3/envs/django__django__3.1/lib/python3.6/selectors.py', lineno=179, funcname='get_key')]), (1, 14, 16, 418))
[2026-07-29 14:58:47,119 - Orcar.tracer - INFO] Func 146/151
[2026-07-29 14:58:47,119 - Orcar.tracer - INFO] (FuncSign(filename='/root/miniconda3/envs/django__django__3.1/lib/python3.6/selectors.py', lineno=68, funcname='__getitem__'), FuncScore(is_same_file_with_key_parent=False, layers_from_key_parent=14, absolute_calling_index=419, absolute_layer=16, called_by=[FuncSign(filename='/django__django/django/__init__.py', lineno=8, funcname='setup'), FuncSign(filename='/django__django/django/urls/base.py', lineno=99, funcname='set_script_prefix'), FuncSign(filename='/root/miniconda3/envs/django__django__3.1/lib/python3.6/site-packages/asgiref/local.py', lineno=109, funcname='__setattr__'), FuncSign(filename='/root/miniconda3/envs/django__django__3.1/lib/python3.6/site-packages/asgiref/local.py', lineno=82, funcname='_get_storage'), FuncSign(filename='/root/miniconda3/envs/django__django__3.1/lib/python3.6/site-packages/asgiref/local.py', lineno=46, funcname='_get_context_id'), FuncSign(filename='/root/miniconda3/envs/django__django__3.1/lib/python3.6/site-packages/asgiref/sync.py', lineno=493, funcname='get_current_task'), FuncSign(filename='/root/miniconda3/envs/django__django__3.1/lib/python3.6/asyncio/events.py', lineno=682, funcname='get_event_loop'), FuncSign(filename='/root/miniconda3/envs/django__django__3.1/lib/python3.6/asyncio/events.py', lineno=591, funcname='get_event_loop'), FuncSign(filename='/root/miniconda3/envs/django__django__3.1/lib/python3.6/asyncio/events.py', lineno=611, funcname='new_event_loop'), FuncSign(filename='/root/miniconda3/envs/django__django__3.1/lib/python3.6/asyncio/unix_events.py', lineno=55, funcname='__init__'), FuncSign(filename='/root/miniconda3/envs/django__django__3.1/lib/python3.6/asyncio/selector_events.py', lineno=49, funcname='__init__'), FuncSign(filename='/root/miniconda3/envs/django__django__3.1/lib/python3.6/asyncio/selector_events.py', lineno=116, funcname='_make_self_pipe'), FuncSign(filename='/root/miniconda3/envs/django__django__3.1/lib/python3.6/asyncio/selector_events.py', lineno=249, funcname='_add_reader'), FuncSign(filename='/root/miniconda3/envs/django__django__3.1/lib/python3.6/selectors.py', lineno=179, funcname='get_key')]), (1, 14, 16, 419))
[2026-07-29 14:58:47,119 - Orcar.tracer - INFO] Func 147/151
[2026-07-29 14:58:47,119 - Orcar.tracer - INFO] (FuncSign(filename='/root/miniconda3/envs/django__django__3.1/lib/python3.6/selectors.py', lineno=233, funcname='register'), FuncScore(is_same_file_with_key_parent=False, layers_from_key_parent=14, absolute_calling_index=423, absolute_layer=16, called_by=[FuncSign(filename='/django__django/django/__init__.py', lineno=8, funcname='setup'), FuncSign(filename='/django__django/django/urls/base.py', lineno=99, funcname='set_script_prefix'), FuncSign(filename='/root/miniconda3/envs/django__django__3.1/lib/python3.6/site-packages/asgiref/local.py', lineno=109, funcname='__setattr__'), FuncSign(filename='/root/miniconda3/envs/django__django__3.1/lib/python3.6/site-packages/asgiref/local.py', lineno=82, funcname='_get_storage'), FuncSign(filename='/root/miniconda3/envs/django__django__3.1/lib/python3.6/site-packages/asgiref/local.py', lineno=46, funcname='_get_context_id'), FuncSign(filename='/root/miniconda3/envs/django__django__3.1/lib/python3.6/site-packages/asgiref/sync.py', lineno=493, funcname='get_current_task'), FuncSign(filename='/root/miniconda3/envs/django__django__3.1/lib/python3.6/asyncio/events.py', lineno=682, funcname='get_event_loop'), FuncSign(filename='/root/miniconda3/envs/django__django__3.1/lib/python3.6/asyncio/events.py', lineno=591, funcname='get_event_loop'), FuncSign(filename='/root/miniconda3/envs/django__django__3.1/lib/python3.6/asyncio/events.py', lineno=611, funcname='new_event_loop'), FuncSign(filename='/root/miniconda3/envs/django__django__3.1/lib/python3.6/asyncio/unix_events.py', lineno=55, funcname='__init__'), FuncSign(filename='/root/miniconda3/envs/django__django__3.1/lib/python3.6/asyncio/selector_events.py', lineno=49, funcname='__init__'), FuncSign(filename='/root/miniconda3/envs/django__django__3.1/lib/python3.6/asyncio/selector_events.py', lineno=116, funcname='_make_self_pipe'), FuncSign(filename='/root/miniconda3/envs/django__django__3.1/lib/python3.6/asyncio/selector_events.py', lineno=249, funcname='_add_reader'), FuncSign(filename='/root/miniconda3/envs/django__django__3.1/lib/python3.6/selectors.py', lineno=404, funcname='register')]), (1, 14, 16, 423))
[2026-07-29 14:58:47,120 - Orcar.tracer - INFO] Func 148/151
[2026-07-29 14:58:47,120 - Orcar.tracer - INFO] (FuncSign(filename='/root/miniconda3/envs/django__django__3.1/lib/python3.6/selectors.py', lineno=214, funcname='_fileobj_lookup'), FuncScore(is_same_file_with_key_parent=False, layers_from_key_parent=15, absolute_calling_index=420, absolute_layer=17, called_by=[FuncSign(filename='/django__django/django/__init__.py', lineno=8, funcname='setup'), FuncSign(filename='/django__django/django/urls/base.py', lineno=99, funcname='set_script_prefix'), FuncSign(filename='/root/miniconda3/envs/django__django__3.1/lib/python3.6/site-packages/asgiref/local.py', lineno=109, funcname='__setattr__'), FuncSign(filename='/root/miniconda3/envs/django__django__3.1/lib/python3.6/site-packages/asgiref/local.py', lineno=82, funcname='_get_storage'), FuncSign(filename='/root/miniconda3/envs/django__django__3.1/lib/python3.6/site-packages/asgiref/local.py', lineno=46, funcname='_get_context_id'), FuncSign(filename='/root/miniconda3/envs/django__django__3.1/lib/python3.6/site-packages/asgiref/sync.py', lineno=493, funcname='get_current_task'), FuncSign(filename='/root/miniconda3/envs/django__django__3.1/lib/python3.6/asyncio/events.py', lineno=682, funcname='get_event_loop'), FuncSign(filename='/root/miniconda3/envs/django__django__3.1/lib/python3.6/asyncio/events.py', lineno=591, funcname='get_event_loop'), FuncSign(filename='/root/miniconda3/envs/django__django__3.1/lib/python3.6/asyncio/events.py', lineno=611, funcname='new_event_loop'), FuncSign(filename='/root/miniconda3/envs/django__django__3.1/lib/python3.6/asyncio/unix_events.py', lineno=55, funcname='__init__'), FuncSign(filename='/root/miniconda3/envs/django__django__3.1/lib/python3.6/asyncio/selector_events.py', lineno=49, funcname='__init__'), FuncSign(filename='/root/miniconda3/envs/django__django__3.1/lib/python3.6/asyncio/selector_events.py', lineno=116, funcname='_make_self_pipe'), FuncSign(filename='/root/miniconda3/envs/django__django__3.1/lib/python3.6/asyncio/selector_events.py', lineno=249, funcname='_add_reader'), FuncSign(filename='/root/miniconda3/envs/django__django__3.1/lib/python3.6/selectors.py', lineno=179, funcname='get_key'), FuncSign(filename='/root/miniconda3/envs/django__django__3.1/lib/python3.6/selectors.py', lineno=68, funcname='__getitem__')]), (1, 15, 17, 420))
[2026-07-29 14:58:47,120 - Orcar.tracer - INFO] Func 149/151
[2026-07-29 14:58:47,120 - Orcar.tracer - INFO] (FuncSign(filename='<string>', lineno=12, funcname='__new__'), FuncScore(is_same_file_with_key_parent=False, layers_from_key_parent=15, absolute_calling_index=426, absolute_layer=17, called_by=[FuncSign(filename='/django__django/django/__init__.py', lineno=8, funcname='setup'), FuncSign(filename='/django__django/django/urls/base.py', lineno=99, funcname='set_script_prefix'), FuncSign(filename='/root/miniconda3/envs/django__django__3.1/lib/python3.6/site-packages/asgiref/local.py', lineno=109, funcname='__setattr__'), FuncSign(filename='/root/miniconda3/envs/django__django__3.1/lib/python3.6/site-packages/asgiref/local.py', lineno=82, funcname='_get_storage'), FuncSign(filename='/root/miniconda3/envs/django__django__3.1/lib/python3.6/site-packages/asgiref/local.py', lineno=46, funcname='_get_context_id'), FuncSign(filename='/root/miniconda3/envs/django__django__3.1/lib/python3.6/site-packages/asgiref/sync.py', lineno=493, funcname='get_current_task'), FuncSign(filename='/root/miniconda3/envs/django__django__3.1/lib/python3.6/asyncio/events.py', lineno=682, funcname='get_event_loop'), FuncSign(filename='/root/miniconda3/envs/django__django__3.1/lib/python3.6/asyncio/events.py', lineno=591, funcname='get_event_loop'), FuncSign(filename='/root/miniconda3/envs/django__django__3.1/lib/python3.6/asyncio/events.py', lineno=611, funcname='new_event_loop'), FuncSign(filename='/root/miniconda3/envs/django__django__3.1/lib/python3.6/asyncio/unix_events.py', lineno=55, funcname='__init__'), FuncSign(filename='/root/miniconda3/envs/django__django__3.1/lib/python3.6/asyncio/selector_events.py', lineno=49, funcname='__init__'), FuncSign(filename='/root/miniconda3/envs/django__django__3.1/lib/python3.6/asyncio/selector_events.py', lineno=116, funcname='_make_self_pipe'), FuncSign(filename='/root/miniconda3/envs/django__django__3.1/lib/python3.6/asyncio/selector_events.py', lineno=249, funcname='_add_reader'), FuncSign(filename='/root/miniconda3/envs/django__django__3.1/lib/python3.6/selectors.py', lineno=404, funcname='register'), FuncSign(filename='/root/miniconda3/envs/django__django__3.1/lib/python3.6/selectors.py', lineno=233, funcname='register')]), (1, 15, 17, 426))
[2026-07-29 14:58:47,120 - Orcar.tracer - INFO] Func 150/151
[2026-07-29 14:58:47,120 - Orcar.tracer - INFO] (FuncSign(filename='/root/miniconda3/envs/django__django__3.1/lib/python3.6/selectors.py', lineno=20, funcname='_fileobj_to_fd'), FuncScore(is_same_file_with_key_parent=False, layers_from_key_parent=16, absolute_calling_index=421, absolute_layer=18, called_by=[FuncSign(filename='/django__django/django/__init__.py', lineno=8, funcname='setup'), FuncSign(filename='/django__django/django/urls/base.py', lineno=99, funcname='set_script_prefix'), FuncSign(filename='/root/miniconda3/envs/django__django__3.1/lib/python3.6/site-packages/asgiref/local.py', lineno=109, funcname='__setattr__'), FuncSign(filename='/root/miniconda3/envs/django__django__3.1/lib/python3.6/site-packages/asgiref/local.py', lineno=82, funcname='_get_storage'), FuncSign(filename='/root/miniconda3/envs/django__django__3.1/lib/python3.6/site-packages/asgiref/local.py', lineno=46, funcname='_get_context_id'), FuncSign(filename='/root/miniconda3/envs/django__django__3.1/lib/python3.6/site-packages/asgiref/sync.py', lineno=493, funcname='get_current_task'), FuncSign(filename='/root/miniconda3/envs/django__django__3.1/lib/python3.6/asyncio/events.py', lineno=682, funcname='get_event_loop'), FuncSign(filename='/root/miniconda3/envs/django__django__3.1/lib/python3.6/asyncio/events.py', lineno=591, funcname='get_event_loop'), FuncSign(filename='/root/miniconda3/envs/django__django__3.1/lib/python3.6/asyncio/events.py', lineno=611, funcname='new_event_loop'), FuncSign(filename='/root/miniconda3/envs/django__django__3.1/lib/python3.6/asyncio/unix_events.py', lineno=55, funcname='__init__'), FuncSign(filename='/root/miniconda3/envs/django__django__3.1/lib/python3.6/asyncio/selector_events.py', lineno=49, funcname='__init__'), FuncSign(filename='/root/miniconda3/envs/django__django__3.1/lib/python3.6/asyncio/selector_events.py', lineno=116, funcname='_make_self_pipe'), FuncSign(filename='/root/miniconda3/envs/django__django__3.1/lib/python3.6/asyncio/selector_events.py', lineno=249, funcname='_add_reader'), FuncSign(filename='/root/miniconda3/envs/django__django__3.1/lib/python3.6/selectors.py', lineno=179, funcname='get_key'), FuncSign(filename='/root/miniconda3/envs/django__django__3.1/lib/python3.6/selectors.py', lineno=68, funcname='__getitem__'), FuncSign(filename='/root/miniconda3/envs/django__django__3.1/lib/python3.6/selectors.py', lineno=214, funcname='_fileobj_lookup')]), (1, 16, 18, 421))
[2026-07-29 14:58:47,121 - Orcar.tracer - INFO] Finished tracer output parsing
[2026-07-29 14:58:47,122 - Orcar.trace_analysis_agent - INFO] Tracer output 22 items for reranking
[2026-07-29 14:58:47,124 - Orcar.trace_analysis_agent - INFO] funcsign_score_list: [(FuncSign(filename='[REPO_ROOT]/work/django11999_stability/runs/no_disamb/trial_02/orcar_cache/django__django/django/conf/__init__.py', lineno=98, funcname='configure'), FuncScore(is_same_file_with_key_parent=True, layers_from_key_parent=0, absolute_calling_index=3, absolute_layer=2, called_by=[])), (FuncSign(filename='[REPO_ROOT]/work/django11999_stability/runs/no_disamb/trial_02/orcar_cache/django__django/django/__init__.py', lineno=8, funcname='setup'), FuncScore(is_same_file_with_key_parent=True, layers_from_key_parent=0, absolute_calling_index=10, absolute_layer=2, called_by=[])), (FuncSign(filename='[REPO_ROOT]/work/django11999_stability/runs/no_disamb/trial_02/orcar_cache/django__django/django/conf/__init__.py', lineno=229, funcname='__init__'), FuncScore(is_same_file_with_key_parent=True, layers_from_key_parent=1, absolute_calling_index=4, absolute_layer=3, called_by=[FuncSign(filename='[REPO_ROOT]/work/django11999_stability/runs/no_disamb/trial_02/orcar_cache/django__django/django/conf/__init__.py', lineno=98, funcname='configure')])), (FuncSign(filename='[REPO_ROOT]/work/django11999_stability/runs/no_disamb/trial_02/orcar_cache/django__django/django/conf/__init__.py', lineno=242, funcname='__setattr__'), FuncScore(is_same_file_with_key_parent=True, layers_from_key_parent=1, absolute_calling_index=6, absolute_layer=3, called_by=[FuncSign(filename='[REPO_ROOT]/work/django11999_stability/runs/no_disamb/trial_02/orcar_cache/django__django/django/conf/__init__.py', lineno=98, funcname='configure')])), (FuncSign(filename='[REPO_ROOT]/work/django11999_stability/runs/no_disamb/trial_02/orcar_cache/django__django/django/conf/__init__.py', lineno=82, funcname='__setattr__'), FuncScore(is_same_file_with_key_parent=True, layers_from_key_parent=1, absolute_calling_index=8, absolute_layer=3, called_by=[FuncSign(filename='[REPO_ROOT]/work/django11999_stability/runs/no_disamb/trial_02/orcar_cache/django__django/django/conf/__init__.py', lineno=98, funcname='configure')])), (FuncSign(filename='[REPO_ROOT]/work/django11999_stability/runs/no_disamb/trial_02/orcar_cache/django__django/django/conf/__init__.py', lineno=74, funcname='__getattr__'), FuncScore(is_same_file_with_key_parent=False, layers_from_key_parent=1, absolute_calling_index=11, absolute_layer=3, called_by=[FuncSign(filename='[REPO_ROOT]/work/django11999_stability/runs/no_disamb/trial_02/orcar_cache/django__django/django/__init__.py', lineno=8, funcname='setup')])), (FuncSign(filename='[REPO_ROOT]/work/django11999_stability/runs/no_disamb/trial_02/orcar_cache/django__django/django/utils/log.py', lineno=66, funcname='configure_logging'), FuncScore(is_same_file_with_key_parent=False, layers_from_key_parent=1, absolute_calling_index=15, absolute_layer=3, called_by=[FuncSign(filename='[REPO_ROOT]/work/django11999_stability/runs/no_disamb/trial_02/orcar_cache/django__django/django/__init__.py', lineno=8, funcname='setup')])), (FuncSign(filename='[REPO_ROOT]/work/django11999_stability/runs/no_disamb/trial_02/orcar_cache/django__django/django/urls/base.py', lineno=99, funcname='set_script_prefix'), FuncScore(is_same_file_with_key_parent=False, layers_from_key_parent=1, absolute_calling_index=379, absolute_layer=3, called_by=[FuncSign(filename='[REPO_ROOT]/work/django11999_stability/runs/no_disamb/trial_02/orcar_cache/django__django/django/__init__.py', lineno=8, funcname='setup')])), (FuncSign(filename='[REPO_ROOT]/work/django11999_stability/runs/no_disamb/trial_02/orcar_cache/django__django/django/apps/registry.py', lineno=61, funcname='populate'), FuncScore(is_same_file_with_key_parent=False, layers_from_key_parent=1, absolute_calling_index=434, absolute_layer=3, called_by=[FuncSign(filename='[REPO_ROOT]/work/django11999_stability/runs/no_disamb/trial_02/orcar_cache/django__django/django/__init__.py', lineno=8, funcname='setup')])), (FuncSign(filename='[REPO_ROOT]/work/django11999_stability/runs/no_disamb/trial_02/orcar_cache/django__django/django/utils/functional.py', lineno=260, funcname='__setattr__'), FuncScore(is_same_file_with_key_parent=False, layers_from_key_parent=2, absolute_calling_index=9, absolute_layer=4, called_by=[FuncSign(filename='[REPO_ROOT]/work/django11999_stability/runs/no_disamb/trial_02/orcar_cache/django__django/django/conf/__init__.py', lineno=98, funcname='configure'), FuncSign(filename='[REPO_ROOT]/work/django11999_stability/runs/no_disamb/trial_02/orcar_cache/django__django/django/conf/__init__.py', lineno=82, funcname='__setattr__')])), (FuncSign(filename='[REPO_ROOT]/work/django11999_stability/runs/no_disamb/trial_02/orcar_cache/django__django/django/conf/__init__.py', lineno=237, funcname='__getattr__'), FuncScore(is_same_file_with_key_parent=False, layers_from_key_parent=2, absolute_calling_index=12, absolute_layer=4, called_by=[FuncSign(filename='[REPO_ROOT]/work/django11999_stability/runs/no_disamb/trial_02/orcar_cache/django__django/django/__init__.py', lineno=8, funcname='setup'), FuncSign(filename='[REPO_ROOT]/work/django11999_stability/runs/no_disamb/trial_02/orcar_cache/django__django/django/conf/__init__.py', lineno=74, funcname='__getattr__')])), (FuncSign(filename='[REPO_ROOT]/work/django11999_stability/runs/no_disamb/trial_02/orcar_cache/django__django/django/utils/module_loading.py', lineno=7, funcname='import_string'), FuncScore(is_same_file_with_key_parent=False, layers_from_key_parent=2, absolute_calling_index=16, absolute_layer=4, called_by=[FuncSign(filename='[REPO_ROOT]/work/django11999_stability/runs/no_disamb/trial_02/orcar_cache/django__django/django/__init__.py', lineno=8, funcname='setup'), FuncSign(filename='[REPO_ROOT]/work/django11999_stability/runs/no_disamb/trial_02/orcar_cache/django__django/django/utils/log.py', lineno=66, funcname='configure_logging')])), (FuncSign(filename='[REPO_ROOT]/work/django11999_stability/runs/no_disamb/trial_02/orcar_cache/django__django/django/apps/registry.py', lineno=362, funcname='clear_cache'), FuncScore(is_same_file_with_key_parent=False, layers_from_key_parent=2, absolute_calling_index=837, absolute_layer=4, called_by=[FuncSign(filename='[REPO_ROOT]/work/django11999_stability/runs/no_disamb/trial_02/orcar_cache/django__django/django/__init__.py', lineno=8, funcname='setup'), FuncSign(filename='[REPO_ROOT]/work/django11999_stability/runs/no_disamb/trial_02/orcar_cache/django__django/django/apps/registry.py', lineno=61, funcname='populate')])), (FuncSign(filename='[REPO_ROOT]/work/django11999_stability/runs/no_disamb/trial_02/orcar_cache/django__django/django/apps/registry.py', lineno=142, funcname='get_app_configs'), FuncScore(is_same_file_with_key_parent=False, layers_from_key_parent=2, absolute_calling_index=838, absolute_layer=4, called_by=[FuncSign(filename='[REPO_ROOT]/work/django11999_stability/runs/no_disamb/trial_02/orcar_cache/django__django/django/__init__.py', lineno=8, funcname='setup'), FuncSign(filename='[REPO_ROOT]/work/django11999_stability/runs/no_disamb/trial_02/orcar_cache/django__django/django/apps/registry.py', lineno=61, funcname='populate')])), (FuncSign(filename='[REPO_ROOT]/work/django11999_stability/runs/no_disamb/trial_02/orcar_cache/django__django/django/apps/registry.py', lineno=127, funcname='check_apps_ready'), FuncScore(is_same_file_with_key_parent=False, layers_from_key_parent=3, absolute_calling_index=839, absolute_layer=5, called_by=[FuncSign(filename='[REPO_ROOT]/work/django11999_stability/runs/no_disamb/trial_02/orcar_cache/django__django/django/__init__.py', lineno=8, funcname='setup'), FuncSign(filename='[REPO_ROOT]/work/django11999_stability/runs/no_disamb/trial_02/orcar_cache/django__django/django/apps/registry.py', lineno=61, funcname='populate'), FuncSign(filename='[REPO_ROOT]/work/django11999_stability/runs/no_disamb/trial_02/orcar_cache/django__django/django/apps/registry.py', lineno=142, funcname='get_app_configs')])), (FuncSign(filename='[REPO_ROOT]/work/django11999_stability/runs/no_disamb/trial_02/orcar_cache/django__django/django/utils/log.py', lineno=85, funcname='__init__'), FuncScore(is_same_file_with_key_parent=False, layers_from_key_parent=5, absolute_calling_index=254, absolute_layer=7, called_by=[FuncSign(filename='[REPO_ROOT]/work/django11999_stability/runs/no_disamb/trial_02/orcar_cache/django__django/django/__init__.py', lineno=8, funcname='setup'), FuncSign(filename='[REPO_ROOT]/work/django11999_stability/runs/no_disamb/trial_02/orcar_cache/django__django/django/utils/log.py', lineno=66, funcname='configure_logging'), FuncSign(filename='[REPO_ROOT]/work/django11999_stability/runs/no_disamb/trial_02/orcar_cache/root/miniconda3/envs/django__django__3.1/lib/python3.6/logging/config.py', lineno=800, funcname='dictConfig'), FuncSign(filename='[REPO_ROOT]/work/django11999_stability/runs/no_disamb/trial_02/orcar_cache/root/miniconda3/envs/django__django__3.1/lib/python3.6/logging/config.py', lineno=493, funcname='configure'), FuncSign(filename='[REPO_ROOT]/work/django11999_stability/runs/no_disamb/trial_02/orcar_cache/root/miniconda3/envs/django__django__3.1/lib/python3.6/logging/config.py', lineno=696, funcname='configure_handler')])), (FuncSign(filename='[REPO_ROOT]/work/django11999_stability/runs/no_disamb/trial_02/orcar_cache/django__django/django/utils/log.py', lineno=163, funcname='__init__'), FuncScore(is_same_file_with_key_parent=False, layers_from_key_parent=6, absolute_calling_index=73, absolute_layer=8, called_by=[FuncSign(filename='[REPO_ROOT]/work/django11999_stability/runs/no_disamb/trial_02/orcar_cache/django__django/django/__init__.py', lineno=8, funcname='setup'), FuncSign(filename='[REPO_ROOT]/work/django11999_stability/runs/no_disamb/trial_02/orcar_cache/django__django/django/utils/log.py', lineno=66, funcname='configure_logging'), FuncSign(filename='[REPO_ROOT]/work/django11999_stability/runs/no_disamb/trial_02/orcar_cache/root/miniconda3/envs/django__django__3.1/lib/python3.6/logging/config.py', lineno=800, funcname='dictConfig'), FuncSign(filename='[REPO_ROOT]/work/django11999_stability/runs/no_disamb/trial_02/orcar_cache/root/miniconda3/envs/django__django__3.1/lib/python3.6/logging/config.py', lineno=493, funcname='configure'), FuncSign(filename='[REPO_ROOT]/work/django11999_stability/runs/no_disamb/trial_02/orcar_cache/root/miniconda3/envs/django__django__3.1/lib/python3.6/logging/config.py', lineno=651, funcname='configure_formatter'), FuncSign(filename='[REPO_ROOT]/work/django11999_stability/runs/no_disamb/trial_02/orcar_cache/root/miniconda3/envs/django__django__3.1/lib/python3.6/logging/config.py', lineno=467, funcname='configure_custom')])), (FuncSign(filename='[REPO_ROOT]/work/django11999_stability/runs/no_disamb/trial_02/orcar_cache/django__django/django/core/management/color.py', lineno=67, funcname='color_style'), FuncScore(is_same_file_with_key_parent=False, layers_from_key_parent=7, absolute_calling_index=74, absolute_layer=9, called_by=[FuncSign(filename='[REPO_ROOT]/work/django11999_stability/runs/no_disamb/trial_02/orcar_cache/django__django/django/__init__.py', lineno=8, funcname='setup'), FuncSign(filename='[REPO_ROOT]/work/django11999_stability/runs/no_disamb/trial_02/orcar_cache/django__django/django/utils/log.py', lineno=66, funcname='configure_logging'), FuncSign(filename='[REPO_ROOT]/work/django11999_stability/runs/no_disamb/trial_02/orcar_cache/root/miniconda3/envs/django__django__3.1/lib/python3.6/logging/config.py', lineno=800, funcname='dictConfig'), FuncSign(filename='[REPO_ROOT]/work/django11999_stability/runs/no_disamb/trial_02/orcar_cache/root/miniconda3/envs/django__django__3.1/lib/python3.6/logging/config.py', lineno=493, funcname='configure'), FuncSign(filename='[REPO_ROOT]/work/django11999_stability/runs/no_disamb/trial_02/orcar_cache/root/miniconda3/envs/django__django__3.1/lib/python3.6/logging/config.py', lineno=651, funcname='configure_formatter'), FuncSign(filename='[REPO_ROOT]/work/django11999_stability/runs/no_disamb/trial_02/orcar_cache/root/miniconda3/envs/django__django__3.1/lib/python3.6/logging/config.py', lineno=467, funcname='configure_custom'), FuncSign(filename='[REPO_ROOT]/work/django11999_stability/runs/no_disamb/trial_02/orcar_cache/django__django/django/utils/log.py', lineno=163, funcname='__init__')])), (FuncSign(filename='[REPO_ROOT]/work/django11999_stability/runs/no_disamb/trial_02/orcar_cache/django__django/django/core/management/color.py', lineno=12, funcname='supports_color'), FuncScore(is_same_file_with_key_parent=False, layers_from_key_parent=8, absolute_calling_index=75, absolute_layer=10, called_by=[FuncSign(filename='[REPO_ROOT]/work/django11999_stability/runs/no_disamb/trial_02/orcar_cache/django__django/django/__init__.py', lineno=8, funcname='setup'), FuncSign(filename='[REPO_ROOT]/work/django11999_stability/runs/no_disamb/trial_02/orcar_cache/django__django/django/utils/log.py', lineno=66, funcname='configure_logging'), FuncSign(filename='[REPO_ROOT]/work/django11999_stability/runs/no_disamb/trial_02/orcar_cache/root/miniconda3/envs/django__django__3.1/lib/python3.6/logging/config.py', lineno=800, funcname='dictConfig'), FuncSign(filename='[REPO_ROOT]/work/django11999_stability/runs/no_disamb/trial_02/orcar_cache/root/miniconda3/envs/django__django__3.1/lib/python3.6/logging/config.py', lineno=493, funcname='configure'), FuncSign(filename='[REPO_ROOT]/work/django11999_stability/runs/no_disamb/trial_02/orcar_cache/root/miniconda3/envs/django__django__3.1/lib/python3.6/logging/config.py', lineno=651, funcname='configure_formatter'), FuncSign(filename='[REPO_ROOT]/work/django11999_stability/runs/no_disamb/trial_02/orcar_cache/root/miniconda3/envs/django__django__3.1/lib/python3.6/logging/config.py', lineno=467, funcname='configure_custom'), FuncSign(filename='[REPO_ROOT]/work/django11999_stability/runs/no_disamb/trial_02/orcar_cache/django__django/django/utils/log.py', lineno=163, funcname='__init__'), FuncSign(filename='[REPO_ROOT]/work/django11999_stability/runs/no_disamb/trial_02/orcar_cache/django__django/django/core/management/color.py', lineno=67, funcname='color_style')])), (FuncSign(filename='[REPO_ROOT]/work/django11999_stability/runs/no_disamb/trial_02/orcar_cache/django__django/django/core/management/color.py', lineno=59, funcname='no_style'), FuncScore(is_same_file_with_key_parent=False, layers_from_key_parent=8, absolute_calling_index=76, absolute_layer=10, called_by=[FuncSign(filename='[REPO_ROOT]/work/django11999_stability/runs/no_disamb/trial_02/orcar_cache/django__django/django/__init__.py', lineno=8, funcname='setup'), FuncSign(filename='[REPO_ROOT]/work/django11999_stability/runs/no_disamb/trial_02/orcar_cache/django__django/django/utils/log.py', lineno=66, funcname='configure_logging'), FuncSign(filename='[REPO_ROOT]/work/django11999_stability/runs/no_disamb/trial_02/orcar_cache/root/miniconda3/envs/django__django__3.1/lib/python3.6/logging/config.py', lineno=800, funcname='dictConfig'), FuncSign(filename='[REPO_ROOT]/work/django11999_stability/runs/no_disamb/trial_02/orcar_cache/root/miniconda3/envs/django__django__3.1/lib/python3.6/logging/config.py', lineno=493, funcname='configure'), FuncSign(filename='[REPO_ROOT]/work/django11999_stability/runs/no_disamb/trial_02/orcar_cache/root/miniconda3/envs/django__django__3.1/lib/python3.6/logging/config.py', lineno=651, funcname='configure_formatter'), FuncSign(filename='[REPO_ROOT]/work/django11999_stability/runs/no_disamb/trial_02/orcar_cache/root/miniconda3/envs/django__django__3.1/lib/python3.6/logging/config.py', lineno=467, funcname='configure_custom'), FuncSign(filename='[REPO_ROOT]/work/django11999_stability/runs/no_disamb/trial_02/orcar_cache/django__django/django/utils/log.py', lineno=163, funcname='__init__'), FuncSign(filename='[REPO_ROOT]/work/django11999_stability/runs/no_disamb/trial_02/orcar_cache/django__django/django/core/management/color.py', lineno=67, funcname='color_style')])), (FuncSign(filename='[REPO_ROOT]/work/django11999_stability/runs/no_disamb/trial_02/orcar_cache/django__django/django/core/management/color.py', lineno=29, funcname='make_style'), FuncScore(is_same_file_with_key_parent=False, layers_from_key_parent=9, absolute_calling_index=77, absolute_layer=11, called_by=[FuncSign(filename='[REPO_ROOT]/work/django11999_stability/runs/no_disamb/trial_02/orcar_cache/django__django/django/__init__.py', lineno=8, funcname='setup'), FuncSign(filename='[REPO_ROOT]/work/django11999_stability/runs/no_disamb/trial_02/orcar_cache/django__django/django/utils/log.py', lineno=66, funcname='configure_logging'), FuncSign(filename='[REPO_ROOT]/work/django11999_stability/runs/no_disamb/trial_02/orcar_cache/root/miniconda3/envs/django__django__3.1/lib/python3.6/logging/config.py', lineno=800, funcname='dictConfig'), FuncSign(filename='[REPO_ROOT]/work/django11999_stability/runs/no_disamb/trial_02/orcar_cache/root/miniconda3/envs/django__django__3.1/lib/python3.6/logging/config.py', lineno=493, funcname='configure'), FuncSign(filename='[REPO_ROOT]/work/django11999_stability/runs/no_disamb/trial_02/orcar_cache/root/miniconda3/envs/django__django__3.1/lib/python3.6/logging/config.py', lineno=651, funcname='configure_formatter'), FuncSign(filename='[REPO_ROOT]/work/django11999_stability/runs/no_disamb/trial_02/orcar_cache/root/miniconda3/envs/django__django__3.1/lib/python3.6/logging/config.py', lineno=467, funcname='configure_custom'), FuncSign(filename='[REPO_ROOT]/work/django11999_stability/runs/no_disamb/trial_02/orcar_cache/django__django/django/utils/log.py', lineno=163, funcname='__init__'), FuncSign(filename='[REPO_ROOT]/work/django11999_stability/runs/no_disamb/trial_02/orcar_cache/django__django/django/core/management/color.py', lineno=67, funcname='color_style'), FuncSign(filename='[REPO_ROOT]/work/django11999_stability/runs/no_disamb/trial_02/orcar_cache/django__django/django/core/management/color.py', lineno=59, funcname='no_style')])), (FuncSign(filename='[REPO_ROOT]/work/django11999_stability/runs/no_disamb/trial_02/orcar_cache/django__django/django/utils/termcolors.py', lineno=137, funcname='parse_color_setting'), FuncScore(is_same_file_with_key_parent=False, layers_from_key_parent=10, absolute_calling_index=78, absolute_layer=12, called_by=[FuncSign(filename='[REPO_ROOT]/work/django11999_stability/runs/no_disamb/trial_02/orcar_cache/django__django/django/__init__.py', lineno=8, funcname='setup'), FuncSign(filename='[REPO_ROOT]/work/django11999_stability/runs/no_disamb/trial_02/orcar_cache/django__django/django/utils/log.py', lineno=66, funcname='configure_logging'), FuncSign(filename='[REPO_ROOT]/work/django11999_stability/runs/no_disamb/trial_02/orcar_cache/root/miniconda3/envs/django__django__3.1/lib/python3.6/logging/config.py', lineno=800, funcname='dictConfig'), FuncSign(filename='[REPO_ROOT]/work/django11999_stability/runs/no_disamb/trial_02/orcar_cache/root/miniconda3/envs/django__django__3.1/lib/python3.6/logging/config.py', lineno=493, funcname='configure'), FuncSign(filename='[REPO_ROOT]/work/django11999_stability/runs/no_disamb/trial_02/orcar_cache/root/miniconda3/envs/django__django__3.1/lib/python3.6/logging/config.py', lineno=651, funcname='configure_formatter'), FuncSign(filename='[REPO_ROOT]/work/django11999_stability/runs/no_disamb/trial_02/orcar_cache/root/miniconda3/envs/django__django__3.1/lib/python3.6/logging/config.py', lineno=467, funcname='configure_custom'), FuncSign(filename='[REPO_ROOT]/work/django11999_stability/runs/no_disamb/trial_02/orcar_cache/django__django/django/utils/log.py', lineno=163, funcname='__init__'), FuncSign(filename='[REPO_ROOT]/work/django11999_stability/runs/no_disamb/trial_02/orcar_cache/django__django/django/core/management/color.py', lineno=67, funcname='color_style'), FuncSign(filename='[REPO_ROOT]/work/django11999_stability/runs/no_disamb/trial_02/orcar_cache/django__django/django/core/management/color.py', lineno=59, funcname='no_style'), FuncSign(filename='[REPO_ROOT]/work/django11999_stability/runs/no_disamb/trial_02/orcar_cache/django__django/django/core/management/color.py', lineno=29, funcname='make_style')]))]
[2026-07-29 14:59:01,702 - Orcar.code_scorer - INFO] Total batch chat time: 14.46s
[2026-07-29 14:59:01,702 - Orcar.code_scorer - INFO] in_token_cnt=421 out_token_cnt=1
[2026-07-29 14:59:01,702 - Orcar.code_scorer - INFO] in_token_cnt=433 out_token_cnt=1
[2026-07-29 14:59:01,702 - Orcar.code_scorer - INFO] in_token_cnt=355 out_token_cnt=1
[2026-07-29 14:59:01,703 - Orcar.code_scorer - INFO] in_token_cnt=380 out_token_cnt=1
[2026-07-29 14:59:01,703 - Orcar.code_scorer - INFO] in_token_cnt=382 out_token_cnt=1
[2026-07-29 14:59:01,703 - Orcar.code_scorer - INFO] in_token_cnt=364 out_token_cnt=1
[2026-07-29 14:59:01,703 - Orcar.code_scorer - INFO] in_token_cnt=363 out_token_cnt=1
[2026-07-29 14:59:01,703 - Orcar.code_scorer - INFO] in_token_cnt=338 out_token_cnt=1
[2026-07-29 14:59:01,703 - Orcar.code_scorer - INFO] in_token_cnt=729 out_token_cnt=1
[2026-07-29 14:59:01,703 - Orcar.code_scorer - INFO] in_token_cnt=377 out_token_cnt=1
[2026-07-29 14:59:01,703 - Orcar.code_scorer - INFO] in_token_cnt=343 out_token_cnt=1
[2026-07-29 14:59:01,703 - Orcar.code_scorer - INFO] in_token_cnt=448 out_token_cnt=1
[2026-07-29 14:59:01,703 - Orcar.code_scorer - INFO] in_token_cnt=432 out_token_cnt=1
[2026-07-29 14:59:01,703 - Orcar.code_scorer - INFO] in_token_cnt=335 out_token_cnt=1
[2026-07-29 14:59:01,703 - Orcar.code_scorer - INFO] in_token_cnt=398 out_token_cnt=1
[2026-07-29 14:59:01,703 - Orcar.code_scorer - INFO] in_token_cnt=376 out_token_cnt=1
[2026-07-29 14:59:01,704 - Orcar.code_scorer - INFO] in_token_cnt=352 out_token_cnt=1
[2026-07-29 14:59:01,704 - Orcar.code_scorer - INFO] in_token_cnt=379 out_token_cnt=1
[2026-07-29 14:59:01,704 - Orcar.code_scorer - INFO] in_token_cnt=435 out_token_cnt=1
[2026-07-29 14:59:01,704 - Orcar.code_scorer - INFO] in_token_cnt=369 out_token_cnt=1
[2026-07-29 14:59:01,704 - Orcar.code_scorer - INFO] in_token_cnt=522 out_token_cnt=1
[2026-07-29 14:59:01,704 - Orcar.code_scorer - INFO] in_token_cnt=995 out_token_cnt=1
[2026-07-29 14:59:01,704 - Orcar.tracer_reranker - INFO] Func 01/22
[2026-07-29 14:59:01,704 - Orcar.tracer_reranker - INFO] filename='[REPO_ROOT]/work/django11999_stability/runs/no_disamb/trial_02/orcar_cache/django__django/django/conf/__init__.py' lineno=98 funcname='configure' classname='LazySettings'
[2026-07-29 14:59:01,705 - Orcar.tracer_reranker - INFO] LLM score: 0 / 100
[2026-07-29 14:59:01,705 - Orcar.tracer_reranker - INFO]     def configure(self, default_settings=global_settings, **options):
        """
        Called to manually configure the settings. The 'default_settings'
        parameter sets where to retrieve any unspecified values from (its
        argument must support attribute access (__getattr__)).
        """
        if self._wrapped is not empty:
            raise RuntimeError('Settings already configured.')
        holder = UserSettingsHolder(default_settings)
        for name, value in options.items():
            if not name.isupper():
                raise TypeError('Setting %r must be uppercase.' % name)
            setattr(holder, name, value)
        self._wrapped = holder

[2026-07-29 14:59:01,705 - Orcar.tracer_reranker - INFO] Func 02/22
[2026-07-29 14:59:01,705 - Orcar.tracer_reranker - INFO] filename='[REPO_ROOT]/work/django11999_stability/runs/no_disamb/trial_02/orcar_cache/django__django/django/__init__.py' lineno=8 funcname='setup' classname=''
[2026-07-29 14:59:01,705 - Orcar.tracer_reranker - INFO] LLM score: 1 / 100
[2026-07-29 14:59:01,705 - Orcar.tracer_reranker - INFO] def setup(set_prefix=True):
    """
    Configure the settings (this happens as a side effect of accessing the
    first setting), configure logging and populate the app registry.
    Set the thread-local urlresolvers script prefix if `set_prefix` is True.
    """
    from django.apps import apps
    from django.conf import settings
    from django.urls import set_script_prefix
    from django.utils.log import configure_logging

    configure_logging(settings.LOGGING_CONFIG, settings.LOGGING)
    if set_prefix:
        set_script_prefix(
            '/' if settings.FORCE_SCRIPT_NAME is None else settings.FORCE_SCRIPT_NAME
        )
    apps.populate(settings.INSTALLED_APPS)

[2026-07-29 14:59:01,705 - Orcar.tracer_reranker - INFO] Func 03/22
[2026-07-29 14:59:01,705 - Orcar.tracer_reranker - INFO] filename='[REPO_ROOT]/work/django11999_stability/runs/no_disamb/trial_02/orcar_cache/django__django/django/conf/__init__.py' lineno=229 funcname='__init__' classname='UserSettingsHolder'
[2026-07-29 14:59:01,705 - Orcar.tracer_reranker - INFO] LLM score: 2 / 100
[2026-07-29 14:59:01,705 - Orcar.tracer_reranker - INFO]     def __init__(self, default_settings):
        """
        Requests for configuration variables not in this class are satisfied
        from the module specified in default_settings (if possible).
        """
        self.__dict__['_deleted'] = set()
        self.default_settings = default_settings

[2026-07-29 14:59:01,705 - Orcar.tracer_reranker - INFO] Func 04/22
[2026-07-29 14:59:01,705 - Orcar.tracer_reranker - INFO] filename='[REPO_ROOT]/work/django11999_stability/runs/no_disamb/trial_02/orcar_cache/django__django/django/conf/__init__.py' lineno=242 funcname='__setattr__' classname='UserSettingsHolder'
[2026-07-29 14:59:01,705 - Orcar.tracer_reranker - INFO] LLM score: 3 / 100
[2026-07-29 14:59:01,705 - Orcar.tracer_reranker - INFO]     def __setattr__(self, name, value):
        self._deleted.discard(name)
        if name == 'PASSWORD_RESET_TIMEOUT_DAYS':
            setattr(self, 'PASSWORD_RESET_TIMEOUT', value * 60 * 60 * 24)
            warnings.warn(PASSWORD_RESET_TIMEOUT_DAYS_DEPRECATED_MSG, RemovedInDjango40Warning)
        super().__setattr__(name, value)

[2026-07-29 14:59:01,705 - Orcar.tracer_reranker - INFO] Func 05/22
[2026-07-29 14:59:01,706 - Orcar.tracer_reranker - INFO] filename='[REPO_ROOT]/work/django11999_stability/runs/no_disamb/trial_02/orcar_cache/django__django/django/conf/__init__.py' lineno=82 funcname='__setattr__' classname='LazySettings'
[2026-07-29 14:59:01,706 - Orcar.tracer_reranker - INFO] LLM score: 2 / 100
[2026-07-29 14:59:01,706 - Orcar.tracer_reranker - INFO]     def __setattr__(self, name, value):
        """
        Set the value of setting. Clear all cached values if _wrapped changes
        (@override_settings does this) or clear single values when set.
        """
        if name == '_wrapped':
            self.__dict__.clear()
        else:
            self.__dict__.pop(name, None)
        super().__setattr__(name, value)

[2026-07-29 14:59:01,706 - Orcar.tracer_reranker - INFO] Func 06/22
[2026-07-29 14:59:01,706 - Orcar.tracer_reranker - INFO] filename='[REPO_ROOT]/work/django11999_stability/runs/no_disamb/trial_02/orcar_cache/django__django/django/conf/__init__.py' lineno=74 funcname='__getattr__' classname='LazySettings'
[2026-07-29 14:59:01,706 - Orcar.tracer_reranker - INFO] LLM score: 3 / 100
[2026-07-29 14:59:01,706 - Orcar.tracer_reranker - INFO]     def __getattr__(self, name):
        """Return the value of a setting and cache it in self.__dict__."""
        if self._wrapped is empty:
            self._setup(name)
        val = getattr(self._wrapped, name)
        self.__dict__[name] = val
        return val

[2026-07-29 14:59:01,706 - Orcar.tracer_reranker - INFO] Func 07/22
[2026-07-29 14:59:01,706 - Orcar.tracer_reranker - INFO] filename='[REPO_ROOT]/work/django11999_stability/runs/no_disamb/trial_02/orcar_cache/django__django/django/utils/log.py' lineno=66 funcname='configure_logging' classname=''
[2026-07-29 14:59:01,706 - Orcar.tracer_reranker - INFO] LLM score: 0 / 100
[2026-07-29 14:59:01,706 - Orcar.tracer_reranker - INFO] def configure_logging(logging_config, logging_settings):
    if logging_config:
        # First find the logging configuration function ...
        logging_config_func = import_string(logging_config)

        logging.config.dictConfig(DEFAULT_LOGGING)

        # ... then invoke it with the logging settings
        if logging_settings:
            logging_config_func(logging_settings)

[2026-07-29 14:59:01,706 - Orcar.tracer_reranker - INFO] Func 08/22
[2026-07-29 14:59:01,706 - Orcar.tracer_reranker - INFO] filename='[REPO_ROOT]/work/django11999_stability/runs/no_disamb/trial_02/orcar_cache/django__django/django/urls/base.py' lineno=99 funcname='set_script_prefix' classname=''
[2026-07-29 14:59:01,706 - Orcar.tracer_reranker - INFO] LLM score: 1 / 100
[2026-07-29 14:59:01,706 - Orcar.tracer_reranker - INFO] def set_script_prefix(prefix):
    """
    Set the script prefix for the current thread.
    """
    if not prefix.endswith('/'):
        prefix += '/'
    _prefixes.value = prefix

[2026-07-29 14:59:01,707 - Orcar.tracer_reranker - INFO] Func 09/22
[2026-07-29 14:59:01,707 - Orcar.tracer_reranker - INFO] filename='[REPO_ROOT]/work/django11999_stability/runs/no_disamb/trial_02/orcar_cache/django__django/django/apps/registry.py' lineno=61 funcname='populate' classname='Apps'
[2026-07-29 14:59:01,707 - Orcar.tracer_reranker - INFO] LLM score: 3 / 100
[2026-07-29 14:59:01,707 - Orcar.tracer_reranker - INFO]     def populate(self, installed_apps=None):
        """
        Load application configurations and models.

        Import each application module and then each model module.

        It is thread-safe and idempotent, but not reentrant.
        """
        if self.ready:
            return

        # populate() might be called by two threads in parallel on servers
        # that create threads before initializing the WSGI callable.
        with self._lock:
            if self.ready:
                return

            # An RLock prevents other threads from entering this section. The
            # compare and set operation below is atomic.
            if self.loading:
                # Prevent reentrant calls to avoid running AppConfig.ready()
                # methods twice.
                raise RuntimeError("populate() isn't reentrant")
            self.loading = True

            # Phase 1: initialize app configs and import app modules.
            for entry in installed_apps:
                if isinstance(entry, AppConfig):
                    app_config = entry
                else:
                    app_config = AppConfig.create(entry)
                if app_config.label in self.app_configs:
                    raise ImproperlyConfigured(
                        "Application labels aren't unique, "
                        "duplicates: %s" % app_config.label)

                self.app_configs[app_config.label] = app_config
                app_config.apps = self

            # Check for duplicate app names.
            counts = Counter(
                app_config.name for app_config in self.app_configs.values())
            duplicates = [
                name for name, count in counts.most_common() if count > 1]
            if duplicates:
                raise ImproperlyConfigured(
                    "Application names aren't unique, "
                    "duplicates: %s" % ", ".join(duplicates))

            self.apps_ready = True

            # Phase 2: import models modules.
            for app_config in self.app_configs.values():
                app_config.import_models()

            self.clear_cache()

            self.models_ready = True

            # Phase 3: run ready() methods of app configs.
            for app_config in self.get_app_configs():
                app_config.ready()

            self.ready = True
            self.ready_event.set()

[2026-07-29 14:59:01,707 - Orcar.tracer_reranker - INFO] Func 10/22
[2026-07-29 14:59:01,707 - Orcar.tracer_reranker - INFO] filename='[REPO_ROOT]/work/django11999_stability/runs/no_disamb/trial_02/orcar_cache/django__django/django/utils/functional.py' lineno=260 funcname='__setattr__' classname='LazyObject'
[2026-07-29 14:59:01,707 - Orcar.tracer_reranker - INFO] LLM score: 3 / 100
[2026-07-29 14:59:01,707 - Orcar.tracer_reranker - INFO]     def __setattr__(self, name, value):
        if name == "_wrapped":
            # Assign to __dict__ to avoid infinite __setattr__ loops.
            self.__dict__["_wrapped"] = value
        else:
            if self._wrapped is empty:
                self._setup()
            setattr(self._wrapped, name, value)

[2026-07-29 14:59:01,707 - Orcar.tracer_reranker - INFO] Func 11/22
[2026-07-29 14:59:01,707 - Orcar.tracer_reranker - INFO] filename='[REPO_ROOT]/work/django11999_stability/runs/no_disamb/trial_02/orcar_cache/django__django/django/conf/__init__.py' lineno=237 funcname='__getattr__' classname='UserSettingsHolder'
[2026-07-29 14:59:01,707 - Orcar.tracer_reranker - INFO] LLM score: 4 / 100
[2026-07-29 14:59:01,707 - Orcar.tracer_reranker - INFO]     def __getattr__(self, name):
        if not name.isupper() or name in self._deleted:
            raise AttributeError
        return getattr(self.default_settings, name)

[2026-07-29 14:59:01,707 - Orcar.tracer_reranker - INFO] Func 12/22
[2026-07-29 14:59:01,707 - Orcar.tracer_reranker - INFO] filename='[REPO_ROOT]/work/django11999_stability/runs/no_disamb/trial_02/orcar_cache/django__django/django/utils/module_loading.py' lineno=7 funcname='import_string' classname=''
[2026-07-29 14:59:01,708 - Orcar.tracer_reranker - INFO] LLM score: 1 / 100
[2026-07-29 14:59:01,708 - Orcar.tracer_reranker - INFO] def import_string(dotted_path):
    """
    Import a dotted module path and return the attribute/class designated by the
    last name in the path. Raise ImportError if the import failed.
    """
    try:
        module_path, class_name = dotted_path.rsplit('.', 1)
    except ValueError as err:
        raise ImportError("%s doesn't look like a module path" % dotted_path) from err

    module = import_module(module_path)

    try:
        return getattr(module, class_name)
    except AttributeError as err:
        raise ImportError('Module "%s" does not define a "%s" attribute/class' % (
            module_path, class_name)
        ) from err

[2026-07-29 14:59:01,708 - Orcar.tracer_reranker - INFO] Func 13/22
[2026-07-29 14:59:01,708 - Orcar.tracer_reranker - INFO] filename='[REPO_ROOT]/work/django11999_stability/runs/no_disamb/trial_02/orcar_cache/django__django/django/apps/registry.py' lineno=362 funcname='clear_cache' classname='Apps'
[2026-07-29 14:59:01,708 - Orcar.tracer_reranker - INFO] LLM score: 5 / 100
[2026-07-29 14:59:01,708 - Orcar.tracer_reranker - INFO]     def clear_cache(self):
        """
        Clear all internal caches, for methods that alter the app registry.

        This is mostly used in tests.
        """
        # Call expire cache on each model. This will purge
        # the relation tree and the fields cache.
        self.get_models.cache_clear()
        if self.ready:
            # Circumvent self.get_models() to prevent that the cache is refilled.
            # This particularly prevents that an empty value is cached while cloning.
            for app_config in self.app_configs.values():
                for model in app_config.get_models(include_auto_created=True):
                    model._meta._expire_cache()

[2026-07-29 14:59:01,708 - Orcar.tracer_reranker - INFO] Func 14/22
[2026-07-29 14:59:01,708 - Orcar.tracer_reranker - INFO] filename='[REPO_ROOT]/work/django11999_stability/runs/no_disamb/trial_02/orcar_cache/django__django/django/apps/registry.py' lineno=142 funcname='get_app_configs' classname='Apps'
[2026-07-29 14:59:01,708 - Orcar.tracer_reranker - INFO] LLM score: 2 / 100
[2026-07-29 14:59:01,708 - Orcar.tracer_reranker - INFO]     def get_app_configs(self):
        """Import applications and return an iterable of app configs."""
        self.check_apps_ready()
        return self.app_configs.values()

[2026-07-29 14:59:01,708 - Orcar.tracer_reranker - INFO] Func 15/22
[2026-07-29 14:59:01,708 - Orcar.tracer_reranker - INFO] filename='[REPO_ROOT]/work/django11999_stability/runs/no_disamb/trial_02/orcar_cache/django__django/django/apps/registry.py' lineno=127 funcname='check_apps_ready' classname='Apps'
[2026-07-29 14:59:01,708 - Orcar.tracer_reranker - INFO] LLM score: 2 / 100
[2026-07-29 14:59:01,708 - Orcar.tracer_reranker - INFO]     def check_apps_ready(self):
        """Raise an exception if all apps haven't been imported yet."""
        if not self.apps_ready:
            from django.conf import settings
            # If "not ready" is due to unconfigured settings, accessing
            # INSTALLED_APPS raises a more helpful ImproperlyConfigured
            # exception.
            settings.INSTALLED_APPS
            raise AppRegistryNotReady("Apps aren't loaded yet.")

[2026-07-29 14:59:01,708 - Orcar.tracer_reranker - INFO] Func 16/22
[2026-07-29 14:59:01,709 - Orcar.tracer_reranker - INFO] filename='[REPO_ROOT]/work/django11999_stability/runs/no_disamb/trial_02/orcar_cache/django__django/django/utils/log.py' lineno=85 funcname='__init__' classname='AdminEmailHandler'
[2026-07-29 14:59:01,709 - Orcar.tracer_reranker - INFO] LLM score: 1 / 100
[2026-07-29 14:59:01,709 - Orcar.tracer_reranker - INFO]     def __init__(self, include_html=False, email_backend=None, reporter_class=None):
        super().__init__()
        self.include_html = include_html
        self.email_backend = email_backend
        self.reporter_class = import_string(reporter_class or 'django.views.debug.ExceptionReporter')

[2026-07-29 14:59:01,709 - Orcar.tracer_reranker - INFO] Func 17/22
[2026-07-29 14:59:01,709 - Orcar.tracer_reranker - INFO] filename='[REPO_ROOT]/work/django11999_stability/runs/no_disamb/trial_02/orcar_cache/django__django/django/utils/log.py' lineno=163 funcname='__init__' classname='ServerFormatter'
[2026-07-29 14:59:01,709 - Orcar.tracer_reranker - INFO] LLM score: 0 / 100
[2026-07-29 14:59:01,709 - Orcar.tracer_reranker - INFO]     def __init__(self, *args, **kwargs):
        self.style = color_style()
        super().__init__(*args, **kwargs)

[2026-07-29 14:59:01,709 - Orcar.tracer_reranker - INFO] Func 18/22
[2026-07-29 14:59:01,709 - Orcar.tracer_reranker - INFO] filename='[REPO_ROOT]/work/django11999_stability/runs/no_disamb/trial_02/orcar_cache/django__django/django/core/management/color.py' lineno=67 funcname='color_style' classname='Style'
[2026-07-29 14:59:01,709 - Orcar.tracer_reranker - INFO] LLM score: 2 / 100
[2026-07-29 14:59:01,709 - Orcar.tracer_reranker - INFO] def color_style(force_color=False):
    """
    Return a Style object from the Django color scheme.
    """
    if not force_color and not supports_color():
        return no_style()
    return make_style(os.environ.get('DJANGO_COLORS', ''))

[2026-07-29 14:59:01,709 - Orcar.tracer_reranker - INFO] Func 19/22
[2026-07-29 14:59:01,709 - Orcar.tracer_reranker - INFO] filename='[REPO_ROOT]/work/django11999_stability/runs/no_disamb/trial_02/orcar_cache/django__django/django/core/management/color.py' lineno=12 funcname='supports_color' classname=''
[2026-07-29 14:59:01,710 - Orcar.tracer_reranker - INFO] LLM score: 1 / 100
[2026-07-29 14:59:01,710 - Orcar.tracer_reranker - INFO] def supports_color():
    """
    Return True if the running system's terminal supports color,
    and False otherwise.
    """
    plat = sys.platform
    supported_platform = plat != 'Pocket PC' and (plat != 'win32' or 'ANSICON' in os.environ)

    # isatty is not always implemented, #6223.
    is_a_tty = hasattr(sys.stdout, 'isatty') and sys.stdout.isatty()
    return supported_platform and is_a_tty

[2026-07-29 14:59:01,710 - Orcar.tracer_reranker - INFO] Func 20/22
[2026-07-29 14:59:01,710 - Orcar.tracer_reranker - INFO] filename='[REPO_ROOT]/work/django11999_stability/runs/no_disamb/trial_02/orcar_cache/django__django/django/core/management/color.py' lineno=59 funcname='no_style' classname='Style'
[2026-07-29 14:59:01,710 - Orcar.tracer_reranker - INFO] LLM score: 5 / 100
[2026-07-29 14:59:01,710 - Orcar.tracer_reranker - INFO] @functools.lru_cache(maxsize=None)
def no_style():
    """
    Return a Style object with no color scheme.
    """
    return make_style('nocolor')

[2026-07-29 14:59:01,710 - Orcar.tracer_reranker - INFO] Func 21/22
[2026-07-29 14:59:01,710 - Orcar.tracer_reranker - INFO] filename='[REPO_ROOT]/work/django11999_stability/runs/no_disamb/trial_02/orcar_cache/django__django/django/core/management/color.py' lineno=29 funcname='make_style' classname='Style'
[2026-07-29 14:59:01,710 - Orcar.tracer_reranker - INFO] LLM score: 1 / 100
[2026-07-29 14:59:01,710 - Orcar.tracer_reranker - INFO] def make_style(config_string=''):
    """
    Create a Style object from the given config_string.

    If config_string is empty django.utils.termcolors.DEFAULT_PALETTE is used.
    """

    style = Style()

    color_settings = termcolors.parse_color_setting(config_string)

    # The nocolor palette has all available roles.
    # Use that palette as the basis for populating
    # the palette as defined in the environment.
    for role in termcolors.PALETTES[termcolors.NOCOLOR_PALETTE]:
        if color_settings:
            format = color_settings.get(role, {})
            style_func = termcolors.make_style(**format)
        else:
            def style_func(x):
                return x
        setattr(style, role, style_func)

    # For backwards compatibility,
    # set style for ERROR_OUTPUT == ERROR
    style.ERROR_OUTPUT = style.ERROR

    return style

[2026-07-29 14:59:01,710 - Orcar.tracer_reranker - INFO] Func 22/22
[2026-07-29 14:59:01,710 - Orcar.tracer_reranker - INFO] filename='[REPO_ROOT]/work/django11999_stability/runs/no_disamb/trial_02/orcar_cache/django__django/django/utils/termcolors.py' lineno=137 funcname='parse_color_setting' classname=''
[2026-07-29 14:59:01,710 - Orcar.tracer_reranker - INFO] LLM score: 1 / 100
[2026-07-29 14:59:01,710 - Orcar.tracer_reranker - INFO] def parse_color_setting(config_string):
    """Parse a DJANGO_COLORS environment variable to produce the system palette

    The general form of a palette definition is:

        "palette;role=fg;role=fg/bg;role=fg,option,option;role=fg/bg,option,option"

    where:
        palette is a named palette; one of 'light', 'dark', or 'nocolor'.
        role is a named style used by Django
        fg is a background color.
        bg is a background color.
        option is a display options.

    Specifying a named palette is the same as manually specifying the individual
    definitions for each role. Any individual definitions following the palette
    definition will augment the base palette definition.

    Valid roles:
        'error', 'success', 'warning', 'notice', 'sql_field', 'sql_coltype',
        'sql_keyword', 'sql_table', 'http_info', 'http_success',
        'http_redirect', 'http_not_modified', 'http_bad_request',
        'http_not_found', 'http_server_error', 'migrate_heading',
        'migrate_label'

    Valid colors:
        'black', 'red', 'green', 'yellow', 'blue', 'magenta', 'cyan', 'white'

    Valid options:
        'bold', 'underscore', 'blink', 'reverse', 'conceal', 'noreset'
    """
    if not config_string:
        return PALETTES[DEFAULT_PALETTE]

    # Split the color configuration into parts
    parts = config_string.lower().split(';')
    palette = PALETTES[NOCOLOR_PALETTE].copy()
    for part in parts:
        if part in PALETTES:
            # A default palette has been specified
            palette.update(PALETTES[part])
        elif '=' in part:
            # Process a palette defining string
            definition = {}

            # Break the definition into the role,
            # plus the list of specific instructions.
            # The role must be in upper case
            role, instructions = part.split('=')
            role = role.upper()

            styles = instructions.split(',')
            styles.reverse()

            # The first instruction can contain a slash
            # to break apart fg/bg.
            colors = styles.pop().split('/')
            colors.reverse()
            fg = colors.pop()
            if fg in color_names:
                definition['fg'] = fg
            if colors and colors[-1] in color_names:
                definition['bg'] = colors[-1]

            # All remaining instructions are options
            opts = tuple(s for s in styles if s in opt_dict)
            if opts:
                definition['opts'] = opts

            # The nocolor palette has all available roles.
            # Use that palette as the basis for determining
            # if the role is valid.
            if role in PALETTES[NOCOLOR_PALETTE] and definition:
                palette[role] = definition

    # If there are no colors specified, return the empty palette.
    if palette == PALETTES[NOCOLOR_PALETTE]:
        return None
    return palette

[2026-07-29 14:59:01,711 - Orcar.code_scorer - INFO] Total Scorer cnt         : in   9526 tokens, out     22 tokens
[2026-07-29 14:59:01,711 - Orcar.tracer_reranker - INFO] ['configure', 'setup', '__init__', '__setattr__', '__setattr__', '__getattr__', 'configure_logging', 'set_script_prefix', 'populate', '__setattr__', '__getattr__', 'import_string', 'clear_cache', 'get_app_configs', 'check_apps_ready', '__init__', '__init__', 'color_style', 'supports_color', 'no_style', 'make_style', 'parse_color_setting']
[2026-07-29 14:59:01,711 - Orcar.tracer_reranker - INFO] ----------------Before sort-----------------------
[2026-07-29 14:59:01,711 - Orcar.tracer_reranker - INFO] [('configure', 0), ('setup', 1), ('__init__', 2), ('__setattr__', 3), ('__setattr__', 2), ('__getattr__', 3), ('configure_logging', 0), ('set_script_prefix', 1), ('populate', 3), ('__setattr__', 3), ('__getattr__', 4), ('import_string', 1), ('clear_cache', 5), ('get_app_configs', 2), ('check_apps_ready', 2), ('__init__', 1), ('__init__', 0), ('color_style', 2), ('supports_color', 1), ('no_style', 5), ('make_style', 1), ('parse_color_setting', 1)]
[2026-07-29 14:59:01,711 - Orcar.tracer_reranker - INFO] ----------------After sort------------------------
[2026-07-29 14:59:01,711 - Orcar.tracer_reranker - INFO] [('setup', 1), ('configure', 0), ('__setattr__', 3), ('__init__', 2), ('__setattr__', 2), ('__getattr__', 3), ('populate', 3), ('set_script_prefix', 1), ('configure_logging', 0), ('clear_cache', 5), ('__getattr__', 4), ('__setattr__', 3), ('get_app_configs', 2), ('import_string', 1), ('check_apps_ready', 2), ('__init__', 1), ('__init__', 0), ('color_style', 2), ('no_style', 5), ('supports_color', 1), ('make_style', 1), ('parse_color_setting', 1)]
[2026-07-29 14:59:01,711 - Orcar.tracer_reranker - INFO] ----------------After filter------------------------
[2026-07-29 14:59:01,711 - Orcar.tracer_reranker - INFO] []
[2026-07-29 14:59:01,712 - Orcar.trace_analysis_agent - INFO] After limit size & parse: []
[2026-07-29 14:59:01,713 - Orcar.trace_analysis_agent - INFO] slice                    : in    989 tokens, out    125 tokens
[2026-07-29 14:59:01,713 - Orcar.trace_analysis_agent - INFO] reproduce_judge          : in   1042 tokens, out    217 tokens
[2026-07-29 14:59:01,713 - Orcar.trace_analysis_agent - INFO] reproduce_judge          : in    830 tokens, out     19 tokens
[2026-07-29 14:59:01,714 - Orcar.trace_analysis_agent - INFO] reproduce_code_parse     : in    731 tokens, out    136 tokens
[2026-07-29 14:59:01,714 - Orcar.trace_analysis_agent - INFO] reproduce_log_parse      : in    777 tokens, out      9 tokens
[2026-07-29 14:59:01,714 - Orcar.trace_analysis_agent - INFO] tracer_rerank            : in   9526 tokens, out     22 tokens
[2026-07-29 14:59:01,714 - Orcar.trace_analysis_agent - INFO] Total cnt                : in  13895 tokens, out    528 tokens
[2026-07-29 14:59:01,715 - Orcar.agent - INFO] Raw Trace Analysis output:
[2026-07-29 14:59:01,715 - Orcar.agent - INFO] summary='' suspicious_code=[CodeInfo(keyword='configure', file_path='django/conf/__init__.py'), CodeInfo(keyword='Model', file_path='django/db/models/base.py'), CodeInfo(keyword='gettext_lazy', file_path='django/utils/translation/__init__.py'), CodeInfo(keyword='setup', file_path='django/__init__.py'), CodeInfo(keyword='IntegerField', file_path='django/db/models/fields/__init__.py')] suspicious_code_from_tracer=[] related_source_code='' is_reproduce_pass=True reproduce_code='from django.conf import settings\n\nsettings.configure(\n    INSTALLED_APPS=[],\n    DATABASES={"default": {"ENGINE": "django.db.backends.sqlite3", "NAME": ":memory:"}},\n)\n\nimport django\n\ndjango.setup()\n\nfrom django.db import models\nfrom django.utils.translation import gettext_lazy as _\n\n\nclass FooBar(models.Model):\n    foo_bar = models.IntegerField(_("foo"), choices=[(1, "foo"), (2, "bar")])\n\n    class Meta:\n        app_label = "tests"\n\n    def __str__(self):\n        return self.get_foo_bar_display()\n\n    def get_foo_bar_display(self):\n        return "something"\n\n\nobj = FooBar(foo_bar=1)\nprint(obj.get_foo_bar_display())\nprint(str(obj))\n' env_reproduce_path='/django__django/reproducer_django__django-11999.py'
[2026-07-29 14:59:01,715 - Orcar.agent - INFO] Current container subprocess: 1171578
[2026-07-29 14:59:11,419 - Orcar.search_agent - DEBUG] Config: score_decomposition.disambiguation changed from True to False
[2026-07-29 14:59:11,419 - Orcar.search_agent - INFO] Configuration loaded from [REPO_ROOT]/work/django11999_stability/runs/no_disamb/trial_02/OrcaLoca/Orcar/search.cfg
[2026-07-29 14:59:11,419 - Orcar.formatter - INFO] Found tokenizer for model 'gpt-5.4-mini'
[2026-07-29 14:59:11,431 - Orcar.search_agent - DEBUG] Search content: []
[2026-07-29 14:59:11,431 - Orcar.search_agent - INFO] Search cache: []
[2026-07-29 14:59:33,136 - Orcar.search_agent - INFO] in_token_cnt=2598 out_token_cnt=262
[2026-07-29 14:59:33,136 - Orcar.search_agent - INFO] Chat response: assistant: {"action":"search_callable","action_input":{"query_name":"Model"}}{"observation_feedback":"Django 2.2 appears to register `get_FOO_display()` on the model class itself when a field has `choices`, which would override any user-defined method with the same name. The regression is likely in the field contribution path where the display helper is attached, not in the model's custom method body.","potential_bug_locations":[{"file_path":"django/db/models/fields/__init__.py","class_name":"Field","method_name":"contribute_to_class"},{"file_path":"django/db/models/base.py","class_name":"Model","method_name":"_get_FIELD_display"}],"new_search_actions":[{"action":"search_class","action_input":{"class_name":"Field","file_path":"django/db/models/fields/__init__.py"}},{"action":"search_method_in_class","action_input":{"class_name":"Field","method_name":"contribute_to_class","file_path":"django/db/models/fields/__init__.py"}},{"action":"search_class","action_input":{"class_name":"Model","file_path":"django/db/models/base.py"}},{"action":"search_method_in_class","action_input":{"class_name":"Model","method_name":"_get_FIELD_display","file_path":"django/db/models/base.py"}}]}
[2026-07-29 14:59:33,137 - action_history - DEBUG] Action history: 
 SearchActionHistory(
  Search Action: search_class
Search Action Input: {'class_name': 'Field', 'file_path': 'django/db/models/fields/__init__.py'}: 1
  Search Action: search_method_in_class
Search Action Input: {'class_name': 'Field', 'method_name': 'contribute_to_class', 'file_path': 'django/db/models/fields/__init__.py'}: 1
  Search Action: search_class
Search Action Input: {'class_name': 'Model', 'file_path': 'django/db/models/base.py'}: 1
  Search Action: search_method_in_class
Search Action Input: {'class_name': 'Model', 'method_name': '_get_FIELD_display', 'file_path': 'django/db/models/base.py'}: 1
)
[2026-07-29 14:59:33,137 - Orcar.search_agent - INFO] Current search queue size: 4
[2026-07-29 14:59:43,384 - Orcar.search_agent - INFO] Is early stop: False similarity: False
[2026-07-29 14:59:43,384 - Orcar.search_agent - INFO] Is complete: False
[2026-07-29 14:59:43,384 - search_queue - DEBUG] search queue: 
 SearchQueue(
  Value: 1, Action: Search Action: search_class
Search Action Input: {'class_name': 'Field', 'file_path': 'django/db/models/fields/__init__.py'}
  Value: 1, Action: Search Action: search_method_in_class
Search Action Input: {'class_name': 'Field', 'method_name': 'contribute_to_class', 'file_path': 'django/db/models/fields/__init__.py'}
  Value: 1, Action: Search Action: search_class
Search Action Input: {'class_name': 'Model', 'file_path': 'django/db/models/base.py'}
  Value: 1, Action: Search Action: search_method_in_class
Search Action Input: {'class_name': 'Model', 'method_name': '_get_FIELD_display', 'file_path': 'django/db/models/base.py'}
)
[2026-07-29 14:59:43,425 - Orcar.search_agent - INFO] Class methods number: 60
[2026-07-29 14:59:43,426 - Orcar.formatter - INFO] Found tokenizer for model 'gpt-5.4-mini'
[2026-07-29 15:00:27,269 - Orcar.code_scorer - INFO] Total batch chat time: 43.84s
[2026-07-29 15:00:27,269 - Orcar.code_scorer - INFO] in_token_cnt=296 out_token_cnt=1
[2026-07-29 15:00:27,269 - Orcar.code_scorer - INFO] in_token_cnt=706 out_token_cnt=1
[2026-07-29 15:00:27,269 - Orcar.code_scorer - INFO] in_token_cnt=344 out_token_cnt=1
[2026-07-29 15:00:27,269 - Orcar.code_scorer - INFO] in_token_cnt=349 out_token_cnt=1
[2026-07-29 15:00:27,269 - Orcar.code_scorer - INFO] in_token_cnt=338 out_token_cnt=1
[2026-07-29 15:00:27,270 - Orcar.code_scorer - INFO] in_token_cnt=458 out_token_cnt=1
[2026-07-29 15:00:27,270 - Orcar.code_scorer - INFO] in_token_cnt=720 out_token_cnt=1
[2026-07-29 15:00:27,270 - Orcar.code_scorer - INFO] in_token_cnt=286 out_token_cnt=1
[2026-07-29 15:00:27,270 - Orcar.code_scorer - INFO] in_token_cnt=326 out_token_cnt=1
[2026-07-29 15:00:27,270 - Orcar.code_scorer - INFO] in_token_cnt=395 out_token_cnt=1
[2026-07-29 15:00:27,270 - Orcar.code_scorer - INFO] in_token_cnt=329 out_token_cnt=1
[2026-07-29 15:00:27,270 - Orcar.code_scorer - INFO] in_token_cnt=371 out_token_cnt=1
[2026-07-29 15:00:27,270 - Orcar.code_scorer - INFO] in_token_cnt=451 out_token_cnt=1
[2026-07-29 15:00:27,270 - Orcar.code_scorer - INFO] in_token_cnt=333 out_token_cnt=1
[2026-07-29 15:00:27,270 - Orcar.code_scorer - INFO] in_token_cnt=291 out_token_cnt=1
[2026-07-29 15:00:27,270 - Orcar.code_scorer - INFO] in_token_cnt=325 out_token_cnt=1
[2026-07-29 15:00:27,271 - Orcar.code_scorer - INFO] in_token_cnt=1048 out_token_cnt=1
[2026-07-29 15:00:27,271 - Orcar.code_scorer - INFO] in_token_cnt=321 out_token_cnt=1
[2026-07-29 15:00:27,271 - Orcar.code_scorer - INFO] in_token_cnt=303 out_token_cnt=1
[2026-07-29 15:00:27,271 - Orcar.code_scorer - INFO] in_token_cnt=309 out_token_cnt=1
[2026-07-29 15:00:27,271 - Orcar.code_scorer - INFO] in_token_cnt=277 out_token_cnt=1
[2026-07-29 15:00:27,271 - Orcar.code_scorer - INFO] in_token_cnt=366 out_token_cnt=1
[2026-07-29 15:00:27,271 - Orcar.code_scorer - INFO] in_token_cnt=322 out_token_cnt=1
[2026-07-29 15:00:27,271 - Orcar.code_scorer - INFO] in_token_cnt=475 out_token_cnt=1
[2026-07-29 15:00:27,271 - Orcar.code_scorer - INFO] in_token_cnt=344 out_token_cnt=1
[2026-07-29 15:00:27,271 - Orcar.code_scorer - INFO] in_token_cnt=318 out_token_cnt=1
[2026-07-29 15:00:27,271 - Orcar.code_scorer - INFO] in_token_cnt=310 out_token_cnt=1
[2026-07-29 15:00:27,272 - Orcar.code_scorer - INFO] in_token_cnt=353 out_token_cnt=1
[2026-07-29 15:00:27,272 - Orcar.code_scorer - INFO] in_token_cnt=492 out_token_cnt=1
[2026-07-29 15:00:27,272 - Orcar.code_scorer - INFO] in_token_cnt=340 out_token_cnt=1
[2026-07-29 15:00:27,272 - Orcar.code_scorer - INFO] in_token_cnt=289 out_token_cnt=1
[2026-07-29 15:00:27,272 - Orcar.code_scorer - INFO] in_token_cnt=357 out_token_cnt=1
[2026-07-29 15:00:27,272 - Orcar.code_scorer - INFO] in_token_cnt=524 out_token_cnt=1
[2026-07-29 15:00:27,272 - Orcar.code_scorer - INFO] in_token_cnt=324 out_token_cnt=1
[2026-07-29 15:00:27,272 - Orcar.code_scorer - INFO] in_token_cnt=324 out_token_cnt=1
[2026-07-29 15:00:27,272 - Orcar.code_scorer - INFO] in_token_cnt=349 out_token_cnt=1
[2026-07-29 15:00:27,272 - Orcar.code_scorer - INFO] in_token_cnt=284 out_token_cnt=1
[2026-07-29 15:00:27,272 - Orcar.code_scorer - INFO] in_token_cnt=294 out_token_cnt=1
[2026-07-29 15:00:27,272 - Orcar.code_scorer - INFO] in_token_cnt=278 out_token_cnt=1
[2026-07-29 15:00:27,272 - Orcar.code_scorer - INFO] in_token_cnt=284 out_token_cnt=1
[2026-07-29 15:00:27,273 - Orcar.code_scorer - INFO] in_token_cnt=306 out_token_cnt=1
[2026-07-29 15:00:27,273 - Orcar.code_scorer - INFO] in_token_cnt=331 out_token_cnt=1
[2026-07-29 15:00:27,273 - Orcar.code_scorer - INFO] in_token_cnt=466 out_token_cnt=1
[2026-07-29 15:00:27,273 - Orcar.code_scorer - INFO] in_token_cnt=322 out_token_cnt=1
[2026-07-29 15:00:27,273 - Orcar.code_scorer - INFO] in_token_cnt=275 out_token_cnt=1
[2026-07-29 15:00:27,273 - Orcar.code_scorer - INFO] in_token_cnt=297 out_token_cnt=1
[2026-07-29 15:00:27,273 - Orcar.code_scorer - INFO] in_token_cnt=278 out_token_cnt=1
[2026-07-29 15:00:27,273 - Orcar.code_scorer - INFO] in_token_cnt=294 out_token_cnt=1
[2026-07-29 15:00:27,273 - Orcar.code_scorer - INFO] in_token_cnt=305 out_token_cnt=1
[2026-07-29 15:00:27,273 - Orcar.code_scorer - INFO] in_token_cnt=328 out_token_cnt=1
[2026-07-29 15:00:27,273 - Orcar.code_scorer - INFO] in_token_cnt=306 out_token_cnt=1
[2026-07-29 15:00:27,273 - Orcar.code_scorer - INFO] in_token_cnt=294 out_token_cnt=1
[2026-07-29 15:00:27,274 - Orcar.code_scorer - INFO] in_token_cnt=286 out_token_cnt=1
[2026-07-29 15:00:27,274 - Orcar.code_scorer - INFO] in_token_cnt=331 out_token_cnt=1
[2026-07-29 15:00:27,274 - Orcar.code_scorer - INFO] in_token_cnt=498 out_token_cnt=1
[2026-07-29 15:00:27,274 - Orcar.code_scorer - INFO] in_token_cnt=307 out_token_cnt=1
[2026-07-29 15:00:27,274 - Orcar.code_scorer - INFO] in_token_cnt=337 out_token_cnt=1
[2026-07-29 15:00:27,274 - Orcar.code_scorer - INFO] in_token_cnt=283 out_token_cnt=1
[2026-07-29 15:00:27,274 - Orcar.code_scorer - INFO] in_token_cnt=608 out_token_cnt=1
[2026-07-29 15:00:27,274 - Orcar.code_scorer - INFO] in_token_cnt=295 out_token_cnt=1
[2026-07-29 15:00:27,276 - action_history - INFO] Top class methods: [SearchActionStep(search_action='search_method_in_class', search_action_input={'class_name': 'Field', 'method_name': 'contribute_to_class', 'file_path': 'django/db/models/fields/__init__.py'}), SearchActionStep(search_action='search_method_in_class', search_action_input={'class_name': 'Field', 'method_name': 'deconstruct', 'file_path': 'django/db/models/fields/__init__.py'})]
[2026-07-29 15:00:27,279 - Orcar.search_agent - INFO] File search: django/db/models/fields/__init__.py
[2026-07-29 15:00:27,295 - Orcar.search_agent - DEBUG] Search content: [ChatMessage(role=<MessageRole.USER: 'user'>, additional_kwargs={}, blocks=[TextBlock(block_type='text', text='Please provide observation feedback and new_search_actions on the search results below. \n<New Info>\n\n            Search Action: search_class\n\n            Search Action Input: {\'class_name\': \'Field\', \'file_path\': \'django/db/models/fields/__init__.py\'}\n\n            File Path: django/db/models/fields/__init__.py \nClass Skeleton: \nClass Signature: Field\nDocstring: Base class for all field types\n\nMethod: _description\nMethod Signature: _description(self)\nDocstring: None\n\nMethod: __init__\nMethod Signature: __init__(self, verbose_name, name, primary_key, max_length, unique, blank, null, db_index, rel, default, editable, serialize, unique_for_date, unique_for_month, unique_for_year, choices, help_text, db_column, db_tablespace, auto_created, validators, error_messages)\nDocstring: None\n\nMethod: __str__\nMethod Signature: __str__(self)\nDocstring: Return "app_label.model_label.field_name" for fields attached to\nmodels.\n\nMethod: __repr__\nMethod Signature: __repr__(self)\nDocstring: Display the module, class, and name of the field.\n\nMethod: check\nMethod Signature: check(self)\nDocstring: None\n\nMethod: _check_field_name\nMethod Signature: _check_field_name(self)\nDocstring: Check if field name is valid, i.e. 1) does not end with an\nunderscore, 2) does not contain "__" and 3) is not "pk".\n\nMethod: _check_choices\nMethod Signature: _check_choices(self)\nDocstring: None\n\nMethod: is_value\nMethod Signature: is_value(value)\nDocstring: None\n\nMethod: _check_db_index\nMethod Signature: _check_db_index(self)\nDocstring: None\n\nMethod: _check_null_allowed_for_primary_keys\nMethod Signature: _check_null_allowed_for_primary_keys(self)\nDocstring: None\n\nMethod: _check_backend_specific_checks\nMethod Signature: _check_backend_specific_checks(self)\nDocstring: None\n\nMethod: _check_validators\nMethod Signature: _check_validators(self)\nDocstring: None\n\nMethod: _check_deprecation_details\nMethod Signature: _check_deprecation_details(self)\nDocstring: None\n\nMethod: get_col\nMethod Signature: get_col(self, alias, output_field)\nDocstring: None\n\nMethod: cached_col\nMethod Signature: cached_col(self)\nDocstring: None\n\nMethod: select_format\nMethod Signature: select_format(self, compiler, sql, params)\nDocstring: Custom format for select clauses. For example, GIS columns need to be\nselected as AsText(table.col) on MySQL as the table.col data can\'t be\nused by Django.\n\nMethod: deconstruct\nMethod Signature: deconstruct(self)\nDocstring: Return enough information to recreate the field as a 4-tuple:\n\n * The name of the field on the model, if contribute_to_class() has\n   been run.\n * The import path of the field, including the class:e.g.\n   django.db.models.IntegerField This should be the most portable\n   version, so less specific may be better.\n * A list of positional arguments.\n * A dict of keyword arguments.\n\nNote that the positional or keyword arguments must contain values of\nthe following types (including inner values of collection types):\n\n * None, bool, str, int, float, complex, set, frozenset, list, tuple,\n   dict\n * UUID\n * datetime.datetime (naive), datetime.date\n * top-level classes, top-level functions - will be referenced by their\n   full import path\n * Storage instances - these have their own deconstruct() method\n\nThis is because the values here must be serialized into a text format\n(possibly new Python code, possibly JSON) and these are the only types\nwith encoding handlers defined.\n\nThere\'s no need to return the exact way the field was instantiated this\ntime, just ensure that the resulting field is the same - prefer keyword\narguments over positional ones, and omit parameters with their default\nvalues.\n\nMethod: clone\nMethod Signature: clone(self)\nDocstring: Uses deconstruct() to clone a new copy of this Field.\nWill not preserve any class attachments/attribute names.\n\nMethod: __eq__\nMethod Signature: __eq__(self, other)\nDocstring: None\n\nMethod: __lt__\nMethod Signature: __lt__(self, other)\nDocstring: None\n\nMethod: __hash__\nMethod Signature: __hash__(self)\nDocstring: None\n\nMethod: __deepcopy__\nMethod Signature: __deepcopy__(self, memodict)\nDocstring: None\n\nMethod: __copy__\nMethod Signature: __copy__(self)\nDocstring: None\n\nMethod: __reduce__\nMethod Signature: __reduce__(self)\nDocstring: Pickling should return the model._meta.fields instance of the field,\nnot a new copy of that field. So, use the app registry to load the\nmodel and then the field back.\n\nMethod: get_pk_value_on_save\nMethod Signature: get_pk_value_on_save(self, instance)\nDocstring: Hook to generate new PK values on save. This method is called when\nsaving instances with no primary key value set. If this method returns\nsomething else than None, then the returned value is used when saving\nthe new instance.\n\nMethod: to_python\nMethod Signature: to_python(self, value)\nDocstring: Convert the input value into the expected Python data type, raising\ndjango.core.exceptions.ValidationError if the data can\'t be converted.\nReturn the converted value. Subclasses should override this.\n\nMethod: validators\nMethod Signature: validators(self)\nDocstring: Some validators can\'t be created at field initialization time.\nThis method provides a way to delay their creation until required.\n\nMethod: run_validators\nMethod Signature: run_validators(self, value)\nDocstring: None\n\nMethod: validate\nMethod Signature: validate(self, value, model_instance)\nDocstring: Validate value and raise ValidationError if necessary. Subclasses\nshould override this to provide validation logic.\n\nMethod: clean\nMethod Signature: clean(self, value, model_instance)\nDocstring: Convert the value\'s type and run validation. Validation errors\nfrom to_python() and validate() are propagated. Return the correct\nvalue if no error is raised.\n\nMethod: db_type_parameters\nMethod Signature: db_type_parameters(self, connection)\nDocstring: None\n\nMethod: db_check\nMethod Signature: db_check(self, connection)\nDocstring: Return the database column check constraint for this field, for the\nprovided connection. Works the same way as db_type() for the case that\nget_internal_type() does not map to a preexisting model field.\n\nMethod: db_type\nMethod Signature: db_type(self, connection)\nDocstring: Return the database column data type for this field, for the provided\nconnection.\n\nMethod: rel_db_type\nMethod Signature: rel_db_type(self, connection)\nDocstring: Return the data type that a related field pointing to this field should\nuse. For example, this method is called by ForeignKey and OneToOneField\nto determine its data type.\n\nMethod: cast_db_type\nMethod Signature: cast_db_type(self, connection)\nDocstring: Return the data type to use in the Cast() function.\n\nMethod: db_parameters\nMethod Signature: db_parameters(self, connection)\nDocstring: Extension of db_type(), providing a range of different return values\n(type, checks). This will look at db_type(), allowing custom model\nfields to override it.\n\nMethod: db_type_suffix\nMethod Signature: db_type_suffix(self, connection)\nDocstring: None\n\nMethod: get_db_converters\nMethod Signature: get_db_converters(self, connection)\nDocstring: None\n\nMethod: unique\nMethod Signature: unique(self)\nDocstring: None\n\nMethod: db_tablespace\nMethod Signature: db_tablespace(self)\nDocstring: None\n\nMethod: db_returning\nMethod Signature: db_returning(self)\nDocstring: Private API intended only to be used by Django itself. Currently only\nthe PostgreSQL backend supports returning multiple fields on a model.\n\nMethod: set_attributes_from_name\nMethod Signature: set_attributes_from_name(self, name)\nDocstring: None\n\nMethod: contribute_to_class\nMethod Signature: contribute_to_class(self, cls, name, private_only)\nDocstring: Register the field with the model class it belongs to.\n\nIf private_only is True, create a separate instance of this field\nfor every subclass of cls, even if cls is not an abstract model.\n\nMethod: get_filter_kwargs_for_object\nMethod Signature: get_filter_kwargs_for_object(self, obj)\nDocstring: Return a dict that when passed as kwargs to self.model.filter(), would\nyield all instances having the same value for this field as obj has.\n\nMethod: get_attname\nMethod Signature: get_attname(self)\nDocstring: None\n\nMethod: get_attname_column\nMethod Signature: get_attname_column(self)\nDocstring: None\n\nMethod: get_internal_type\nMethod Signature: get_internal_type(self)\nDocstring: None\n\nMethod: pre_save\nMethod Signature: pre_save(self, model_instance, add)\nDocstring: Return field\'s value just before saving.\n\nMethod: get_prep_value\nMethod Signature: get_prep_value(self, value)\nDocstring: Perform preliminary non-db specific value checks and conversions.\n\nMethod: get_db_prep_value\nMethod Signature: get_db_prep_value(self, value, connection, prepared)\nDocstring: Return field\'s value prepared for interacting with the database backend.\n\nUsed by the default implementations of get_db_prep_save().\n\nMethod: get_db_prep_save\nMethod Signature: get_db_prep_save(self, value, connection)\nDocstring: Return field\'s value prepared for saving into a database.\n\nMethod: has_default\nMethod Signature: has_default(self)\nDocstring: Return a boolean of whether this field has a default value.\n\nMethod: get_default\nMethod Signature: get_default(self)\nDocstring: Return the default value for this field.\n\nMethod: _get_default\nMethod Signature: _get_default(self)\nDocstring: None\n\nMethod: get_choices\nMethod Signature: get_choices(self, include_blank, blank_choice, limit_choices_to, ordering)\nDocstring: Return choices with a default blank choices included, for use\nas <select> choices for this field.\n\nMethod: value_to_string\nMethod Signature: value_to_string(self, obj)\nDocstring: Return a string value of this field from the passed obj.\nThis is used by the serialization framework.\n\nMethod: _get_flatchoices\nMethod Signature: _get_flatchoices(self)\nDocstring: Flattened version of choices tuple.\n\nMethod: save_form_data\nMethod Signature: save_form_data(self, instance, data)\nDocstring: None\n\nMethod: formfield\nMethod Signature: formfield(self, form_class, choices_form_class)\nDocstring: Return a django.forms.Field instance for this field.\n\nMethod: value_from_object\nMethod Signature: value_from_object(self, obj)\nDocstring: Return the value of this field in the given model instance.\n\n</New Info>\n')])]
[2026-07-29 15:00:27,295 - Orcar.search_agent - INFO] Search cache: []
[2026-07-29 15:00:38,645 - Orcar.search_agent - INFO] in_token_cnt=5177 out_token_cnt=317
[2026-07-29 15:00:38,645 - Orcar.search_agent - INFO] Chat response: assistant: {
  "observation_feedback": "The issue is likely caused by Django attaching the auto-generated `get_FOO_display()` method during field contribution, which can overwrite a user-defined method with the same name. The most relevant code paths are the field registration logic in `Field.contribute_to_class()` and the model-side helper used for choices display, `_get_FIELD_display()`.",
  "potential_bug_locations": [
    {
      "file_path": "django/db/models/fields/__init__.py",
      "class_name": "Field",
      "method_name": "contribute_to_class"
    },
    {
      "file_path": "django/db/models/base.py",
      "class_name": "Model",
      "method_name": "_get_FIELD_display"
    }
  ],
  "new_search_actions": [
    {
      "action": "search_method_in_class",
      "action_input": {
        "class_name": "Field",
        "method_name": "contribute_to_class",
        "file_path": "django/db/models/fields/__init__.py"
      }
    },
    {
      "action": "search_class",
      "action_input": {
        "class_name": "Model",
        "file_path": "django/db/models/base.py"
      }
    },
    {
      "action": "search_method_in_class",
      "action_input": {
        "class_name": "Model",
        "method_name": "_get_FIELD_display",
        "file_path": "django/db/models/base.py"
      }
    }
  ]
}
[2026-07-29 15:00:38,646 - action_history - DEBUG] Action history: 
 SearchActionHistory(
  Search Action: search_class
Search Action Input: {'class_name': 'Field', 'file_path': 'django/db/models/fields/__init__.py'}: 1
  Search Action: search_method_in_class
Search Action Input: {'class_name': 'Field', 'method_name': 'contribute_to_class', 'file_path': 'django/db/models/fields/__init__.py'}: 2
  Search Action: search_class
Search Action Input: {'class_name': 'Model', 'file_path': 'django/db/models/base.py'}: 2
  Search Action: search_method_in_class
Search Action Input: {'class_name': 'Model', 'method_name': '_get_FIELD_display', 'file_path': 'django/db/models/base.py'}: 2
  Search Action: search_method_in_class
Search Action Input: {'class_name': 'Field', 'method_name': 'deconstruct', 'file_path': 'django/db/models/fields/__init__.py'}: 1
  Search Action: search_file_contents
Search Action Input: {'file_name': '__init__.py', 'directory_path': 'django/db/models/fields'}: 1
)
[2026-07-29 15:00:38,646 - Orcar.search_agent - INFO] Current search queue size: 5
[2026-07-29 15:00:39,729 - Orcar.search_agent - INFO] Is early stop: False similarity: False
[2026-07-29 15:00:39,729 - Orcar.search_agent - INFO] Is complete: False
[2026-07-29 15:00:39,730 - search_queue - DEBUG] search queue: 
 SearchQueue(
  Value: 2, Action: Search Action: search_method_in_class
Search Action Input: {'class_name': 'Field', 'method_name': 'contribute_to_class', 'file_path': 'django/db/models/fields/__init__.py'}
  Value: 2, Action: Search Action: search_class
Search Action Input: {'class_name': 'Model', 'file_path': 'django/db/models/base.py'}
  Value: 2, Action: Search Action: search_method_in_class
Search Action Input: {'class_name': 'Model', 'method_name': '_get_FIELD_display', 'file_path': 'django/db/models/base.py'}
  Value: 2, Action: Search Action: search_method_in_class
Search Action Input: {'class_name': 'Field', 'method_name': 'deconstruct', 'file_path': 'django/db/models/fields/__init__.py'}
  Value: 2, Action: Search Action: search_file_contents
Search Action Input: {'file_name': '__init__.py', 'directory_path': 'django/db/models/fields'}
)
[2026-07-29 15:00:39,758 - Orcar.search_agent - DEBUG] Search content: [ChatMessage(role=<MessageRole.USER: 'user'>, additional_kwargs={}, blocks=[TextBlock(block_type='text', text='Please provide observation feedback and new_search_actions on the search results below. \n<New Info>\n\n            Search Action: search_method_in_class\n\n            Search Action Input: {\'class_name\': \'Field\', \'method_name\': \'contribute_to_class\', \'file_path\': \'django/db/models/fields/__init__.py\'}\n\n            File Path: django/db/models/fields/__init__.py \nMethod Content: \n    def contribute_to_class(self, cls, name, private_only=False):\n        """\n        Register the field with the model class it belongs to.\n\n        If private_only is True, create a separate instance of this field\n        for every subclass of cls, even if cls is not an abstract model.\n        """\n        self.set_attributes_from_name(name)\n        self.model = cls\n        cls._meta.add_field(self, private=private_only)\n        if self.column:\n            # Don\'t override classmethods with the descriptor. This means that\n            # if you have a classmethod and a field with the same name, then\n            # such fields can\'t be deferred (we don\'t have a check for this).\n            if not getattr(cls, self.attname, None):\n                setattr(cls, self.attname, self.descriptor_class(self))\n        if self.choices is not None:\n            setattr(cls, \'get_%s_display\' % self.name,\n                    partialmethod(cls._get_FIELD_display, field=self))\n\n</New Info>\n')])]
[2026-07-29 15:00:39,759 - Orcar.search_agent - INFO] Search cache: [SearchResult(search_action='search_method_in_class', search_action_input={'class_name': 'Field', 'method_name': 'contribute_to_class', 'file_path': 'django/db/models/fields/__init__.py'}, search_content='File Path: django/db/models/fields/__init__.py \nMethod Content: \n    def contribute_to_class(self, cls, name, private_only=False):\n        """\n        Register the field with the model class it belongs to.\n\n        If private_only is True, create a separate instance of this field\n        for every subclass of cls, even if cls is not an abstract model.\n        """\n        self.set_attributes_from_name(name)\n        self.model = cls\n        cls._meta.add_field(self, private=private_only)\n        if self.column:\n            # Don\'t override classmethods with the descriptor. This means that\n            # if you have a classmethod and a field with the same name, then\n            # such fields can\'t be deferred (we don\'t have a check for this).\n            if not getattr(cls, self.attname, None):\n                setattr(cls, self.attname, self.descriptor_class(self))\n        if self.choices is not None:\n            setattr(cls, \'get_%s_display\' % self.name,\n                    partialmethod(cls._get_FIELD_display, field=self))\n')]
[2026-07-29 15:00:43,027 - Orcar.search_agent - INFO] in_token_cnt=3484 out_token_cnt=335
[2026-07-29 15:00:43,027 - Orcar.search_agent - INFO] Chat response: assistant: {
  "observation_feedback": "The current result confirms that Field.contribute_to_class() unconditionally assigns get_<field>_display when choices are present, using setattr on the model class. This is the most likely source of the override regression. To verify whether the helper method itself or related model initialization changed in Django 2.2, we should inspect Model._get_FIELD_display and any field deconstruction/registration behavior.",
  "potential_bug_locations": [
    {
      "file_path": "django/db/models/fields/__init__.py",
      "class_name": "Field",
      "method_name": "contribute_to_class"
    }
  ],
  "new_search_actions": [
    {
      "action": "search_class",
      "action_input": {
        "class_name": "Model",
        "file_path": "django/db/models/base.py"
      }
    },
    {
      "action": "search_method_in_class",
      "action_input": {
        "class_name": "Model",
        "method_name": "_get_FIELD_display",
        "file_path": "django/db/models/base.py"
      }
    },
    {
      "action": "search_method_in_class",
      "action_input": {
        "class_name": "Field",
        "method_name": "deconstruct",
        "file_path": "django/db/models/fields/__init__.py"
      }
    },
    {
      "action": "search_file_contents",
      "action_input": {
        "file_name": "__init__.py",
        "directory_path": "django/db/models/fields"
      }
    }
  ]
}
[2026-07-29 15:00:43,028 - action_history - DEBUG] Action history: 
 SearchActionHistory(
  Search Action: search_class
Search Action Input: {'class_name': 'Field', 'file_path': 'django/db/models/fields/__init__.py'}: 1
  Search Action: search_method_in_class
Search Action Input: {'class_name': 'Field', 'method_name': 'contribute_to_class', 'file_path': 'django/db/models/fields/__init__.py'}: 2
  Search Action: search_class
Search Action Input: {'class_name': 'Model', 'file_path': 'django/db/models/base.py'}: 3
  Search Action: search_method_in_class
Search Action Input: {'class_name': 'Model', 'method_name': '_get_FIELD_display', 'file_path': 'django/db/models/base.py'}: 3
  Search Action: search_method_in_class
Search Action Input: {'class_name': 'Field', 'method_name': 'deconstruct', 'file_path': 'django/db/models/fields/__init__.py'}: 2
  Search Action: search_file_contents
Search Action Input: {'file_name': '__init__.py', 'directory_path': 'django/db/models/fields'}: 2
)
[2026-07-29 15:00:43,028 - Orcar.search_agent - INFO] Current search queue size: 4
[2026-07-29 15:00:43,976 - Orcar.search_agent - INFO] Is early stop: False similarity: False
[2026-07-29 15:00:43,978 - Orcar.search_agent - INFO] Is complete: False
[2026-07-29 15:00:43,978 - search_queue - DEBUG] search queue: 
 SearchQueue(
  Value: 3, Action: Search Action: search_class
Search Action Input: {'class_name': 'Model', 'file_path': 'django/db/models/base.py'}
  Value: 3, Action: Search Action: search_method_in_class
Search Action Input: {'class_name': 'Model', 'method_name': '_get_FIELD_display', 'file_path': 'django/db/models/base.py'}
  Value: 2, Action: Search Action: search_method_in_class
Search Action Input: {'class_name': 'Field', 'method_name': 'deconstruct', 'file_path': 'django/db/models/fields/__init__.py'}
  Value: 2, Action: Search Action: search_file_contents
Search Action Input: {'file_name': '__init__.py', 'directory_path': 'django/db/models/fields'}
)
[2026-07-29 15:00:44,008 - Orcar.search_agent - INFO] Class methods number: 53
[2026-07-29 15:00:44,008 - Orcar.formatter - INFO] Found tokenizer for model 'gpt-5.4-mini'
[2026-07-29 15:01:24,087 - Orcar.code_scorer - INFO] Total batch chat time: 40.08s
[2026-07-29 15:01:24,087 - Orcar.code_scorer - INFO] in_token_cnt=1118 out_token_cnt=1
[2026-07-29 15:01:24,087 - Orcar.code_scorer - INFO] in_token_cnt=359 out_token_cnt=1
[2026-07-29 15:01:24,088 - Orcar.code_scorer - INFO] in_token_cnt=289 out_token_cnt=1
[2026-07-29 15:01:24,088 - Orcar.code_scorer - INFO] in_token_cnt=289 out_token_cnt=1
[2026-07-29 15:01:24,088 - Orcar.code_scorer - INFO] in_token_cnt=333 out_token_cnt=1
[2026-07-29 15:01:24,088 - Orcar.code_scorer - INFO] in_token_cnt=299 out_token_cnt=1
[2026-07-29 15:01:24,088 - Orcar.code_scorer - INFO] in_token_cnt=320 out_token_cnt=1
[2026-07-29 15:01:24,088 - Orcar.code_scorer - INFO] in_token_cnt=288 out_token_cnt=1
[2026-07-29 15:01:24,088 - Orcar.code_scorer - INFO] in_token_cnt=396 out_token_cnt=1
[2026-07-29 15:01:24,088 - Orcar.code_scorer - INFO] in_token_cnt=293 out_token_cnt=1
[2026-07-29 15:01:24,088 - Orcar.code_scorer - INFO] in_token_cnt=287 out_token_cnt=1
[2026-07-29 15:01:24,088 - Orcar.code_scorer - INFO] in_token_cnt=318 out_token_cnt=1
[2026-07-29 15:01:24,089 - Orcar.code_scorer - INFO] in_token_cnt=786 out_token_cnt=1
[2026-07-29 15:01:24,089 - Orcar.code_scorer - INFO] in_token_cnt=407 out_token_cnt=1
[2026-07-29 15:01:24,089 - Orcar.code_scorer - INFO] in_token_cnt=1082 out_token_cnt=1
[2026-07-29 15:01:24,089 - Orcar.code_scorer - INFO] in_token_cnt=702 out_token_cnt=1
[2026-07-29 15:01:24,089 - Orcar.code_scorer - INFO] in_token_cnt=553 out_token_cnt=1
[2026-07-29 15:01:24,089 - Orcar.code_scorer - INFO] in_token_cnt=895 out_token_cnt=1
[2026-07-29 15:01:24,089 - Orcar.code_scorer - INFO] in_token_cnt=570 out_token_cnt=1
[2026-07-29 15:01:24,089 - Orcar.code_scorer - INFO] in_token_cnt=342 out_token_cnt=1
[2026-07-29 15:01:24,089 - Orcar.code_scorer - INFO] in_token_cnt=363 out_token_cnt=1
[2026-07-29 15:01:24,089 - Orcar.code_scorer - INFO] in_token_cnt=314 out_token_cnt=1
[2026-07-29 15:01:24,089 - Orcar.code_scorer - INFO] in_token_cnt=470 out_token_cnt=1
[2026-07-29 15:01:24,090 - Orcar.code_scorer - INFO] in_token_cnt=435 out_token_cnt=1
[2026-07-29 15:01:24,090 - Orcar.code_scorer - INFO] in_token_cnt=316 out_token_cnt=1
[2026-07-29 15:01:24,090 - Orcar.code_scorer - INFO] in_token_cnt=336 out_token_cnt=1
[2026-07-29 15:01:24,090 - Orcar.code_scorer - INFO] in_token_cnt=362 out_token_cnt=1
[2026-07-29 15:01:24,090 - Orcar.code_scorer - INFO] in_token_cnt=828 out_token_cnt=1
[2026-07-29 15:01:24,090 - Orcar.code_scorer - INFO] in_token_cnt=659 out_token_cnt=1
[2026-07-29 15:01:24,090 - Orcar.code_scorer - INFO] in_token_cnt=540 out_token_cnt=1
[2026-07-29 15:01:24,090 - Orcar.code_scorer - INFO] in_token_cnt=393 out_token_cnt=1
[2026-07-29 15:01:24,090 - Orcar.code_scorer - INFO] in_token_cnt=469 out_token_cnt=1
[2026-07-29 15:01:24,090 - Orcar.code_scorer - INFO] in_token_cnt=489 out_token_cnt=1
[2026-07-29 15:01:24,090 - Orcar.code_scorer - INFO] in_token_cnt=429 out_token_cnt=1
[2026-07-29 15:01:24,091 - Orcar.code_scorer - INFO] in_token_cnt=494 out_token_cnt=1
[2026-07-29 15:01:24,091 - Orcar.code_scorer - INFO] in_token_cnt=437 out_token_cnt=1
[2026-07-29 15:01:24,091 - Orcar.code_scorer - INFO] in_token_cnt=336 out_token_cnt=1
[2026-07-29 15:01:24,091 - Orcar.code_scorer - INFO] in_token_cnt=307 out_token_cnt=1
[2026-07-29 15:01:24,091 - Orcar.code_scorer - INFO] in_token_cnt=331 out_token_cnt=1
[2026-07-29 15:01:24,091 - Orcar.code_scorer - INFO] in_token_cnt=494 out_token_cnt=1
[2026-07-29 15:01:24,091 - Orcar.code_scorer - INFO] in_token_cnt=403 out_token_cnt=1
[2026-07-29 15:01:24,091 - Orcar.code_scorer - INFO] in_token_cnt=740 out_token_cnt=1
[2026-07-29 15:01:24,091 - Orcar.code_scorer - INFO] in_token_cnt=427 out_token_cnt=1
[2026-07-29 15:01:24,091 - Orcar.code_scorer - INFO] in_token_cnt=423 out_token_cnt=1
[2026-07-29 15:01:24,091 - Orcar.code_scorer - INFO] in_token_cnt=396 out_token_cnt=1
[2026-07-29 15:01:24,092 - Orcar.code_scorer - INFO] in_token_cnt=345 out_token_cnt=1
[2026-07-29 15:01:24,092 - Orcar.code_scorer - INFO] in_token_cnt=434 out_token_cnt=1
[2026-07-29 15:01:24,092 - Orcar.code_scorer - INFO] in_token_cnt=434 out_token_cnt=1
[2026-07-29 15:01:24,092 - Orcar.code_scorer - INFO] in_token_cnt=488 out_token_cnt=1
[2026-07-29 15:01:24,092 - Orcar.code_scorer - INFO] in_token_cnt=604 out_token_cnt=1
[2026-07-29 15:01:24,092 - Orcar.code_scorer - INFO] in_token_cnt=970 out_token_cnt=1
[2026-07-29 15:01:24,092 - Orcar.code_scorer - INFO] in_token_cnt=817 out_token_cnt=1
[2026-07-29 15:01:24,092 - Orcar.code_scorer - INFO] in_token_cnt=426 out_token_cnt=1
[2026-07-29 15:01:24,097 - Orcar.search_agent - INFO] File search: django/db/models/base.py
[2026-07-29 15:01:24,121 - Orcar.search_agent - DEBUG] Search content: [ChatMessage(role=<MessageRole.USER: 'user'>, additional_kwargs={}, blocks=[TextBlock(block_type='text', text='Please provide observation feedback and new_search_actions on the search results below. \n<New Info>\n\n            Search Action: search_class\n\n            Search Action Input: {\'class_name\': \'Model\', \'file_path\': \'django/db/models/base.py\'}\n\n            File Path: django/db/models/base.py \nClass Skeleton: \nClass Signature: Model\nDocstring: None\n\nMethod: __init__\nMethod Signature: __init__(self)\nDocstring: None\n\nMethod: from_db\nMethod Signature: from_db(cls, db, field_names, values)\nDocstring: None\n\nMethod: __repr__\nMethod Signature: __repr__(self)\nDocstring: None\n\nMethod: __str__\nMethod Signature: __str__(self)\nDocstring: None\n\nMethod: __eq__\nMethod Signature: __eq__(self, other)\nDocstring: None\n\nMethod: __hash__\nMethod Signature: __hash__(self)\nDocstring: None\n\nMethod: __reduce__\nMethod Signature: __reduce__(self)\nDocstring: None\n\nMethod: __getstate__\nMethod Signature: __getstate__(self)\nDocstring: Hook to allow choosing the attributes to pickle.\n\nMethod: __setstate__\nMethod Signature: __setstate__(self, state)\nDocstring: None\n\nMethod: _get_pk_val\nMethod Signature: _get_pk_val(self, meta)\nDocstring: None\n\nMethod: _set_pk_val\nMethod Signature: _set_pk_val(self, value)\nDocstring: None\n\nMethod: get_deferred_fields\nMethod Signature: get_deferred_fields(self)\nDocstring: Return a set containing names of deferred fields for this instance.\n\nMethod: refresh_from_db\nMethod Signature: refresh_from_db(self, using, fields)\nDocstring: Reload field values from the database.\n\nBy default, the reloading happens from the database this instance was\nloaded from, or by the read router if this instance wasn\'t loaded from\nany database. The using parameter will override the default.\n\nFields can be used to specify which fields to reload. The fields\nshould be an iterable of field attnames. If fields is None, then\nall non-deferred fields are reloaded.\n\nWhen accessing deferred fields of an instance, the deferred loading\nof the field will call this method.\n\nMethod: serializable_value\nMethod Signature: serializable_value(self, field_name)\nDocstring: Return the value of the field name for this instance. If the field is\na foreign key, return the id value instead of the object. If there\'s\nno Field object with this name on the model, return the model\nattribute\'s value.\n\nUsed to serialize a field\'s value (in the serializer, or form output,\nfor example). Normally, you would just access the attribute directly\nand not use this method.\n\nMethod: save\nMethod Signature: save(self, force_insert, force_update, using, update_fields)\nDocstring: Save the current instance. Override this in a subclass if you want to\ncontrol the saving process.\n\nThe \'force_insert\' and \'force_update\' parameters can be used to insist\nthat the "save" must be an SQL insert or update (or equivalent for\nnon-SQL backends), respectively. Normally, they should not be set.\n\nMethod: save_base\nMethod Signature: save_base(self, raw, force_insert, force_update, using, update_fields)\nDocstring: Handle the parts of saving which should be done only once per save,\nyet need to be done in raw saves, too. This includes some sanity\nchecks and signal sending.\n\nThe \'raw\' argument is telling save_base not to save any parent\nmodels and not to do any changes to the values before save. This\nis used by fixture loading.\n\nMethod: _save_parents\nMethod Signature: _save_parents(self, cls, using, update_fields)\nDocstring: Save all the parents of cls using values from self.\n\nMethod: _save_table\nMethod Signature: _save_table(self, raw, cls, force_insert, force_update, using, update_fields)\nDocstring: Do the heavy-lifting involved in saving. Update or insert the data\nfor a single table.\n\nMethod: _do_update\nMethod Signature: _do_update(self, base_qs, using, pk_val, values, update_fields, forced_update)\nDocstring: Try to update the model. Return True if the model was updated (if an\nupdate query was done and a matching row was found in the DB).\n\nMethod: _do_insert\nMethod Signature: _do_insert(self, manager, using, fields, returning_fields, raw)\nDocstring: Do an INSERT. If returning_fields is defined then this method should\nreturn the newly created data for the model.\n\nMethod: delete\nMethod Signature: delete(self, using, keep_parents)\nDocstring: None\n\nMethod: _get_FIELD_display\nMethod Signature: _get_FIELD_display(self, field)\nDocstring: None\n\nMethod: _get_next_or_previous_by_FIELD\nMethod Signature: _get_next_or_previous_by_FIELD(self, field, is_next)\nDocstring: None\n\nMethod: _get_next_or_previous_in_order\nMethod Signature: _get_next_or_previous_in_order(self, is_next)\nDocstring: None\n\nMethod: prepare_database_save\nMethod Signature: prepare_database_save(self, field)\nDocstring: None\n\nMethod: clean\nMethod Signature: clean(self)\nDocstring: Hook for doing any extra model-wide validation after clean() has been\ncalled on every field by self.clean_fields. Any ValidationError raised\nby this method will not be associated with a particular field; it will\nhave a special-case association with the field defined by NON_FIELD_ERRORS.\n\nMethod: validate_unique\nMethod Signature: validate_unique(self, exclude)\nDocstring: Check unique constraints on the model and raise ValidationError if any\nfailed.\n\nMethod: _get_unique_checks\nMethod Signature: _get_unique_checks(self, exclude)\nDocstring: Return a list of checks to perform. Since validate_unique() could be\ncalled from a ModelForm, some fields may have been excluded; we can\'t\nperform a unique check on a model that is missing fields involved\nin that check. Fields that did not validate should also be excluded,\nbut they need to be passed in via the exclude argument.\n\nMethod: _perform_unique_checks\nMethod Signature: _perform_unique_checks(self, unique_checks)\nDocstring: None\n\nMethod: _perform_date_checks\nMethod Signature: _perform_date_checks(self, date_checks)\nDocstring: None\n\nMethod: date_error_message\nMethod Signature: date_error_message(self, lookup_type, field_name, unique_for)\nDocstring: None\n\nMethod: unique_error_message\nMethod Signature: unique_error_message(self, model_class, unique_check)\nDocstring: None\n\nMethod: full_clean\nMethod Signature: full_clean(self, exclude, validate_unique)\nDocstring: Call clean_fields(), clean(), and validate_unique() on the model.\nRaise a ValidationError for any errors that occur.\n\nMethod: clean_fields\nMethod Signature: clean_fields(self, exclude)\nDocstring: Clean all fields and raise a ValidationError containing a dict\nof all validation errors if any occur.\n\nMethod: check\nMethod Signature: check(cls)\nDocstring: None\n\nMethod: _check_swappable\nMethod Signature: _check_swappable(cls)\nDocstring: Check if the swapped model exists.\n\nMethod: _check_model\nMethod Signature: _check_model(cls)\nDocstring: None\n\nMethod: _check_managers\nMethod Signature: _check_managers(cls)\nDocstring: Perform all manager checks.\n\nMethod: _check_fields\nMethod Signature: _check_fields(cls)\nDocstring: Perform all field checks.\n\nMethod: _check_m2m_through_same_relationship\nMethod Signature: _check_m2m_through_same_relationship(cls)\nDocstring: Check if no relationship model is used by more than one m2m field.\n        \n\nMethod: _check_id_field\nMethod Signature: _check_id_field(cls)\nDocstring: Check if `id` field is a primary key.\n\nMethod: _check_field_name_clashes\nMethod Signature: _check_field_name_clashes(cls)\nDocstring: Forbid field shadowing in multi-table inheritance.\n\nMethod: _check_column_name_clashes\nMethod Signature: _check_column_name_clashes(cls)\nDocstring: None\n\nMethod: _check_model_name_db_lookup_clashes\nMethod Signature: _check_model_name_db_lookup_clashes(cls)\nDocstring: None\n\nMethod: _check_property_name_related_field_accessor_clashes\nMethod Signature: _check_property_name_related_field_accessor_clashes(cls)\nDocstring: None\n\nMethod: _check_single_primary_key\nMethod Signature: _check_single_primary_key(cls)\nDocstring: None\n\nMethod: _check_index_together\nMethod Signature: _check_index_together(cls)\nDocstring: Check the value of "index_together" option.\n\nMethod: _check_unique_together\nMethod Signature: _check_unique_together(cls)\nDocstring: Check the value of "unique_together" option.\n\nMethod: _check_indexes\nMethod Signature: _check_indexes(cls)\nDocstring: Check the fields and names of indexes.\n\nMethod: _check_local_fields\nMethod Signature: _check_local_fields(cls, fields, option)\nDocstring: None\n\nMethod: _check_ordering\nMethod Signature: _check_ordering(cls)\nDocstring: Check "ordering" option -- is it a list of strings and do all fields\nexist?\n\nMethod: _check_long_column_names\nMethod Signature: _check_long_column_names(cls)\nDocstring: Check that any auto-generated column names are shorter than the limits\nfor each database in which the model will be created.\n\nMethod: _check_constraints\nMethod Signature: _check_constraints(cls)\nDocstring: None\n\n</New Info>\n')])]
[2026-07-29 15:01:24,122 - Orcar.search_agent - INFO] Search cache: [SearchResult(search_action='search_method_in_class', search_action_input={'class_name': 'Field', 'method_name': 'contribute_to_class', 'file_path': 'django/db/models/fields/__init__.py'}, search_content='File Path: django/db/models/fields/__init__.py \nMethod Content: \n    def contribute_to_class(self, cls, name, private_only=False):\n        """\n        Register the field with the model class it belongs to.\n\n        If private_only is True, create a separate instance of this field\n        for every subclass of cls, even if cls is not an abstract model.\n        """\n        self.set_attributes_from_name(name)\n        self.model = cls\n        cls._meta.add_field(self, private=private_only)\n        if self.column:\n            # Don\'t override classmethods with the descriptor. This means that\n            # if you have a classmethod and a field with the same name, then\n            # such fields can\'t be deferred (we don\'t have a check for this).\n            if not getattr(cls, self.attname, None):\n                setattr(cls, self.attname, self.descriptor_class(self))\n        if self.choices is not None:\n            setattr(cls, \'get_%s_display\' % self.name,\n                    partialmethod(cls._get_FIELD_display, field=self))\n')]
[2026-07-29 15:01:41,528 - Orcar.search_agent - INFO] in_token_cnt=5289 out_token_cnt=382
[2026-07-29 15:01:41,528 - Orcar.search_agent - INFO] Chat response: assistant: {
  "observation_feedback": "The regression is most likely in `Field.contribute_to_class()`: when a field has `choices`, Django unconditionally assigns `get_<field>_display` onto the model class with `setattr(...)`, so a user-defined method with the same name gets overwritten. The next place to inspect is the model helper `_get_FIELD_display()` to confirm whether the generated implementation changed in 2.2 or if the overwrite is entirely caused by field registration.",
  "potential_bug_locations": [
    {
      "file_path": "django/db/models/fields/__init__.py",
      "class_name": "Field",
      "method_name": "contribute_to_class"
    },
    {
      "file_path": "django/db/models/base.py",
      "class_name": "Model",
      "method_name": "_get_FIELD_display"
    }
  ],
  "new_search_actions": [
    {
      "action": "search_method_in_class",
      "action_input": {
        "class_name": "Model",
        "method_name": "_get_FIELD_display",
        "file_path": "django/db/models/base.py"
      }
    },
    {
      "action": "search_method_in_class",
      "action_input": {
        "class_name": "Field",
        "method_name": "deconstruct",
        "file_path": "django/db/models/fields/__init__.py"
      }
    },
    {
      "action": "search_file_contents",
      "action_input": {
        "file_name": "__init__.py",
        "directory_path": "django/db/models/fields"
      }
    },
    {
      "action": "search_file_contents",
      "action_input": {
        "file_name": "base.py",
        "directory_path": "django/db/models"
      }
    }
  ]
}
[2026-07-29 15:01:41,529 - action_history - DEBUG] Action history: 
 SearchActionHistory(
  Search Action: search_class
Search Action Input: {'class_name': 'Field', 'file_path': 'django/db/models/fields/__init__.py'}: 1
  Search Action: search_method_in_class
Search Action Input: {'class_name': 'Field', 'method_name': 'contribute_to_class', 'file_path': 'django/db/models/fields/__init__.py'}: 2
  Search Action: search_class
Search Action Input: {'class_name': 'Model', 'file_path': 'django/db/models/base.py'}: 3
  Search Action: search_method_in_class
Search Action Input: {'class_name': 'Model', 'method_name': '_get_FIELD_display', 'file_path': 'django/db/models/base.py'}: 4
  Search Action: search_method_in_class
Search Action Input: {'class_name': 'Field', 'method_name': 'deconstruct', 'file_path': 'django/db/models/fields/__init__.py'}: 3
  Search Action: search_file_contents
Search Action Input: {'file_name': '__init__.py', 'directory_path': 'django/db/models/fields'}: 3
  Search Action: search_file_contents
Search Action Input: {'file_name': 'base.py', 'directory_path': 'django/db/models'}: 2
)
[2026-07-29 15:01:41,529 - Orcar.search_agent - INFO] Current search queue size: 4
[2026-07-29 15:01:42,561 - Orcar.search_agent - INFO] Is early stop: False similarity: False
[2026-07-29 15:01:42,562 - Orcar.search_agent - INFO] Is complete: False
[2026-07-29 15:01:42,562 - search_queue - DEBUG] search queue: 
 SearchQueue(
  Value: 4, Action: Search Action: search_method_in_class
Search Action Input: {'class_name': 'Model', 'method_name': '_get_FIELD_display', 'file_path': 'django/db/models/base.py'}
  Value: 3, Action: Search Action: search_method_in_class
Search Action Input: {'class_name': 'Field', 'method_name': 'deconstruct', 'file_path': 'django/db/models/fields/__init__.py'}
  Value: 3, Action: Search Action: search_file_contents
Search Action Input: {'file_name': '__init__.py', 'directory_path': 'django/db/models/fields'}
  Value: 2, Action: Search Action: search_file_contents
Search Action Input: {'file_name': 'base.py', 'directory_path': 'django/db/models'}
)
[2026-07-29 15:01:42,592 - Orcar.search_agent - DEBUG] Search content: [ChatMessage(role=<MessageRole.USER: 'user'>, additional_kwargs={}, blocks=[TextBlock(block_type='text', text="Please provide observation feedback and new_search_actions on the search results below. \n<New Info>\n\n            Search Action: search_method_in_class\n\n            Search Action Input: {'class_name': 'Model', 'method_name': '_get_FIELD_display', 'file_path': 'django/db/models/base.py'}\n\n            File Path: django/db/models/base.py \nMethod Content: \n    def _get_FIELD_display(self, field):\n        value = getattr(self, field.attname)\n        # force_str() to coerce lazy strings.\n        return force_str(dict(field.flatchoices).get(value, value), strings_only=True)\n\n</New Info>\n")])]
[2026-07-29 15:01:42,592 - Orcar.search_agent - INFO] Search cache: [SearchResult(search_action='search_method_in_class', search_action_input={'class_name': 'Field', 'method_name': 'contribute_to_class', 'file_path': 'django/db/models/fields/__init__.py'}, search_content='File Path: django/db/models/fields/__init__.py \nMethod Content: \n    def contribute_to_class(self, cls, name, private_only=False):\n        """\n        Register the field with the model class it belongs to.\n\n        If private_only is True, create a separate instance of this field\n        for every subclass of cls, even if cls is not an abstract model.\n        """\n        self.set_attributes_from_name(name)\n        self.model = cls\n        cls._meta.add_field(self, private=private_only)\n        if self.column:\n            # Don\'t override classmethods with the descriptor. This means that\n            # if you have a classmethod and a field with the same name, then\n            # such fields can\'t be deferred (we don\'t have a check for this).\n            if not getattr(cls, self.attname, None):\n                setattr(cls, self.attname, self.descriptor_class(self))\n        if self.choices is not None:\n            setattr(cls, \'get_%s_display\' % self.name,\n                    partialmethod(cls._get_FIELD_display, field=self))\n'), SearchResult(search_action='search_method_in_class', search_action_input={'class_name': 'Model', 'method_name': '_get_FIELD_display', 'file_path': 'django/db/models/base.py'}, search_content='File Path: django/db/models/base.py \nMethod Content: \n    def _get_FIELD_display(self, field):\n        value = getattr(self, field.attname)\n        # force_str() to coerce lazy strings.\n        return force_str(dict(field.flatchoices).get(value, value), strings_only=True)\n')]
[2026-07-29 15:01:56,669 - Orcar.search_agent - INFO] in_token_cnt=3584 out_token_cnt=307
[2026-07-29 15:01:56,670 - Orcar.search_agent - INFO] Chat response: assistant: {
  "observation_feedback": "The latest result confirms the regression point: `Field.contribute_to_class()` always sets `get_<field>_display` on the model when `choices` is present, so a user-defined method with the same name is overwritten. `Model._get_FIELD_display()` itself is only the generated implementation and does not appear to cause the override.",
  "potential_bug_locations": [
    {
      "file_path": "django/db/models/fields/__init__.py",
      "class_name": "Field",
      "method_name": "contribute_to_class"
    },
    {
      "file_path": "django/db/models/base.py",
      "class_name": "Model",
      "method_name": "_get_FIELD_display"
    }
  ],
  "new_search_actions": [
    {
      "action": "search_method_in_class",
      "action_input": {
        "class_name": "Field",
        "method_name": "deconstruct",
        "file_path": "django/db/models/fields/__init__.py"
      }
    },
    {
      "action": "search_file_contents",
      "action_input": {
        "file_name": "__init__.py",
        "directory_path": "django/db/models/fields"
      }
    },
    {
      "action": "search_file_contents",
      "action_input": {
        "file_name": "base.py",
        "directory_path": "django/db/models"
      }
    }
  ]
}
[2026-07-29 15:01:56,670 - action_history - DEBUG] Action history: 
 SearchActionHistory(
  Search Action: search_class
Search Action Input: {'class_name': 'Field', 'file_path': 'django/db/models/fields/__init__.py'}: 1
  Search Action: search_method_in_class
Search Action Input: {'class_name': 'Field', 'method_name': 'contribute_to_class', 'file_path': 'django/db/models/fields/__init__.py'}: 2
  Search Action: search_class
Search Action Input: {'class_name': 'Model', 'file_path': 'django/db/models/base.py'}: 3
  Search Action: search_method_in_class
Search Action Input: {'class_name': 'Model', 'method_name': '_get_FIELD_display', 'file_path': 'django/db/models/base.py'}: 4
  Search Action: search_method_in_class
Search Action Input: {'class_name': 'Field', 'method_name': 'deconstruct', 'file_path': 'django/db/models/fields/__init__.py'}: 4
  Search Action: search_file_contents
Search Action Input: {'file_name': '__init__.py', 'directory_path': 'django/db/models/fields'}: 4
  Search Action: search_file_contents
Search Action Input: {'file_name': 'base.py', 'directory_path': 'django/db/models'}: 3
)
[2026-07-29 15:01:56,671 - Orcar.search_agent - INFO] Current search queue size: 3
[2026-07-29 15:01:59,423 - Orcar.search_agent - INFO] Is early stop: False similarity: True
[2026-07-29 15:01:59,423 - Orcar.search_agent - INFO] Is complete: False
[2026-07-29 15:01:59,424 - search_queue - DEBUG] search queue: 
 SearchQueue(
  Value: 4, Action: Search Action: search_method_in_class
Search Action Input: {'class_name': 'Field', 'method_name': 'deconstruct', 'file_path': 'django/db/models/fields/__init__.py'}
  Value: 4, Action: Search Action: search_file_contents
Search Action Input: {'file_name': '__init__.py', 'directory_path': 'django/db/models/fields'}
  Value: 3, Action: Search Action: search_file_contents
Search Action Input: {'file_name': 'base.py', 'directory_path': 'django/db/models'}
)
[2026-07-29 15:01:59,462 - Orcar.search_agent - DEBUG] Search content: [ChatMessage(role=<MessageRole.USER: 'user'>, additional_kwargs={}, blocks=[TextBlock(block_type='text', text='Please provide observation feedback and new_search_actions on the search results below. \n<New Info>\n\n            Search Action: search_method_in_class\n\n            Search Action Input: {\'class_name\': \'Field\', \'method_name\': \'deconstruct\', \'file_path\': \'django/db/models/fields/__init__.py\'}\n\n            File Path: django/db/models/fields/__init__.py \nMethod Content: \n    def deconstruct(self):\n        """\n        Return enough information to recreate the field as a 4-tuple:\n\n         * The name of the field on the model, if contribute_to_class() has\n           been run.\n         * The import path of the field, including the class:e.g.\n           django.db.models.IntegerField This should be the most portable\n           version, so less specific may be better.\n         * A list of positional arguments.\n         * A dict of keyword arguments.\n\n        Note that the positional or keyword arguments must contain values of\n        the following types (including inner values of collection types):\n\n         * None, bool, str, int, float, complex, set, frozenset, list, tuple,\n           dict\n         * UUID\n         * datetime.datetime (naive), datetime.date\n         * top-level classes, top-level functions - will be referenced by their\n           full import path\n         * Storage instances - these have their own deconstruct() method\n\n        This is because the values here must be serialized into a text format\n        (possibly new Python code, possibly JSON) and these are the only types\n        with encoding handlers defined.\n\n        There\'s no need to return the exact way the field was instantiated this\n        time, just ensure that the resulting field is the same - prefer keyword\n        arguments over positional ones, and omit parameters with their default\n        values.\n        """\n        # Short-form way of fetching all the default parameters\n        keywords = {}\n        possibles = {\n            "verbose_name": None,\n            "primary_key": False,\n            "max_length": None,\n            "unique": False,\n            "blank": False,\n            "null": False,\n            "db_index": False,\n            "default": NOT_PROVIDED,\n            "editable": True,\n            "serialize": True,\n            "unique_for_date": None,\n            "unique_for_month": None,\n            "unique_for_year": None,\n            "choices": None,\n            "help_text": \'\',\n            "db_column": None,\n            "db_tablespace": None,\n            "auto_created": False,\n            "validators": [],\n            "error_messages": None,\n        }\n        attr_overrides = {\n            "unique": "_unique",\n            "error_messages": "_error_messages",\n            "validators": "_validators",\n            "verbose_name": "_verbose_name",\n            "db_tablespace": "_db_tablespace",\n        }\n        equals_comparison = {"choices", "validators"}\n        for name, default in possibles.items():\n            value = getattr(self, attr_overrides.get(name, name))\n            # Unroll anything iterable for choices into a concrete list\n            if name == "choices" and isinstance(value, collections.abc.Iterable):\n                value = list(value)\n            # Do correct kind of comparison\n            if name in equals_comparison:\n                if value != default:\n                    keywords[name] = value\n            else:\n                if value is not default:\n                    keywords[name] = value\n        # Work out path - we shorten it for known Django core fields\n        path = "%s.%s" % (self.__class__.__module__, self.__class__.__qualname__)\n        if path.startswith("django.db.models.fields.related"):\n            path = path.replace("django.db.models.fields.related", "django.db.models")\n        elif path.startswith("django.db.models.fields.files"):\n            path = path.replace("django.db.models.fields.files", "django.db.models")\n        elif path.startswith("django.db.models.fields.proxy"):\n            path = path.replace("django.db.models.fields.proxy", "django.db.models")\n        elif path.startswith("django.db.models.fields"):\n            path = path.replace("django.db.models.fields", "django.db.models")\n        # Return basic info - other fields should override this.\n        return (self.name, path, [], keywords)\n\n</New Info>\n')])]
[2026-07-29 15:01:59,462 - Orcar.search_agent - INFO] Search cache: [SearchResult(search_action='search_method_in_class', search_action_input={'class_name': 'Field', 'method_name': 'contribute_to_class', 'file_path': 'django/db/models/fields/__init__.py'}, search_content='File Path: django/db/models/fields/__init__.py \nMethod Content: \n    def contribute_to_class(self, cls, name, private_only=False):\n        """\n        Register the field with the model class it belongs to.\n\n        If private_only is True, create a separate instance of this field\n        for every subclass of cls, even if cls is not an abstract model.\n        """\n        self.set_attributes_from_name(name)\n        self.model = cls\n        cls._meta.add_field(self, private=private_only)\n        if self.column:\n            # Don\'t override classmethods with the descriptor. This means that\n            # if you have a classmethod and a field with the same name, then\n            # such fields can\'t be deferred (we don\'t have a check for this).\n            if not getattr(cls, self.attname, None):\n                setattr(cls, self.attname, self.descriptor_class(self))\n        if self.choices is not None:\n            setattr(cls, \'get_%s_display\' % self.name,\n                    partialmethod(cls._get_FIELD_display, field=self))\n'), SearchResult(search_action='search_method_in_class', search_action_input={'class_name': 'Model', 'method_name': '_get_FIELD_display', 'file_path': 'django/db/models/base.py'}, search_content='File Path: django/db/models/base.py \nMethod Content: \n    def _get_FIELD_display(self, field):\n        value = getattr(self, field.attname)\n        # force_str() to coerce lazy strings.\n        return force_str(dict(field.flatchoices).get(value, value), strings_only=True)\n'), SearchResult(search_action='search_method_in_class', search_action_input={'class_name': 'Field', 'method_name': 'deconstruct', 'file_path': 'django/db/models/fields/__init__.py'}, search_content='File Path: django/db/models/fields/__init__.py \nMethod Content: \n    def deconstruct(self):\n        """\n        Return enough information to recreate the field as a 4-tuple:\n\n         * The name of the field on the model, if contribute_to_class() has\n           been run.\n         * The import path of the field, including the class:e.g.\n           django.db.models.IntegerField This should be the most portable\n           version, so less specific may be better.\n         * A list of positional arguments.\n         * A dict of keyword arguments.\n\n        Note that the positional or keyword arguments must contain values of\n        the following types (including inner values of collection types):\n\n         * None, bool, str, int, float, complex, set, frozenset, list, tuple,\n           dict\n         * UUID\n         * datetime.datetime (naive), datetime.date\n         * top-level classes, top-level functions - will be referenced by their\n           full import path\n         * Storage instances - these have their own deconstruct() method\n\n        This is because the values here must be serialized into a text format\n        (possibly new Python code, possibly JSON) and these are the only types\n        with encoding handlers defined.\n\n        There\'s no need to return the exact way the field was instantiated this\n        time, just ensure that the resulting field is the same - prefer keyword\n        arguments over positional ones, and omit parameters with their default\n        values.\n        """\n        # Short-form way of fetching all the default parameters\n        keywords = {}\n        possibles = {\n            "verbose_name": None,\n            "primary_key": False,\n            "max_length": None,\n            "unique": False,\n            "blank": False,\n            "null": False,\n            "db_index": False,\n            "default": NOT_PROVIDED,\n            "editable": True,\n            "serialize": True,\n            "unique_for_date": None,\n            "unique_for_month": None,\n            "unique_for_year": None,\n            "choices": None,\n            "help_text": \'\',\n            "db_column": None,\n            "db_tablespace": None,\n            "auto_created": False,\n            "validators": [],\n            "error_messages": None,\n        }\n        attr_overrides = {\n            "unique": "_unique",\n            "error_messages": "_error_messages",\n            "validators": "_validators",\n            "verbose_name": "_verbose_name",\n            "db_tablespace": "_db_tablespace",\n        }\n        equals_comparison = {"choices", "validators"}\n        for name, default in possibles.items():\n            value = getattr(self, attr_overrides.get(name, name))\n            # Unroll anything iterable for choices into a concrete list\n            if name == "choices" and isinstance(value, collections.abc.Iterable):\n                value = list(value)\n            # Do correct kind of comparison\n            if name in equals_comparison:\n                if value != default:\n                    keywords[name] = value\n            else:\n                if value is not default:\n                    keywords[name] = value\n        # Work out path - we shorten it for known Django core fields\n        path = "%s.%s" % (self.__class__.__module__, self.__class__.__qualname__)\n        if path.startswith("django.db.models.fields.related"):\n            path = path.replace("django.db.models.fields.related", "django.db.models")\n        elif path.startswith("django.db.models.fields.files"):\n            path = path.replace("django.db.models.fields.files", "django.db.models")\n        elif path.startswith("django.db.models.fields.proxy"):\n            path = path.replace("django.db.models.fields.proxy", "django.db.models")\n        elif path.startswith("django.db.models.fields"):\n            path = path.replace("django.db.models.fields", "django.db.models")\n        # Return basic info - other fields should override this.\n        return (self.name, path, [], keywords)\n')]
[2026-07-29 15:02:08,410 - Orcar.search_agent - INFO] in_token_cnt=5214 out_token_cnt=256
[2026-07-29 15:02:08,410 - Orcar.search_agent - INFO] Chat response: assistant: {
  "observation_feedback": "The regression is still centered on `Field.contribute_to_class()`: for fields with `choices`, it always attaches `get_<field>_display` to the model via `setattr(...)`, which overwrites any user-defined method with the same name. `Model._get_FIELD_display()` only provides the generated implementation and does not itself explain the override behavior.",
  "potential_bug_locations": [
    {
      "file_path": "django/db/models/fields/__init__.py",
      "class_name": "Field",
      "method_name": "contribute_to_class"
    },
    {
      "file_path": "django/db/models/base.py",
      "class_name": "Model",
      "method_name": "_get_FIELD_display"
    }
  ],
  "new_search_actions": [
    {
      "action": "search_file_contents",
      "action_input": {
        "file_name": "__init__.py",
        "directory_path": "django/db/models/fields"
      }
    },
    {
      "action": "search_file_contents",
      "action_input": {
        "file_name": "base.py",
        "directory_path": "django/db/models"
      }
    }
  ]
}
[2026-07-29 15:02:08,411 - action_history - DEBUG] Action history: 
 SearchActionHistory(
  Search Action: search_class
Search Action Input: {'class_name': 'Field', 'file_path': 'django/db/models/fields/__init__.py'}: 1
  Search Action: search_method_in_class
Search Action Input: {'class_name': 'Field', 'method_name': 'contribute_to_class', 'file_path': 'django/db/models/fields/__init__.py'}: 2
  Search Action: search_class
Search Action Input: {'class_name': 'Model', 'file_path': 'django/db/models/base.py'}: 3
  Search Action: search_method_in_class
Search Action Input: {'class_name': 'Model', 'method_name': '_get_FIELD_display', 'file_path': 'django/db/models/base.py'}: 4
  Search Action: search_method_in_class
Search Action Input: {'class_name': 'Field', 'method_name': 'deconstruct', 'file_path': 'django/db/models/fields/__init__.py'}: 4
  Search Action: search_file_contents
Search Action Input: {'file_name': '__init__.py', 'directory_path': 'django/db/models/fields'}: 5
  Search Action: search_file_contents
Search Action Input: {'file_name': 'base.py', 'directory_path': 'django/db/models'}: 4
)
[2026-07-29 15:02:08,411 - Orcar.search_agent - INFO] Current search queue size: 2
[2026-07-29 15:02:10,940 - Orcar.search_agent - INFO] Is early stop: False similarity: True
[2026-07-29 15:02:10,940 - Orcar.search_agent - INFO] Is complete: False
[2026-07-29 15:02:10,940 - search_queue - DEBUG] search queue: 
 SearchQueue(
  Value: 5, Action: Search Action: search_file_contents
Search Action Input: {'file_name': '__init__.py', 'directory_path': 'django/db/models/fields'}
  Value: 4, Action: Search Action: search_file_contents
Search Action Input: {'file_name': 'base.py', 'directory_path': 'django/db/models'}
)
[2026-07-29 15:02:10,969 - Orcar.search_agent - INFO] File functions number: 32
[2026-07-29 15:02:10,969 - Orcar.formatter - INFO] Found tokenizer for model 'gpt-5.4-mini'
[2026-07-29 15:02:30,058 - Orcar.code_scorer - INFO] Total batch chat time: 19.09s
[2026-07-29 15:02:30,058 - Orcar.code_scorer - INFO] in_token_cnt=269 out_token_cnt=1
[2026-07-29 15:02:30,059 - Orcar.code_scorer - INFO] in_token_cnt=272 out_token_cnt=1
[2026-07-29 15:02:30,059 - Orcar.code_scorer - INFO] in_token_cnt=293 out_token_cnt=1
[2026-07-29 15:02:30,059 - Orcar.code_scorer - INFO] in_token_cnt=287 out_token_cnt=1
[2026-07-29 15:02:30,059 - Orcar.code_scorer - INFO] in_token_cnt=271 out_token_cnt=1
[2026-07-29 15:02:30,059 - Orcar.code_scorer - INFO] in_token_cnt=653 out_token_cnt=1
[2026-07-29 15:02:30,059 - Orcar.code_scorer - INFO] in_token_cnt=700 out_token_cnt=1
[2026-07-29 15:02:30,059 - Orcar.code_scorer - INFO] in_token_cnt=367 out_token_cnt=1
[2026-07-29 15:02:30,059 - Orcar.code_scorer - INFO] in_token_cnt=482 out_token_cnt=1
[2026-07-29 15:02:30,059 - Orcar.code_scorer - INFO] in_token_cnt=619 out_token_cnt=1
[2026-07-29 15:02:30,059 - Orcar.code_scorer - INFO] in_token_cnt=446 out_token_cnt=1
[2026-07-29 15:02:30,060 - Orcar.code_scorer - INFO] in_token_cnt=755 out_token_cnt=1
[2026-07-29 15:02:30,060 - Orcar.code_scorer - INFO] in_token_cnt=498 out_token_cnt=1
[2026-07-29 15:02:30,060 - Orcar.code_scorer - INFO] in_token_cnt=813 out_token_cnt=1
[2026-07-29 15:02:30,060 - Orcar.code_scorer - INFO] in_token_cnt=360 out_token_cnt=1
[2026-07-29 15:02:30,060 - Orcar.code_scorer - INFO] in_token_cnt=457 out_token_cnt=1
[2026-07-29 15:02:30,060 - Orcar.code_scorer - INFO] in_token_cnt=836 out_token_cnt=1
[2026-07-29 15:02:30,060 - Orcar.code_scorer - INFO] in_token_cnt=430 out_token_cnt=1
[2026-07-29 15:02:30,060 - Orcar.code_scorer - INFO] in_token_cnt=396 out_token_cnt=1
[2026-07-29 15:02:30,060 - Orcar.code_scorer - INFO] in_token_cnt=330 out_token_cnt=1
[2026-07-29 15:02:30,060 - Orcar.code_scorer - INFO] in_token_cnt=333 out_token_cnt=1
[2026-07-29 15:02:30,060 - Orcar.code_scorer - INFO] in_token_cnt=517 out_token_cnt=1
[2026-07-29 15:02:30,061 - Orcar.code_scorer - INFO] in_token_cnt=291 out_token_cnt=1
[2026-07-29 15:02:30,061 - Orcar.code_scorer - INFO] in_token_cnt=442 out_token_cnt=1
[2026-07-29 15:02:30,061 - Orcar.code_scorer - INFO] in_token_cnt=426 out_token_cnt=1
[2026-07-29 15:02:30,061 - Orcar.code_scorer - INFO] in_token_cnt=694 out_token_cnt=1
[2026-07-29 15:02:30,061 - Orcar.code_scorer - INFO] in_token_cnt=608 out_token_cnt=1
[2026-07-29 15:02:30,061 - Orcar.code_scorer - INFO] in_token_cnt=576 out_token_cnt=1
[2026-07-29 15:02:30,061 - Orcar.code_scorer - INFO] in_token_cnt=483 out_token_cnt=1
[2026-07-29 15:02:30,061 - Orcar.code_scorer - INFO] in_token_cnt=314 out_token_cnt=1
[2026-07-29 15:02:30,061 - Orcar.code_scorer - INFO] in_token_cnt=311 out_token_cnt=1
[2026-07-29 15:02:30,061 - Orcar.code_scorer - INFO] in_token_cnt=311 out_token_cnt=1
[2026-07-29 15:02:30,094 - Orcar.search_agent - DEBUG] Search content: [ChatMessage(role=<MessageRole.USER: 'user'>, additional_kwargs={}, blocks=[TextBlock(block_type='text', text="Please provide observation feedback and new_search_actions on the search results below. \n<New Info>\n\n            Search Action: search_file_contents\n\n            Search Action Input: {'file_name': '__init__.py', 'directory_path': 'django/db/models/fields'}\n\n            File Path: django/db/models/fields/__init__.py \nFile Skeleton: \n\nGlobal_variable: __all__\nSignature: __all__\n\nClass: Empty\nSignature: Empty\n\nClass: NOT_PROVIDED\nSignature: NOT_PROVIDED\n\nGlobal_variable: BLANK_CHOICE_DASH\nSignature: BLANK_CHOICE_DASH\n\nFunction: _load_field\nSignature: _load_field(app_label, model_name, field_name)\n\nFunction: _empty\nSignature: _empty(of_cls)\n\nFunction: return_None\nSignature: return_None()\n\nClass: Field\nSignature: Field\nDocstring: Base class for all field types\n\nClass: BooleanField\nSignature: BooleanField\n\nClass: CharField\nSignature: CharField\n\nClass: CommaSeparatedIntegerField\nSignature: CommaSeparatedIntegerField\n\nClass: DateTimeCheckMixin\nSignature: DateTimeCheckMixin\n\nClass: DateField\nSignature: DateField\n\nClass: DateTimeField\nSignature: DateTimeField\n\nClass: DecimalField\nSignature: DecimalField\n\nClass: DurationField\nSignature: DurationField\nDocstring: Store timedelta objects.\n\nUse interval on PostgreSQL, INTERVAL DAY TO SECOND on Oracle, and bigint\nof microseconds on other databases.\n\nClass: EmailField\nSignature: EmailField\n\nClass: FilePathField\nSignature: FilePathField\n\nClass: FloatField\nSignature: FloatField\n\nClass: IntegerField\nSignature: IntegerField\n\nClass: BigIntegerField\nSignature: BigIntegerField\n\nClass: IPAddressField\nSignature: IPAddressField\n\nClass: GenericIPAddressField\nSignature: GenericIPAddressField\n\nClass: NullBooleanField\nSignature: NullBooleanField\n\nClass: PositiveIntegerRelDbTypeMixin\nSignature: PositiveIntegerRelDbTypeMixin\n\nClass: PositiveIntegerField\nSignature: PositiveIntegerField\n\nClass: PositiveSmallIntegerField\nSignature: PositiveSmallIntegerField\n\nClass: SlugField\nSignature: SlugField\n\nClass: SmallIntegerField\nSignature: SmallIntegerField\n\nClass: TextField\nSignature: TextField\n\nClass: TimeField\nSignature: TimeField\n\nClass: URLField\nSignature: URLField\n\nClass: BinaryField\nSignature: BinaryField\n\nClass: UUIDField\nSignature: UUIDField\n\nClass: AutoFieldMixin\nSignature: AutoFieldMixin\n\nClass: AutoFieldMeta\nSignature: AutoFieldMeta\nDocstring: Metaclass to maintain backward inheritance compatibility for AutoField.\n\nIt is intended that AutoFieldMixin become public API when it is possible to\ncreate a non-integer automatically-generated field using column defaults\nstored in the database.\n\nIn many areas Django also relies on using isinstance() to check for an\nautomatically-generated field as a subclass of AutoField. A new flag needs\nto be implemented on Field to be used instead.\n\nWhen these issues have been addressed, this metaclass could be used to\ndeprecate inheritance from AutoField and use of isinstance() with AutoField\nfor detecting automatically-generated fields.\n\nClass: AutoField\nSignature: AutoField\n\nClass: BigAutoField\nSignature: BigAutoField\n\nClass: SmallAutoField\nSignature: SmallAutoField\n\n</New Info>\n")])]
[2026-07-29 15:02:30,095 - Orcar.search_agent - INFO] Search cache: [SearchResult(search_action='search_method_in_class', search_action_input={'class_name': 'Field', 'method_name': 'contribute_to_class', 'file_path': 'django/db/models/fields/__init__.py'}, search_content='File Path: django/db/models/fields/__init__.py \nMethod Content: \n    def contribute_to_class(self, cls, name, private_only=False):\n        """\n        Register the field with the model class it belongs to.\n\n        If private_only is True, create a separate instance of this field\n        for every subclass of cls, even if cls is not an abstract model.\n        """\n        self.set_attributes_from_name(name)\n        self.model = cls\n        cls._meta.add_field(self, private=private_only)\n        if self.column:\n            # Don\'t override classmethods with the descriptor. This means that\n            # if you have a classmethod and a field with the same name, then\n            # such fields can\'t be deferred (we don\'t have a check for this).\n            if not getattr(cls, self.attname, None):\n                setattr(cls, self.attname, self.descriptor_class(self))\n        if self.choices is not None:\n            setattr(cls, \'get_%s_display\' % self.name,\n                    partialmethod(cls._get_FIELD_display, field=self))\n'), SearchResult(search_action='search_method_in_class', search_action_input={'class_name': 'Model', 'method_name': '_get_FIELD_display', 'file_path': 'django/db/models/base.py'}, search_content='File Path: django/db/models/base.py \nMethod Content: \n    def _get_FIELD_display(self, field):\n        value = getattr(self, field.attname)\n        # force_str() to coerce lazy strings.\n        return force_str(dict(field.flatchoices).get(value, value), strings_only=True)\n'), SearchResult(search_action='search_method_in_class', search_action_input={'class_name': 'Field', 'method_name': 'deconstruct', 'file_path': 'django/db/models/fields/__init__.py'}, search_content='File Path: django/db/models/fields/__init__.py \nMethod Content: \n    def deconstruct(self):\n        """\n        Return enough information to recreate the field as a 4-tuple:\n\n         * The name of the field on the model, if contribute_to_class() has\n           been run.\n         * The import path of the field, including the class:e.g.\n           django.db.models.IntegerField This should be the most portable\n           version, so less specific may be better.\n         * A list of positional arguments.\n         * A dict of keyword arguments.\n\n        Note that the positional or keyword arguments must contain values of\n        the following types (including inner values of collection types):\n\n         * None, bool, str, int, float, complex, set, frozenset, list, tuple,\n           dict\n         * UUID\n         * datetime.datetime (naive), datetime.date\n         * top-level classes, top-level functions - will be referenced by their\n           full import path\n         * Storage instances - these have their own deconstruct() method\n\n        This is because the values here must be serialized into a text format\n        (possibly new Python code, possibly JSON) and these are the only types\n        with encoding handlers defined.\n\n        There\'s no need to return the exact way the field was instantiated this\n        time, just ensure that the resulting field is the same - prefer keyword\n        arguments over positional ones, and omit parameters with their default\n        values.\n        """\n        # Short-form way of fetching all the default parameters\n        keywords = {}\n        possibles = {\n            "verbose_name": None,\n            "primary_key": False,\n            "max_length": None,\n            "unique": False,\n            "blank": False,\n            "null": False,\n            "db_index": False,\n            "default": NOT_PROVIDED,\n            "editable": True,\n            "serialize": True,\n            "unique_for_date": None,\n            "unique_for_month": None,\n            "unique_for_year": None,\n            "choices": None,\n            "help_text": \'\',\n            "db_column": None,\n            "db_tablespace": None,\n            "auto_created": False,\n            "validators": [],\n            "error_messages": None,\n        }\n        attr_overrides = {\n            "unique": "_unique",\n            "error_messages": "_error_messages",\n            "validators": "_validators",\n            "verbose_name": "_verbose_name",\n            "db_tablespace": "_db_tablespace",\n        }\n        equals_comparison = {"choices", "validators"}\n        for name, default in possibles.items():\n            value = getattr(self, attr_overrides.get(name, name))\n            # Unroll anything iterable for choices into a concrete list\n            if name == "choices" and isinstance(value, collections.abc.Iterable):\n                value = list(value)\n            # Do correct kind of comparison\n            if name in equals_comparison:\n                if value != default:\n                    keywords[name] = value\n            else:\n                if value is not default:\n                    keywords[name] = value\n        # Work out path - we shorten it for known Django core fields\n        path = "%s.%s" % (self.__class__.__module__, self.__class__.__qualname__)\n        if path.startswith("django.db.models.fields.related"):\n            path = path.replace("django.db.models.fields.related", "django.db.models")\n        elif path.startswith("django.db.models.fields.files"):\n            path = path.replace("django.db.models.fields.files", "django.db.models")\n        elif path.startswith("django.db.models.fields.proxy"):\n            path = path.replace("django.db.models.fields.proxy", "django.db.models")\n        elif path.startswith("django.db.models.fields"):\n            path = path.replace("django.db.models.fields", "django.db.models")\n        # Return basic info - other fields should override this.\n        return (self.name, path, [], keywords)\n')]
[2026-07-29 15:02:41,773 - Orcar.search_agent - INFO] in_token_cnt=5091 out_token_cnt=167
[2026-07-29 15:02:41,774 - Orcar.search_agent - INFO] Chat response: assistant: {
  "observation_feedback": "The context now confirms the regression source: `Field.contribute_to_class()` unconditionally sets `get_<field>_display` on the model whenever `choices` is present, which overwrites any user-defined method with the same name. `Model._get_FIELD_display()` only contains the generated choice-label lookup and is not the overwrite cause.",
  "potential_bug_locations": [
    {
      "file_path": "django/db/models/fields/__init__.py",
      "class_name": "Field",
      "method_name": "contribute_to_class"
    },
    {
      "file_path": "django/db/models/base.py",
      "class_name": "Model",
      "method_name": "_get_FIELD_display"
    }
  ],
  "new_search_actions": []
}
[2026-07-29 15:02:41,774 - action_history - DEBUG] Action history: 
 SearchActionHistory(
  Search Action: search_class
Search Action Input: {'class_name': 'Field', 'file_path': 'django/db/models/fields/__init__.py'}: 1
  Search Action: search_method_in_class
Search Action Input: {'class_name': 'Field', 'method_name': 'contribute_to_class', 'file_path': 'django/db/models/fields/__init__.py'}: 2
  Search Action: search_class
Search Action Input: {'class_name': 'Model', 'file_path': 'django/db/models/base.py'}: 3
  Search Action: search_method_in_class
Search Action Input: {'class_name': 'Model', 'method_name': '_get_FIELD_display', 'file_path': 'django/db/models/base.py'}: 4
  Search Action: search_method_in_class
Search Action Input: {'class_name': 'Field', 'method_name': 'deconstruct', 'file_path': 'django/db/models/fields/__init__.py'}: 4
  Search Action: search_file_contents
Search Action Input: {'file_name': '__init__.py', 'directory_path': 'django/db/models/fields'}: 5
  Search Action: search_file_contents
Search Action Input: {'file_name': 'base.py', 'directory_path': 'django/db/models'}: 4
)
[2026-07-29 15:02:41,774 - Orcar.search_agent - INFO] Current search queue size: 1
[2026-07-29 15:02:42,703 - Orcar.search_agent - INFO] Is early stop: False similarity: True
[2026-07-29 15:02:42,703 - Orcar.search_agent - INFO] Is complete: False
[2026-07-29 15:02:42,704 - search_queue - DEBUG] search queue: 
 SearchQueue(
  Value: 4, Action: Search Action: search_file_contents
Search Action Input: {'file_name': 'base.py', 'directory_path': 'django/db/models'}
)
[2026-07-29 15:02:42,717 - Orcar.search_agent - INFO] File functions number: 9
[2026-07-29 15:02:42,717 - Orcar.formatter - INFO] Found tokenizer for model 'gpt-5.4-mini'
[2026-07-29 15:02:48,650 - Orcar.code_scorer - INFO] Total batch chat time: 5.93s
[2026-07-29 15:02:48,651 - Orcar.code_scorer - INFO] in_token_cnt=294 out_token_cnt=1
[2026-07-29 15:02:48,651 - Orcar.code_scorer - INFO] in_token_cnt=368 out_token_cnt=1
[2026-07-29 15:02:48,651 - Orcar.code_scorer - INFO] in_token_cnt=302 out_token_cnt=1
[2026-07-29 15:02:48,651 - Orcar.code_scorer - INFO] in_token_cnt=304 out_token_cnt=1
[2026-07-29 15:02:48,651 - Orcar.code_scorer - INFO] in_token_cnt=353 out_token_cnt=1
[2026-07-29 15:02:48,651 - Orcar.code_scorer - INFO] in_token_cnt=362 out_token_cnt=1
[2026-07-29 15:02:48,651 - Orcar.code_scorer - INFO] in_token_cnt=329 out_token_cnt=1
[2026-07-29 15:02:48,651 - Orcar.code_scorer - INFO] in_token_cnt=339 out_token_cnt=1
[2026-07-29 15:02:48,651 - Orcar.code_scorer - INFO] in_token_cnt=332 out_token_cnt=1
[2026-07-29 15:02:48,679 - Orcar.search_agent - DEBUG] Search content: [ChatMessage(role=<MessageRole.USER: 'user'>, additional_kwargs={}, blocks=[TextBlock(block_type='text', text="Please provide observation feedback and new_search_actions on the search results below. \n<New Info>\n\n            Search Action: search_file_contents\n\n            Search Action Input: {'file_name': 'base.py', 'directory_path': 'django/db/models'}\n\n            File Path: django/db/models/base.py \nFile Skeleton: \n\nClass: Deferred\nSignature: Deferred\n\nGlobal_variable: DEFERRED\nSignature: DEFERRED\n\nFunction: subclass_exception\nSignature: subclass_exception(name, bases, module, attached_to)\nDocstring: Create exception subclass. Used by ModelBase below.\n\nThe exception is created in a way that allows it to be pickled, assuming\nthat the returned exception class will be added as an attribute to the\n'attached_to' class.\n\nFunction: _has_contribute_to_class\nSignature: _has_contribute_to_class(value)\n\nClass: ModelBase\nSignature: ModelBase\nDocstring: Metaclass for all models.\n\nClass: ModelStateFieldsCacheDescriptor\nSignature: ModelStateFieldsCacheDescriptor\n\nClass: ModelState\nSignature: ModelState\nDocstring: Store model instance state.\n\nClass: Model\nSignature: Model\n\nFunction: method_set_order\nSignature: method_set_order(self, ordered_obj, id_list, using)\n\nFunction: method_get_order\nSignature: method_get_order(self, ordered_obj)\n\nFunction: make_foreign_order_accessors\nSignature: make_foreign_order_accessors(model, related_model)\n\nFunction: model_unpickle\nSignature: model_unpickle(model_id)\nDocstring: Used to unpickle Model subclasses with deferred fields.\n\n</New Info>\n")])]
[2026-07-29 15:02:48,679 - Orcar.search_agent - INFO] Search cache: [SearchResult(search_action='search_method_in_class', search_action_input={'class_name': 'Field', 'method_name': 'contribute_to_class', 'file_path': 'django/db/models/fields/__init__.py'}, search_content='File Path: django/db/models/fields/__init__.py \nMethod Content: \n    def contribute_to_class(self, cls, name, private_only=False):\n        """\n        Register the field with the model class it belongs to.\n\n        If private_only is True, create a separate instance of this field\n        for every subclass of cls, even if cls is not an abstract model.\n        """\n        self.set_attributes_from_name(name)\n        self.model = cls\n        cls._meta.add_field(self, private=private_only)\n        if self.column:\n            # Don\'t override classmethods with the descriptor. This means that\n            # if you have a classmethod and a field with the same name, then\n            # such fields can\'t be deferred (we don\'t have a check for this).\n            if not getattr(cls, self.attname, None):\n                setattr(cls, self.attname, self.descriptor_class(self))\n        if self.choices is not None:\n            setattr(cls, \'get_%s_display\' % self.name,\n                    partialmethod(cls._get_FIELD_display, field=self))\n'), SearchResult(search_action='search_method_in_class', search_action_input={'class_name': 'Model', 'method_name': '_get_FIELD_display', 'file_path': 'django/db/models/base.py'}, search_content='File Path: django/db/models/base.py \nMethod Content: \n    def _get_FIELD_display(self, field):\n        value = getattr(self, field.attname)\n        # force_str() to coerce lazy strings.\n        return force_str(dict(field.flatchoices).get(value, value), strings_only=True)\n'), SearchResult(search_action='search_method_in_class', search_action_input={'class_name': 'Field', 'method_name': 'deconstruct', 'file_path': 'django/db/models/fields/__init__.py'}, search_content='File Path: django/db/models/fields/__init__.py \nMethod Content: \n    def deconstruct(self):\n        """\n        Return enough information to recreate the field as a 4-tuple:\n\n         * The name of the field on the model, if contribute_to_class() has\n           been run.\n         * The import path of the field, including the class:e.g.\n           django.db.models.IntegerField This should be the most portable\n           version, so less specific may be better.\n         * A list of positional arguments.\n         * A dict of keyword arguments.\n\n        Note that the positional or keyword arguments must contain values of\n        the following types (including inner values of collection types):\n\n         * None, bool, str, int, float, complex, set, frozenset, list, tuple,\n           dict\n         * UUID\n         * datetime.datetime (naive), datetime.date\n         * top-level classes, top-level functions - will be referenced by their\n           full import path\n         * Storage instances - these have their own deconstruct() method\n\n        This is because the values here must be serialized into a text format\n        (possibly new Python code, possibly JSON) and these are the only types\n        with encoding handlers defined.\n\n        There\'s no need to return the exact way the field was instantiated this\n        time, just ensure that the resulting field is the same - prefer keyword\n        arguments over positional ones, and omit parameters with their default\n        values.\n        """\n        # Short-form way of fetching all the default parameters\n        keywords = {}\n        possibles = {\n            "verbose_name": None,\n            "primary_key": False,\n            "max_length": None,\n            "unique": False,\n            "blank": False,\n            "null": False,\n            "db_index": False,\n            "default": NOT_PROVIDED,\n            "editable": True,\n            "serialize": True,\n            "unique_for_date": None,\n            "unique_for_month": None,\n            "unique_for_year": None,\n            "choices": None,\n            "help_text": \'\',\n            "db_column": None,\n            "db_tablespace": None,\n            "auto_created": False,\n            "validators": [],\n            "error_messages": None,\n        }\n        attr_overrides = {\n            "unique": "_unique",\n            "error_messages": "_error_messages",\n            "validators": "_validators",\n            "verbose_name": "_verbose_name",\n            "db_tablespace": "_db_tablespace",\n        }\n        equals_comparison = {"choices", "validators"}\n        for name, default in possibles.items():\n            value = getattr(self, attr_overrides.get(name, name))\n            # Unroll anything iterable for choices into a concrete list\n            if name == "choices" and isinstance(value, collections.abc.Iterable):\n                value = list(value)\n            # Do correct kind of comparison\n            if name in equals_comparison:\n                if value != default:\n                    keywords[name] = value\n            else:\n                if value is not default:\n                    keywords[name] = value\n        # Work out path - we shorten it for known Django core fields\n        path = "%s.%s" % (self.__class__.__module__, self.__class__.__qualname__)\n        if path.startswith("django.db.models.fields.related"):\n            path = path.replace("django.db.models.fields.related", "django.db.models")\n        elif path.startswith("django.db.models.fields.files"):\n            path = path.replace("django.db.models.fields.files", "django.db.models")\n        elif path.startswith("django.db.models.fields.proxy"):\n            path = path.replace("django.db.models.fields.proxy", "django.db.models")\n        elif path.startswith("django.db.models.fields"):\n            path = path.replace("django.db.models.fields", "django.db.models")\n        # Return basic info - other fields should override this.\n        return (self.name, path, [], keywords)\n')]
[2026-07-29 15:02:56,192 - Orcar.search_agent - INFO] in_token_cnt=4759 out_token_cnt=189
[2026-07-29 15:02:56,192 - Orcar.search_agent - INFO] Chat response: assistant: {
  "observation_feedback": "The regression is confirmed in `django/db/models/fields/__init__.py`: `Field.contribute_to_class()` always assigns `get_<field>_display` with `setattr(...)` whenever `choices` is set, which overwrites any user-defined method of the same name on the model. `django/db/models/base.py`'s `Model._get_FIELD_display()` only provides the generated display logic and does not cause the override itself.",
  "potential_bug_locations": [
    {
      "file_path": "django/db/models/fields/__init__.py",
      "class_name": "Field",
      "method_name": "contribute_to_class"
    },
    {
      "file_path": "django/db/models/base.py",
      "class_name": "Model",
      "method_name": "_get_FIELD_display"
    }
  ],
  "new_search_actions": []
}
[2026-07-29 15:02:56,193 - action_history - DEBUG] Action history: 
 SearchActionHistory(
  Search Action: search_class
Search Action Input: {'class_name': 'Field', 'file_path': 'django/db/models/fields/__init__.py'}: 1
  Search Action: search_method_in_class
Search Action Input: {'class_name': 'Field', 'method_name': 'contribute_to_class', 'file_path': 'django/db/models/fields/__init__.py'}: 2
  Search Action: search_class
Search Action Input: {'class_name': 'Model', 'file_path': 'django/db/models/base.py'}: 3
  Search Action: search_method_in_class
Search Action Input: {'class_name': 'Model', 'method_name': '_get_FIELD_display', 'file_path': 'django/db/models/base.py'}: 4
  Search Action: search_method_in_class
Search Action Input: {'class_name': 'Field', 'method_name': 'deconstruct', 'file_path': 'django/db/models/fields/__init__.py'}: 4
  Search Action: search_file_contents
Search Action Input: {'file_name': '__init__.py', 'directory_path': 'django/db/models/fields'}: 5
  Search Action: search_file_contents
Search Action Input: {'file_name': 'base.py', 'directory_path': 'django/db/models'}: 4
)
[2026-07-29 15:02:56,193 - Orcar.search_agent - INFO] Current search queue size: 0
[2026-07-29 15:02:57,581 - Orcar.search_agent - INFO] Is early stop: False similarity: False
[2026-07-29 15:02:57,582 - Orcar.search_agent - INFO] Is complete: True
[2026-07-29 15:02:57,594 - Orcar.search_agent - DEBUG] Search content: [ChatMessage(role=<MessageRole.USER: 'user'>, additional_kwargs={}, blocks=[TextBlock(block_type='text', text="Now let's come to a conclusion. Please produce the bug locations.\n                    Please don't generate observations or new_search_actions. \n\n                    It's time for CONCLUSION! \n\n                    \n")])]
[2026-07-29 15:02:57,595 - Orcar.search_agent - INFO] Search cache: [SearchResult(search_action='search_method_in_class', search_action_input={'class_name': 'Field', 'method_name': 'contribute_to_class', 'file_path': 'django/db/models/fields/__init__.py'}, search_content='File Path: django/db/models/fields/__init__.py \nMethod Content: \n    def contribute_to_class(self, cls, name, private_only=False):\n        """\n        Register the field with the model class it belongs to.\n\n        If private_only is True, create a separate instance of this field\n        for every subclass of cls, even if cls is not an abstract model.\n        """\n        self.set_attributes_from_name(name)\n        self.model = cls\n        cls._meta.add_field(self, private=private_only)\n        if self.column:\n            # Don\'t override classmethods with the descriptor. This means that\n            # if you have a classmethod and a field with the same name, then\n            # such fields can\'t be deferred (we don\'t have a check for this).\n            if not getattr(cls, self.attname, None):\n                setattr(cls, self.attname, self.descriptor_class(self))\n        if self.choices is not None:\n            setattr(cls, \'get_%s_display\' % self.name,\n                    partialmethod(cls._get_FIELD_display, field=self))\n'), SearchResult(search_action='search_method_in_class', search_action_input={'class_name': 'Model', 'method_name': '_get_FIELD_display', 'file_path': 'django/db/models/base.py'}, search_content='File Path: django/db/models/base.py \nMethod Content: \n    def _get_FIELD_display(self, field):\n        value = getattr(self, field.attname)\n        # force_str() to coerce lazy strings.\n        return force_str(dict(field.flatchoices).get(value, value), strings_only=True)\n'), SearchResult(search_action='search_method_in_class', search_action_input={'class_name': 'Field', 'method_name': 'deconstruct', 'file_path': 'django/db/models/fields/__init__.py'}, search_content='File Path: django/db/models/fields/__init__.py \nMethod Content: \n    def deconstruct(self):\n        """\n        Return enough information to recreate the field as a 4-tuple:\n\n         * The name of the field on the model, if contribute_to_class() has\n           been run.\n         * The import path of the field, including the class:e.g.\n           django.db.models.IntegerField This should be the most portable\n           version, so less specific may be better.\n         * A list of positional arguments.\n         * A dict of keyword arguments.\n\n        Note that the positional or keyword arguments must contain values of\n        the following types (including inner values of collection types):\n\n         * None, bool, str, int, float, complex, set, frozenset, list, tuple,\n           dict\n         * UUID\n         * datetime.datetime (naive), datetime.date\n         * top-level classes, top-level functions - will be referenced by their\n           full import path\n         * Storage instances - these have their own deconstruct() method\n\n        This is because the values here must be serialized into a text format\n        (possibly new Python code, possibly JSON) and these are the only types\n        with encoding handlers defined.\n\n        There\'s no need to return the exact way the field was instantiated this\n        time, just ensure that the resulting field is the same - prefer keyword\n        arguments over positional ones, and omit parameters with their default\n        values.\n        """\n        # Short-form way of fetching all the default parameters\n        keywords = {}\n        possibles = {\n            "verbose_name": None,\n            "primary_key": False,\n            "max_length": None,\n            "unique": False,\n            "blank": False,\n            "null": False,\n            "db_index": False,\n            "default": NOT_PROVIDED,\n            "editable": True,\n            "serialize": True,\n            "unique_for_date": None,\n            "unique_for_month": None,\n            "unique_for_year": None,\n            "choices": None,\n            "help_text": \'\',\n            "db_column": None,\n            "db_tablespace": None,\n            "auto_created": False,\n            "validators": [],\n            "error_messages": None,\n        }\n        attr_overrides = {\n            "unique": "_unique",\n            "error_messages": "_error_messages",\n            "validators": "_validators",\n            "verbose_name": "_verbose_name",\n            "db_tablespace": "_db_tablespace",\n        }\n        equals_comparison = {"choices", "validators"}\n        for name, default in possibles.items():\n            value = getattr(self, attr_overrides.get(name, name))\n            # Unroll anything iterable for choices into a concrete list\n            if name == "choices" and isinstance(value, collections.abc.Iterable):\n                value = list(value)\n            # Do correct kind of comparison\n            if name in equals_comparison:\n                if value != default:\n                    keywords[name] = value\n            else:\n                if value is not default:\n                    keywords[name] = value\n        # Work out path - we shorten it for known Django core fields\n        path = "%s.%s" % (self.__class__.__module__, self.__class__.__qualname__)\n        if path.startswith("django.db.models.fields.related"):\n            path = path.replace("django.db.models.fields.related", "django.db.models")\n        elif path.startswith("django.db.models.fields.files"):\n            path = path.replace("django.db.models.fields.files", "django.db.models")\n        elif path.startswith("django.db.models.fields.proxy"):\n            path = path.replace("django.db.models.fields.proxy", "django.db.models")\n        elif path.startswith("django.db.models.fields"):\n            path = path.replace("django.db.models.fields", "django.db.models")\n        # Return basic info - other fields should override this.\n        return (self.name, path, [], keywords)\n')]
[2026-07-29 15:03:01,536 - Orcar.search_agent - INFO] in_token_cnt=4439 out_token_cnt=83
[2026-07-29 15:03:01,537 - Orcar.search_agent - INFO] Chat response: assistant: {
  "bug_locations": [
    {
      "file_path": "django/db/models/fields/__init__.py",
      "class_name": "Field",
      "method_name": "contribute_to_class"
    },
    {
      "file_path": "django/db/models/base.py",
      "class_name": "Model",
      "method_name": "_get_FIELD_display"
    }
  ]
}
[2026-07-29 15:03:01,541 - Orcar.search_agent - INFO] Searcher step            : in   2598 tokens, out    262 tokens
[2026-07-29 15:03:01,542 - Orcar.search_agent - INFO] Methods Score            : in  21950 tokens, out     60 tokens
[2026-07-29 15:03:01,542 - Orcar.search_agent - INFO] Searcher step            : in   5177 tokens, out    317 tokens
[2026-07-29 15:03:01,542 - Orcar.search_agent - INFO] Searcher step            : in   3484 tokens, out    335 tokens
[2026-07-29 15:03:01,542 - Orcar.search_agent - INFO] Methods Score            : in  25635 tokens, out     53 tokens
[2026-07-29 15:03:01,542 - Orcar.search_agent - INFO] Searcher step            : in   5289 tokens, out    382 tokens
[2026-07-29 15:03:01,542 - Orcar.search_agent - INFO] Searcher step            : in   3584 tokens, out    307 tokens
[2026-07-29 15:03:01,542 - Orcar.search_agent - INFO] Searcher step            : in   5214 tokens, out    256 tokens
[2026-07-29 15:03:01,543 - Orcar.search_agent - INFO] Functions Score          : in  14840 tokens, out     32 tokens
[2026-07-29 15:03:01,543 - Orcar.search_agent - INFO] Searcher step            : in   5091 tokens, out    167 tokens
[2026-07-29 15:03:01,543 - Orcar.search_agent - INFO] Functions Score          : in   2983 tokens, out      9 tokens
[2026-07-29 15:03:01,543 - Orcar.search_agent - INFO] Searcher step            : in   4759 tokens, out    189 tokens
[2026-07-29 15:03:01,543 - Orcar.search_agent - INFO] Conclusion step          : in   4439 tokens, out     83 tokens
[2026-07-29 15:03:01,543 - Orcar.search_agent - INFO] Total cnt                : in 105043 tokens, out   2452 tokens
[2026-07-29 15:03:01,544 - Orcar.agent - INFO] Standard output format
[2026-07-29 15:03:01,546 - Orcar.agent - INFO] conclusion="<Observation>\nThe regression is confirmed in `django/db/models/fields/__init__.py`: `Field.contribute_to_class()` always assigns `get_<field>_display` with `setattr(...)` whenever `choices` is set, which overwrites any user-defined method of the same name on the model. `django/db/models/base.py`'s `Model._get_FIELD_display()` only provides the generated display logic and does not cause the override itself.\n</Observation>" bug_locations=[BugLocations(file_path='django/db/models/fields/__init__.py', class_name='Field', method_name='contribute_to_class'), BugLocations(file_path='django/db/models/base.py', class_name='Model', method_name='_get_FIELD_display')]
[2026-07-29 15:03:01,639 - Orcar.environment.utils - INFO] Agent container paused
