[2026-07-29 15:03:34,699 - Orcar.agent - INFO] Current container subprocess: 1182825
[2026-07-29 15:03:34,700 - Orcar.environment.benchmark - INFO] Setting up env for inst django__django-11999...
[2026-07-29 15:03:41,830 - Orcar.environment.benchmark - INFO] Caching repo to host: docker cp orcar_django11999_standard_warm_ctr:/django__django [REPO_ROOT]/work/django11999_stability/runs/standard/trial_03/orcar_cache/django__django
[2026-07-29 15:03:48,514 - Orcar.environment.benchmark - INFO] Checking out [REPO_ROOT]/work/django11999_stability/runs/standard/trial_03/orcar_cache/django__django to base commit: 84633905273fc916e3d17883810d9969c03f73c2
[2026-07-29 15:04:00,935 - Orcar.trace_analysis_agent - INFO] Current step: slice in handle_step_slice
[2026-07-29 15:04:00,936 - Orcar.trace_analysis_agent - INFO] [ChatMessage(role=<MessageRole.SYSTEM: 'system'>, additional_kwargs={}, blocks=[TextBlock(block_type='text', text='\nYou are an expert python developer, mastering at summarizing and extracting from github issues.\n')]), ChatMessage(role=<MessageRole.USER: 'user'>, additional_kwargs={}, blocks=[TextBlock(block_type='text', text='\nYour task is to slice strings from human reported github issue.\nEvery slice shouldn\'t overlap with another slice. Non-existanct slice should be set to \'\'.\n\nYour output should strictly follow the format below.\n{\n    "traceback_warning_log_slice": "log_slice_string",\n    "issue_reproducer_slice": "code_slice_string",\n    "source_code_slice": "code_slice_string"\n}\nDO NOT SPEAK ANY REDUNDANT WORDS (like \'json\', \'output\', etc.)\n\nThe meanings of each field are:\n\n<field>\n    traceback_warning_log_slice: Traceback or warning log. Set to \'\' if not found.\n</field>\n<field>\n    issue_reproducer_slice: Code snippet to reproduce the issue. Should be a python code snippet that can be directly runned.\n            \n should be used for new line, 4 spaces should be used for indentation.\n            If the reproducer is mentioned in interactive mode, the code should be extracted and parsed into an .py file.\n            For example, \'>>> \' should never be used in an .py file, and the output of interactive shell should also be excluded.\n            Code shouldn\'t be inferred from natural language description. Set to \'\' if not found.\n</field>\n<field>\n    source_code_slice: Code referenced in the issue which comes from the source repo. Should have python code only.\n            DO NOT label code as this category UNLESS EXPLICITE words are found,\n            saying that it is COPIED / REFERENCED from the source repo.\n            Shouldn\'t overlap with traceback_warning_log_slice or issue_reproducer_slice.\n            Set to \'\' if no code satisfies this requirement.\n</field>\n\n\nAn example is given below:\n\n<repo_name>marshmallow-code/marshmallow<repo_name>\n<example_input_description>\n\n3.0: DateTime fields cannot be used as inner field for List or Tuple fields\n\n`DateTime` fields have started throwing an error when being instantiated as inner fields of container fields like `List` or `Tuple`.\n\n```python\nfrom marshmallow import fields, Schema\n\nclass MySchema(Schema):\n    times = fields.List(fields.DateTime())\n\nMySchema()\n```\n\nTraceback:\n```\nTraceback (most recent call last):\n  File "test-mm.py", line 8, in <module>\n    MySchema()\n  File "/Users/victor/.pyenv/versions/marshmallow/lib/python3.6/site-packages/marshmallow/schema.py", line 383, in __init__\n    self.fields = self._init_fields()\nAttributeError: \'List\' object has no attribute \'opts\'\n```\n\nIt seems like it\'s treating the parent field as a Schema without checking that it is indeed a schema.\n\n</example_input_description>\n<example_output>\n{\n    "traceback_warning_log_slice": "\\nTraceback (most recent call last):\\n  File \\"test-mm.py\\", line 8, in <module>\\n    MySchema()\\n  File \\"/Users/victor/.pyenv/versions/marshmallow/lib/python3.6/site-packages/marshmallow/schema.py\\", line 383, in __init__\\n    self.fields = self._init_fields()\\nAttributeError: \'List\' object has no attribute \'opts\'\\n",\n    "issue_reproducer_slice": "\\nfrom marshmallow import fields, Schema\\n\\nclass MySchema(Schema):\\n    times = fields.List(fields.DateTime())\\n\\nMySchema()\\n",\n    "source_code_slice": ""\n}\n</example_output>\n\n\nBelow is the real task for you to solve:\n<repo_name>django/django</repo_name>\nCannot override get_FOO_display() in Django 2.2+.\nDescription\n\t\nI cannot override the get_FIELD_display function on models since version 2.2. It works in version 2.1.\nExample:\nclass FooBar(models.Model):\n\tfoo_bar = models.CharField(_("foo"), choices=[(1, \'foo\'), (2, \'bar\')])\n\tdef __str__(self):\n\t\treturn self.get_foo_bar_display() # This returns \'foo\' or \'bar\' in 2.2, but \'something\' in 2.1\n\tdef get_foo_bar_display(self):\n\t\treturn "something"\nWhat I expect is that I should be able to override this function.\n\n')]), ChatMessage(role=<MessageRole.USER: 'user'>, additional_kwargs={}, blocks=[TextBlock(block_type='text', text='\nYour output should strictly follow the format below.\n{\n    "traceback_warning_log_slice": "log_slice_string",\n    "issue_reproducer_slice": "code_slice_string",\n    "source_code_slice": "code_slice_string"\n}\nDO NOT SPEAK ANY REDUNDANT WORDS (like \'json\', \'output\', etc.)\n')])]
[2026-07-29 15:04:11,979 - Orcar.trace_analysis_agent - INFO] Chat response: {
    "traceback_warning_log_slice": "",
    "issue_reproducer_slice": "class FooBar(models.Model):\n    foo_bar = models.CharField(_(\"foo\"), choices=[(1, 'foo'), (2, 'bar')])\n    def __str__(self):\n        return self.get_foo_bar_display() # This returns 'foo' or 'bar' in 2.2, but 'something' in 2.1\n    def get_foo_bar_display(self):\n        return \"something\"\n",
    "source_code_slice": ""
}
[2026-07-29 15:04:11,980 - Orcar.trace_analysis_agent - INFO] traceback_warning_log_slice='' issue_reproducer_slice='class FooBar(models.Model):\n    foo_bar = models.CharField(_("foo"), choices=[(1, \'foo\'), (2, \'bar\')])\n    def __str__(self):\n        return self.get_foo_bar_display() # This returns \'foo\' or \'bar\' in 2.2, but \'something\' in 2.1\n    def get_foo_bar_display(self):\n        return "something"\n' source_code_slice=''
[2026-07-29 15:04:11,981 - Orcar.trace_analysis_agent - INFO] Current step: reproduce_judge in handle_step_judge
[2026-07-29 15:04:11,997 - Orcar.trace_analysis_agent - INFO] Running reproducer...
[2026-07-29 15:04:12,669 - Orcar.trace_analysis_agent - INFO] Conda env: django__django__3.1

[2026-07-29 15:04:14,055 - Orcar.trace_analysis_agent - INFO] Reproducer log:
Traceback (most recent call last):
  File "/root/miniconda3/envs/django__django__3.1/bin/viztracer", line 8, in <module>
    sys.exit(main())
  File "/root/miniconda3/envs/django__django__3.1/lib/python3.6/site-packages/viztracer/main.py", line 568, in main
    success, err_msg = ui.run()
  File "/root/miniconda3/envs/django__django__3.1/lib/python3.6/site-packages/viztracer/main.py", line 306, in run
    return self.run_command()
  File "/root/miniconda3/envs/django__django__3.1/lib/python3.6/site-packages/viztracer/main.py", line 422, in run_command
    return self.run_code(code, main_mod.__dict__)
  File "/root/miniconda3/envs/django__django__3.1/lib/python3.6/site-packages/viztracer/main.py", line 339, in run_code
    exec(code, global_dict)
  File "/django__django/reproducer_django__django-11999.py", line 1, in <module>
    class FooBar(models.Model):
NameError: name 'models' is not defined

[2026-07-29 15:04:14,056 - Orcar.trace_analysis_agent - INFO] [ChatMessage(role=<MessageRole.SYSTEM: 'system'>, additional_kwargs={}, blocks=[TextBlock(block_type='text', text='\nYou are an expert python developer, mastering at summarizing and extracting from github issues.\n')]), ChatMessage(role=<MessageRole.USER: 'user'>, additional_kwargs={}, blocks=[TextBlock(block_type='text', text='\nYour task is to judge whether an input github issue is successfully reproduced,\nbased on the reproducer_log generated by a reproducer snippet;\nIf reproduce didn\'t succeed, try to generate a fixed reproduced snippet.\n\nSome examples of judgement include:\n1. SUCCESS if (the exactly same error message) from input_description is found in reproducer_log;\n1. FAILURE if the error message from input_description is different or irrelevant from the one found in reproducer_log;\n1. SUCCESS if (the same printed output) from input_description is found in reproducer_log;\n1. FAILURE if the reproducer in input_description is expected to have output (error or printed log) but reproducer_log is empty;\n1. FAILURE if the reproducer in input_description is expected to raise an error, but no error found from reproducer_log;\n1. FAILURE if the reproducer in input_description is not expected to raise any errors, but 1 or more errors are found from reproducer_log;\n1. FAILURE if the input_description describes different output for expected and problematic behavior, but the reproducer_log matches with expected one;\n\nYour output should strictly follow the format below.\n{\n    "is_successful": true,\n    "fixed_reproduce_snippet": "code_string"\n}\nDO NOT SPEAK ANY REDUNDANT WORDS (like \'json\', \'output\', etc.)\n\nThe meanings of each field are:\n\n<field>\n    is_successful: whether the reproduce_snippet successfully reproduced the issue, based on the reproducer_log it generated.\n            Note that \'successfully reproduce\' means the similar phenomenon is observed;\n            It does not necessarily means the snippet finished without error\n            (Getting the same error reported in issue means reproduction is successful)\n</field>\n<field>\n    fixed_reproduce_snippet: If is_successful is true, this should be set to empty string;\n            Otherwise, generate a fixed reproduce snippet based on previous snippet, problem description and previous log.\n</field>\n\n\nBelow is the real task for you to solve:\n<repo_name>django/django</repo_name>\n<input_description>\nCannot override get_FOO_display() in Django 2.2+.\nDescription\n\t\nI cannot override the get_FIELD_display function on models since version 2.2. It works in version 2.1.\nExample:\nclass FooBar(models.Model):\n\tfoo_bar = models.CharField(_("foo"), choices=[(1, \'foo\'), (2, \'bar\')])\n\tdef __str__(self):\n\t\treturn self.get_foo_bar_display() # This returns \'foo\' or \'bar\' in 2.2, but \'something\' in 2.1\n\tdef get_foo_bar_display(self):\n\t\treturn "something"\nWhat I expect is that I should be able to override this function.\n\n</input_description>\n<reproducer_snippet>\nclass FooBar(models.Model):\n    foo_bar = models.CharField(_("foo"), choices=[(1, \'foo\'), (2, \'bar\')])\n    def __str__(self):\n        return self.get_foo_bar_display() # This returns \'foo\' or \'bar\' in 2.2, but \'something\' in 2.1\n    def get_foo_bar_display(self):\n        return "something"\n\n</reproducer_snippet>\n<reproducer_log>\nTraceback (most recent call last):\n  File "/root/miniconda3/envs/django__django__3.1/bin/viztracer", line 8, in <module>\n    sys.exit(main())\n  File "/root/miniconda3/envs/django__django__3.1/lib/python3.6/site-packages/viztracer/main.py", line 568, in main\n    success, err_msg = ui.run()\n  File "/root/miniconda3/envs/django__django__3.1/lib/python3.6/site-packages/viztracer/main.py", line 306, in run\n    return self.run_command()\n  File "/root/miniconda3/envs/django__django__3.1/lib/python3.6/site-packages/viztracer/main.py", line 422, in run_command\n    return self.run_code(code, main_mod.__dict__)\n  File "/root/miniconda3/envs/django__django__3.1/lib/python3.6/site-packages/viztracer/main.py", line 339, in run_code\n    exec(code, global_dict)\n  File "/django__django/reproducer_django__django-11999.py", line 1, in <module>\n    class FooBar(models.Model):\nNameError: name \'models\' is not defined\n\n</reproducer_log>\n')]), ChatMessage(role=<MessageRole.USER: 'user'>, additional_kwargs={}, blocks=[TextBlock(block_type='text', text='\nYour output should strictly follow the format below.\n{\n    "is_successful": true,\n    "fixed_reproduce_snippet": "code_string"\n}\nDO NOT SPEAK ANY REDUNDANT WORDS (like \'json\', \'output\', etc.)\n')])]
[2026-07-29 15:04:30,000 - Orcar.trace_analysis_agent - INFO] Chat response: {
  "is_successful": false,
  "fixed_reproduce_snippet": "from django.conf import settings\nsettings.configure(INSTALLED_APPS=[], SECRET_KEY='x')\nimport django\ndjango.setup()\nfrom django.db import models\nfrom django.utils.translation import gettext_lazy as _\n\nclass FooBar(models.Model):\n    foo_bar = models.CharField(_(\"foo\"), choices=[(1, 'foo'), (2, 'bar')])\n\n    class Meta:\n        app_label = 'tests'\n\n    def __str__(self):\n        return self.get_foo_bar_display()  # This returns 'foo' or 'bar' in 2.2, but 'something' in 2.1\n\n    def get_foo_bar_display(self):\n        return 'something'\n\nobj = FooBar(foo_bar=1)\nprint(obj.get_foo_bar_display())"
}
[2026-07-29 15:04:30,000 - Orcar.trace_analysis_agent - INFO] is_successful=False fixed_reproduce_snippet='from django.conf import settings\nsettings.configure(INSTALLED_APPS=[], SECRET_KEY=\'x\')\nimport django\ndjango.setup()\nfrom django.db import models\nfrom django.utils.translation import gettext_lazy as _\n\nclass FooBar(models.Model):\n    foo_bar = models.CharField(_("foo"), choices=[(1, \'foo\'), (2, \'bar\')])\n\n    class Meta:\n        app_label = \'tests\'\n\n    def __str__(self):\n        return self.get_foo_bar_display()  # This returns \'foo\' or \'bar\' in 2.2, but \'something\' in 2.1\n\n    def get_foo_bar_display(self):\n        return \'something\'\n\nobj = FooBar(foo_bar=1)\nprint(obj.get_foo_bar_display())'
[2026-07-29 15:04:30,001 - Orcar.trace_analysis_agent - INFO] Current step: reproduce_judge in handle_step_judge
[2026-07-29 15:04:30,019 - Orcar.trace_analysis_agent - INFO] Running reproducer...
[2026-07-29 15:04:30,667 - Orcar.trace_analysis_agent - INFO] Conda env: django__django__3.1

[2026-07-29 15:04:32,418 - Orcar.trace_analysis_agent - INFO] Reproducer log:
foo

[2026-07-29 15:04:32,419 - Orcar.trace_analysis_agent - INFO] [ChatMessage(role=<MessageRole.SYSTEM: 'system'>, additional_kwargs={}, blocks=[TextBlock(block_type='text', text='\nYou are an expert python developer, mastering at summarizing and extracting from github issues.\n')]), ChatMessage(role=<MessageRole.USER: 'user'>, additional_kwargs={}, blocks=[TextBlock(block_type='text', text='\nYour task is to judge whether an input github issue is successfully reproduced,\nbased on the reproducer_log generated by a reproducer snippet;\nIf reproduce didn\'t succeed, try to generate a fixed reproduced snippet.\n\nSome examples of judgement include:\n1. SUCCESS if (the exactly same error message) from input_description is found in reproducer_log;\n1. FAILURE if the error message from input_description is different or irrelevant from the one found in reproducer_log;\n1. SUCCESS if (the same printed output) from input_description is found in reproducer_log;\n1. FAILURE if the reproducer in input_description is expected to have output (error or printed log) but reproducer_log is empty;\n1. FAILURE if the reproducer in input_description is expected to raise an error, but no error found from reproducer_log;\n1. FAILURE if the reproducer in input_description is not expected to raise any errors, but 1 or more errors are found from reproducer_log;\n1. FAILURE if the input_description describes different output for expected and problematic behavior, but the reproducer_log matches with expected one;\n\nYour output should strictly follow the format below.\n{\n    "is_successful": true,\n    "fixed_reproduce_snippet": "code_string"\n}\nDO NOT SPEAK ANY REDUNDANT WORDS (like \'json\', \'output\', etc.)\n\nThe meanings of each field are:\n\n<field>\n    is_successful: whether the reproduce_snippet successfully reproduced the issue, based on the reproducer_log it generated.\n            Note that \'successfully reproduce\' means the similar phenomenon is observed;\n            It does not necessarily means the snippet finished without error\n            (Getting the same error reported in issue means reproduction is successful)\n</field>\n<field>\n    fixed_reproduce_snippet: If is_successful is true, this should be set to empty string;\n            Otherwise, generate a fixed reproduce snippet based on previous snippet, problem description and previous log.\n</field>\n\n\nBelow is the real task for you to solve:\n<repo_name>django/django</repo_name>\n<input_description>\nCannot override get_FOO_display() in Django 2.2+.\nDescription\n\t\nI cannot override the get_FIELD_display function on models since version 2.2. It works in version 2.1.\nExample:\nclass FooBar(models.Model):\n\tfoo_bar = models.CharField(_("foo"), choices=[(1, \'foo\'), (2, \'bar\')])\n\tdef __str__(self):\n\t\treturn self.get_foo_bar_display() # This returns \'foo\' or \'bar\' in 2.2, but \'something\' in 2.1\n\tdef get_foo_bar_display(self):\n\t\treturn "something"\nWhat I expect is that I should be able to override this function.\n\n</input_description>\n<reproducer_snippet>\nfrom django.conf import settings\nsettings.configure(INSTALLED_APPS=[], SECRET_KEY=\'x\')\nimport django\ndjango.setup()\nfrom django.db import models\nfrom django.utils.translation import gettext_lazy as _\n\nclass FooBar(models.Model):\n    foo_bar = models.CharField(_("foo"), choices=[(1, \'foo\'), (2, \'bar\')])\n\n    class Meta:\n        app_label = \'tests\'\n\n    def __str__(self):\n        return self.get_foo_bar_display()  # This returns \'foo\' or \'bar\' in 2.2, but \'something\' in 2.1\n\n    def get_foo_bar_display(self):\n        return \'something\'\n\nobj = FooBar(foo_bar=1)\nprint(obj.get_foo_bar_display())\n</reproducer_snippet>\n<reproducer_log>\nfoo\n\n</reproducer_log>\n')]), ChatMessage(role=<MessageRole.USER: 'user'>, additional_kwargs={}, blocks=[TextBlock(block_type='text', text='\nYour output should strictly follow the format below.\n{\n    "is_successful": true,\n    "fixed_reproduce_snippet": "code_string"\n}\nDO NOT SPEAK ANY REDUNDANT WORDS (like \'json\', \'output\', etc.)\n')])]
[2026-07-29 15:04:34,747 - Orcar.trace_analysis_agent - INFO] Chat response: {
  "is_successful": true,
  "fixed_reproduce_snippet": ""
}
[2026-07-29 15:04:34,747 - Orcar.trace_analysis_agent - INFO] is_successful=True fixed_reproduce_snippet=''
[2026-07-29 15:04:34,748 - Orcar.trace_analysis_agent - INFO] Current step: reproduce_code_parse in handle_step_parse
[2026-07-29 15:04:34,749 - Orcar.trace_analysis_agent - INFO] [ChatMessage(role=<MessageRole.SYSTEM: 'system'>, additional_kwargs={}, blocks=[TextBlock(block_type='text', text='\nYou are an expert python developer, mastering at summarizing and extracting from github issues.\n')]), ChatMessage(role=<MessageRole.USER: 'user'>, additional_kwargs={}, blocks=[TextBlock(block_type='text', text='\nYour task is to extract python code keywords and the filepath they belong to (if exist) from human reported github issue.\nNon-existanct filepath should be set to \'\'.\n\nYour output should strictly follow the format below.\n{\n    "code_info_list": [\n        {\n            "keyword": "class_or_function_name_1",\n            "file_path": ""\n        },\n        {\n            "keyword": "class_or_function_name_2",\n            "file_path": "file_path_2"\n        }\n    ]\n}\nDO NOT SPEAK ANY REDUNDANT WORDS (like \'json\', \'output\', etc.)\n\nThe meanings of each field are:\n\n<field>\n    keyword: the name of the class, function, method or global variable where the suspicious code lies in.\n            Should be a single word, not spliced with dot.\n</field>\n<field>\n    file_path: The path of the file containing the code. Can be relative or absolute path.\n            Levels of path should only be spliced with slash or backslash, not space.\n            Specially, python import style path should be parsed as:\n            1. dot replaced with slash;\n            2. add .py suffix if no suffix is found.\n            For example, "pvlib.bifacial.pvfactors" should be interpreted as "pvlib/bifacial/pvfactors.py"\n            Set to \'\' if cannot find path.\n</field>\n<field>\n    code_info_list: list of (keyword, file_path). All keywords mentioned should be extracted to the list.\n</field>\n\n\nAn example is given below:\n\n<repo_name>marshmallow-code/marshmallow<repo_name>\n<example_input_description>\n\nfrom marshmallow import fields, Schema\n\nclass MySchema(Schema):\n    times = fields.List(fields.DateTime())\n\nMySchema()\n\n</example_input_description>\n<example_output>\n{\n    "code_info_list": [\n        {\n            "keyword": "fields",\n            "file_path": ""\n        },\n        {\n            "keyword": "Schema",\n            "file_path": ""\n        }\n    ]\n}\n</example_output>\n\n\nBelow is the real task for you to solve:\n<repo_name>django/django</repo_name>\n<input_description>\nfrom django.conf import settings\nsettings.configure(INSTALLED_APPS=[], SECRET_KEY=\'x\')\nimport django\ndjango.setup()\nfrom django.db import models\nfrom django.utils.translation import gettext_lazy as _\n\nclass FooBar(models.Model):\n    foo_bar = models.CharField(_("foo"), choices=[(1, \'foo\'), (2, \'bar\')])\n\n    class Meta:\n        app_label = \'tests\'\n\n    def __str__(self):\n        return self.get_foo_bar_display()  # This returns \'foo\' or \'bar\' in 2.2, but \'something\' in 2.1\n\n    def get_foo_bar_display(self):\n        return \'something\'\n\nobj = FooBar(foo_bar=1)\nprint(obj.get_foo_bar_display())\n</input_description>\n')]), ChatMessage(role=<MessageRole.USER: 'user'>, additional_kwargs={}, blocks=[TextBlock(block_type='text', text='\nYour output should strictly follow the format below.\n{\n    "code_info_list": [\n        {\n            "keyword": "class_or_function_name_1",\n            "file_path": ""\n        },\n        {\n            "keyword": "class_or_function_name_2",\n            "file_path": "file_path_2"\n        }\n    ]\n}\nDO NOT SPEAK ANY REDUNDANT WORDS (like \'json\', \'output\', etc.)\n')])]
[2026-07-29 15:05:47,397 - Orcar.trace_analysis_agent - INFO] Chat response: {
  "code_info_list": [
    {
      "keyword": "settings",
      "file_path": ""
    },
    {
      "keyword": "configure",
      "file_path": ""
    },
    {
      "keyword": "setup",
      "file_path": ""
    },
    {
      "keyword": "models",
      "file_path": ""
    },
    {
      "keyword": "gettext_lazy",
      "file_path": ""
    },
    {
      "keyword": "FooBar",
      "file_path": ""
    },
    {
      "keyword": "Meta",
      "file_path": ""
    },
    {
      "keyword": "__str__",
      "file_path": ""
    },
    {
      "keyword": "get_foo_bar_display",
      "file_path": ""
    }
  ]
}
[2026-07-29 15:05:47,397 - Orcar.trace_analysis_agent - INFO] Before parse path: code_info_list=[CodeInfo(keyword='settings', file_path=''), CodeInfo(keyword='configure', file_path=''), CodeInfo(keyword='setup', file_path=''), CodeInfo(keyword='models', file_path=''), CodeInfo(keyword='gettext_lazy', file_path=''), CodeInfo(keyword='FooBar', file_path=''), CodeInfo(keyword='Meta', file_path=''), CodeInfo(keyword='__str__', file_path=''), CodeInfo(keyword='get_foo_bar_display', file_path='')]
[2026-07-29 15:05:48,609 - Orcar.trace_analysis_agent - INFO] After parse path: code_info_list=[CodeInfo(keyword='settings', file_path=''), CodeInfo(keyword='configure', file_path=''), CodeInfo(keyword='setup', file_path=''), CodeInfo(keyword='models', file_path=''), CodeInfo(keyword='gettext_lazy', file_path=''), CodeInfo(keyword='FooBar', file_path=''), CodeInfo(keyword='Meta', file_path=''), CodeInfo(keyword='__str__', file_path=''), CodeInfo(keyword='get_foo_bar_display', file_path='')]
[2026-07-29 15:05:48,610 - Orcar.trace_analysis_agent - INFO] Current step: reproduce_log_parse in handle_step_parse
[2026-07-29 15:05:48,611 - Orcar.trace_analysis_agent - INFO] [ChatMessage(role=<MessageRole.SYSTEM: 'system'>, additional_kwargs={}, blocks=[TextBlock(block_type='text', text='\nYou are an expert python developer, mastering at summarizing and extracting from github issues.\n')]), ChatMessage(role=<MessageRole.USER: 'user'>, additional_kwargs={}, blocks=[TextBlock(block_type='text', text='\nYour task is to extract python code keywords and the filepath they belong to (if exist) from human reported github issue.\nNon-existanct filepath should be set to \'\'.\n\nYour output should strictly follow the format below.\n{\n    "code_info_list": [\n        {\n            "keyword": "class_or_function_name_1",\n            "file_path": ""\n        },\n        {\n            "keyword": "class_or_function_name_2",\n            "file_path": "file_path_2"\n        }\n    ]\n}\nDO NOT SPEAK ANY REDUNDANT WORDS (like \'json\', \'output\', etc.)\n\nThe meanings of each field are:\n\n<field>\n    keyword: the name of the class, function, method or global variable where the suspicious code lies in.\n            Should be a single word, not spliced with dot.\n</field>\n<field>\n    file_path: The path of the file containing the code. Can be relative or absolute path.\n            Levels of path should only be spliced with slash or backslash, not space.\n            Specially, python import style path should be parsed as:\n            1. dot replaced with slash;\n            2. add .py suffix if no suffix is found.\n            For example, "pvlib.bifacial.pvfactors" should be interpreted as "pvlib/bifacial/pvfactors.py"\n            Set to \'\' if cannot find path.\n</field>\n<field>\n    code_info_list: list of (keyword, file_path). All keywords mentioned should be extracted to the list.\n</field>\n\n\nAn example is given below:\n\n<repo_name>marshmallow-code/marshmallow<repo_name>\n<example_input_description>\n\nTraceback (most recent call last):\n  File "test-mm.py", line 8, in <module>\n    MySchema()\n  File "/Users/victor/.pyenv/versions/marshmallow/lib/python3.6/site-packages/marshmallow/schema.py", line 383, in __init__\n    self.fields = self._init_fields()\n  File "/Users/victor/.pyenv/versions/marshmallow/lib/python3.6/site-packages/marshmallow/fields.py", line 636, in _bind_to_schema\n    self.inner._bind_to_schema(field_name, self)\nAttributeError: \'List\' object has no attribute \'opts\'\n\n</example_input_description>\n<example_output>\n{\n    "code_info_list": [\n        {\n            "keyword": "<module>",\n            "file_path": "test-mm.py"\n        },\n        {\n            "keyword": "__init__",\n            "file_path": "/Users/victor/.pyenv/versions/marshmallow/lib/python3.6/site-packages/marshmallow/schema.py"\n        },\n        {\n            "keyword": "_bind_to_schema",\n            "file_path": "/Users/victor/.pyenv/versions/marshmallow/lib/python3.6/site-packages/marshmallow/fields.py"\n        }\n    ]\n}\n</example_output>\n\n\nBelow is the real task for you to solve:\n<repo_name>django/django</repo_name>\n<input_description>\nfoo\n\n</input_description>\n')]), ChatMessage(role=<MessageRole.USER: 'user'>, additional_kwargs={}, blocks=[TextBlock(block_type='text', text='\nYour output should strictly follow the format below.\n{\n    "code_info_list": [\n        {\n            "keyword": "class_or_function_name_1",\n            "file_path": ""\n        },\n        {\n            "keyword": "class_or_function_name_2",\n            "file_path": "file_path_2"\n        }\n    ]\n}\nDO NOT SPEAK ANY REDUNDANT WORDS (like \'json\', \'output\', etc.)\n')])]
[2026-07-29 15:05:53,592 - Orcar.trace_analysis_agent - INFO] Chat response: {
    "code_info_list": []
}
[2026-07-29 15:05:53,593 - Orcar.trace_analysis_agent - INFO] Before parse path: code_info_list=[]
[2026-07-29 15:05:54,888 - Orcar.trace_analysis_agent - INFO] After parse path: code_info_list=[]
[2026-07-29 15:05:54,890 - Orcar.trace_analysis_agent - INFO] Current step: reproduce_trace in handle_step_trace
[2026-07-29 15:05:54,890 - Orcar.environment.utils - DEBUG] Run command in container: ls /tmp/tracer_output_django__django-11999.json
[2026-07-29 15:05:55,538 - Orcar.environment.benchmark - INFO] Copying file to host: docker cp orcar_django11999_standard_warm_ctr://tmp/tracer_output_django__django-11999.json [HOME]/.orcar/tracer/tracer_output_django__django-11999.json
[2026-07-29 15:05:55,584 - Orcar.tracer - INFO] sensitivity_dict: {'settings': set(), 'models': set(), 'Meta': set(), 'get_foo_bar_display': set(), 'setup': set(), 'gettext_lazy': set(), '__str__': set(), 'configure': set(), 'FooBar': set()}
[2026-07-29 15:05:55,602 - Orcar.tracer - INFO] Found tracer output at [HOME]/.orcar/tracer/tracer_output_django__django-11999.json
[2026-07-29 15:05:55,627 - Orcar.tracer - INFO] Successfully parsed tracer output into func_tree
[2026-07-29 15:05:56,291 - Orcar.tracer - INFO] Got sorted funcs:
[2026-07-29 15:05:56,292 - Orcar.tracer - INFO] Func 000/164
[2026-07-29 15:05:56,292 - Orcar.tracer - INFO] (FuncSign(filename='/django__django/django/conf/__init__.py', lineno=98, funcname='configure'), FuncScore(is_same_file_with_key_parent=True, layers_from_key_parent=0, absolute_calling_index=3, absolute_layer=2, called_by=[]), (0, 0, 2, 3))
[2026-07-29 15:05:56,292 - Orcar.tracer - INFO] Func 001/164
[2026-07-29 15:05:56,292 - Orcar.tracer - INFO] (FuncSign(filename='/django__django/django/__init__.py', lineno=8, funcname='setup'), FuncScore(is_same_file_with_key_parent=True, layers_from_key_parent=0, absolute_calling_index=10, absolute_layer=2, called_by=[]), (0, 0, 2, 10))
[2026-07-29 15:05:56,292 - Orcar.tracer - INFO] Func 002/164
[2026-07-29 15:05:56,292 - Orcar.tracer - INFO] (FuncSign(filename='/django__django/reproducer_django__django-11999.py', lineno=8, funcname='FooBar'), FuncScore(is_same_file_with_key_parent=True, layers_from_key_parent=0, absolute_calling_index=846, absolute_layer=2, called_by=[]), (0, 0, 2, 846))
[2026-07-29 15:05:56,292 - Orcar.tracer - INFO] Func 003/164
[2026-07-29 15:05:56,292 - Orcar.tracer - INFO] (FuncSign(filename='/django__django/reproducer_django__django-11999.py', lineno=11, funcname='Meta'), FuncScore(is_same_file_with_key_parent=True, layers_from_key_parent=0, absolute_calling_index=951, absolute_layer=3, called_by=[]), (0, 0, 3, 951))
[2026-07-29 15:05:56,292 - Orcar.tracer - INFO] Func 004/164
[2026-07-29 15:05:56,292 - Orcar.tracer - INFO] (FuncSign(filename='/root/miniconda3/envs/django__django__3.1/lib/python3.6/logging/config.py', lineno=493, funcname='configure'), FuncScore(is_same_file_with_key_parent=True, layers_from_key_parent=0, absolute_calling_index=20, absolute_layer=5, called_by=[]), (0, 0, 5, 20))
[2026-07-29 15:05:56,292 - Orcar.tracer - INFO] Func 005/164
[2026-07-29 15:05:56,293 - Orcar.tracer - INFO] (FuncSign(filename='/django__django/django/conf/__init__.py', lineno=229, funcname='__init__'), FuncScore(is_same_file_with_key_parent=True, layers_from_key_parent=1, absolute_calling_index=4, absolute_layer=3, called_by=[FuncSign(filename='/django__django/django/conf/__init__.py', lineno=98, funcname='configure')]), (0, 1, 3, 4))
[2026-07-29 15:05:56,293 - Orcar.tracer - INFO] Func 006/164
[2026-07-29 15:05:56,293 - Orcar.tracer - INFO] (FuncSign(filename='/django__django/django/conf/__init__.py', lineno=242, funcname='__setattr__'), FuncScore(is_same_file_with_key_parent=True, layers_from_key_parent=1, absolute_calling_index=6, absolute_layer=3, called_by=[FuncSign(filename='/django__django/django/conf/__init__.py', lineno=98, funcname='configure')]), (0, 1, 3, 6))
[2026-07-29 15:05:56,293 - Orcar.tracer - INFO] Func 007/164
[2026-07-29 15:05:56,293 - Orcar.tracer - INFO] (FuncSign(filename='/django__django/django/conf/__init__.py', lineno=82, funcname='__setattr__'), FuncScore(is_same_file_with_key_parent=True, layers_from_key_parent=1, absolute_calling_index=8, absolute_layer=3, called_by=[FuncSign(filename='/django__django/django/conf/__init__.py', lineno=98, funcname='configure')]), (0, 1, 3, 8))
[2026-07-29 15:05:56,293 - Orcar.tracer - INFO] Func 008/164
[2026-07-29 15:05:56,293 - Orcar.tracer - INFO] (FuncSign(filename='/root/miniconda3/envs/django__django__3.1/lib/python3.6/logging/config.py', lineno=325, funcname='__getitem__'), FuncScore(is_same_file_with_key_parent=True, layers_from_key_parent=1, absolute_calling_index=21, absolute_layer=6, called_by=[FuncSign(filename='/root/miniconda3/envs/django__django__3.1/lib/python3.6/logging/config.py', lineno=493, funcname='configure')]), (0, 1, 6, 21))
[2026-07-29 15:05:56,293 - Orcar.tracer - INFO] Func 009/164
[2026-07-29 15:05:56,293 - Orcar.tracer - INFO] (FuncSign(filename='/root/miniconda3/envs/django__django__3.1/lib/python3.6/logging/config.py', lineno=333, funcname='pop'), FuncScore(is_same_file_with_key_parent=True, layers_from_key_parent=1, absolute_calling_index=24, absolute_layer=6, called_by=[FuncSign(filename='/root/miniconda3/envs/django__django__3.1/lib/python3.6/logging/config.py', lineno=493, funcname='configure')]), (0, 1, 6, 24))
[2026-07-29 15:05:56,293 - Orcar.tracer - INFO] Func 010/164
[2026-07-29 15:05:56,293 - Orcar.tracer - INFO] (FuncSign(filename='/root/miniconda3/envs/django__django__3.1/lib/python3.6/logging/config.py', lineno=272, funcname='_clearExistingHandlers'), FuncScore(is_same_file_with_key_parent=True, layers_from_key_parent=1, absolute_calling_index=31, absolute_layer=6, called_by=[FuncSign(filename='/root/miniconda3/envs/django__django__3.1/lib/python3.6/logging/config.py', lineno=493, funcname='configure')]), (0, 1, 6, 31))
[2026-07-29 15:05:56,294 - Orcar.tracer - INFO] Func 011/164
[2026-07-29 15:05:56,294 - Orcar.tracer - INFO] (FuncSign(filename='/root/miniconda3/envs/django__django__3.1/lib/python3.6/logging/config.py', lineno=329, funcname='get'), FuncScore(is_same_file_with_key_parent=True, layers_from_key_parent=1, absolute_calling_index=46, absolute_layer=6, called_by=[FuncSign(filename='/root/miniconda3/envs/django__django__3.1/lib/python3.6/logging/config.py', lineno=493, funcname='configure')]), (0, 1, 6, 46))
[2026-07-29 15:05:56,294 - Orcar.tracer - INFO] Func 012/164
[2026-07-29 15:05:56,294 - Orcar.tracer - INFO] (FuncSign(filename='/root/miniconda3/envs/django__django__3.1/lib/python3.6/logging/config.py', lineno=651, funcname='configure_formatter'), FuncScore(is_same_file_with_key_parent=True, layers_from_key_parent=1, absolute_calling_index=52, absolute_layer=6, called_by=[FuncSign(filename='/root/miniconda3/envs/django__django__3.1/lib/python3.6/logging/config.py', lineno=493, funcname='configure')]), (0, 1, 6, 52))
[2026-07-29 15:05:56,294 - Orcar.tracer - INFO] Func 013/164
[2026-07-29 15:05:56,294 - Orcar.tracer - INFO] (FuncSign(filename='/root/miniconda3/envs/django__django__3.1/lib/python3.6/logging/config.py', lineno=679, funcname='configure_filter'), FuncScore(is_same_file_with_key_parent=True, layers_from_key_parent=1, absolute_calling_index=110, absolute_layer=6, called_by=[FuncSign(filename='/root/miniconda3/envs/django__django__3.1/lib/python3.6/logging/config.py', lineno=493, funcname='configure')]), (0, 1, 6, 110))
[2026-07-29 15:05:56,294 - Orcar.tracer - INFO] Func 014/164
[2026-07-29 15:05:56,294 - Orcar.tracer - INFO] (FuncSign(filename='/root/miniconda3/envs/django__django__3.1/lib/python3.6/logging/config.py', lineno=696, funcname='configure_handler'), FuncScore(is_same_file_with_key_parent=True, layers_from_key_parent=1, absolute_calling_index=141, absolute_layer=6, called_by=[FuncSign(filename='/root/miniconda3/envs/django__django__3.1/lib/python3.6/logging/config.py', lineno=493, funcname='configure')]), (0, 1, 6, 141))
[2026-07-29 15:05:56,294 - Orcar.tracer - INFO] Func 015/164
[2026-07-29 15:05:56,294 - Orcar.tracer - INFO] (FuncSign(filename='/root/miniconda3/envs/django__django__3.1/lib/python3.6/logging/config.py', lineno=785, funcname='configure_logger'), FuncScore(is_same_file_with_key_parent=True, layers_from_key_parent=1, absolute_calling_index=289, absolute_layer=6, called_by=[FuncSign(filename='/root/miniconda3/envs/django__django__3.1/lib/python3.6/logging/config.py', lineno=493, funcname='configure')]), (0, 1, 6, 289))
[2026-07-29 15:05:56,294 - Orcar.tracer - INFO] Func 016/164
[2026-07-29 15:05:56,294 - Orcar.tracer - INFO] (FuncSign(filename='/root/miniconda3/envs/django__django__3.1/lib/python3.6/logging/config.py', lineno=164, funcname='_handle_existing_loggers'), FuncScore(is_same_file_with_key_parent=True, layers_from_key_parent=1, absolute_calling_index=372, absolute_layer=6, called_by=[FuncSign(filename='/root/miniconda3/envs/django__django__3.1/lib/python3.6/logging/config.py', lineno=493, funcname='configure')]), (0, 1, 6, 372))
[2026-07-29 15:05:56,295 - Orcar.tracer - INFO] Func 017/164
[2026-07-29 15:05:56,295 - Orcar.tracer - INFO] (FuncSign(filename='/root/miniconda3/envs/django__django__3.1/lib/python3.6/logging/config.py', lineno=292, funcname='convert_with_key'), FuncScore(is_same_file_with_key_parent=True, layers_from_key_parent=2, absolute_calling_index=22, absolute_layer=7, called_by=[FuncSign(filename='/root/miniconda3/envs/django__django__3.1/lib/python3.6/logging/config.py', lineno=493, funcname='configure'), FuncSign(filename='/root/miniconda3/envs/django__django__3.1/lib/python3.6/logging/config.py', lineno=325, funcname='__getitem__')]), (0, 2, 7, 22))
[2026-07-29 15:05:56,295 - Orcar.tracer - INFO] Func 018/164
[2026-07-29 15:05:56,295 - Orcar.tracer - INFO] (FuncSign(filename='/root/miniconda3/envs/django__django__3.1/lib/python3.6/logging/config.py', lineno=467, funcname='configure_custom'), FuncScore(is_same_file_with_key_parent=True, layers_from_key_parent=2, absolute_calling_index=56, absolute_layer=7, called_by=[FuncSign(filename='/root/miniconda3/envs/django__django__3.1/lib/python3.6/logging/config.py', lineno=493, funcname='configure'), FuncSign(filename='/root/miniconda3/envs/django__django__3.1/lib/python3.6/logging/config.py', lineno=651, funcname='configure_formatter')]), (0, 2, 7, 56))
[2026-07-29 15:05:56,295 - Orcar.tracer - INFO] Func 019/164
[2026-07-29 15:05:56,295 - Orcar.tracer - INFO] (FuncSign(filename='/root/miniconda3/envs/django__django__3.1/lib/python3.6/logging/config.py', lineno=378, funcname='resolve'), FuncScore(is_same_file_with_key_parent=True, layers_from_key_parent=2, absolute_calling_index=154, absolute_layer=7, called_by=[FuncSign(filename='/root/miniconda3/envs/django__django__3.1/lib/python3.6/logging/config.py', lineno=493, funcname='configure'), FuncSign(filename='/root/miniconda3/envs/django__django__3.1/lib/python3.6/logging/config.py', lineno=696, funcname='configure_handler')]), (0, 2, 7, 154))
[2026-07-29 15:05:56,295 - Orcar.tracer - INFO] Func 020/164
[2026-07-29 15:05:56,295 - Orcar.tracer - INFO] (FuncSign(filename='/root/miniconda3/envs/django__django__3.1/lib/python3.6/logging/config.py', lineno=688, funcname='add_filters'), FuncScore(is_same_file_with_key_parent=True, layers_from_key_parent=2, absolute_calling_index=171, absolute_layer=7, called_by=[FuncSign(filename='/root/miniconda3/envs/django__django__3.1/lib/python3.6/logging/config.py', lineno=493, funcname='configure'), FuncSign(filename='/root/miniconda3/envs/django__django__3.1/lib/python3.6/logging/config.py', lineno=696, funcname='configure_handler')]), (0, 2, 7, 171))
[2026-07-29 15:05:56,295 - Orcar.tracer - INFO] Func 021/164
[2026-07-29 15:05:56,295 - Orcar.tracer - INFO] (FuncSign(filename='/root/miniconda3/envs/django__django__3.1/lib/python3.6/logging/config.py', lineno=767, funcname='common_logger_config'), FuncScore(is_same_file_with_key_parent=True, layers_from_key_parent=2, absolute_calling_index=299, absolute_layer=7, called_by=[FuncSign(filename='/root/miniconda3/envs/django__django__3.1/lib/python3.6/logging/config.py', lineno=493, funcname='configure'), FuncSign(filename='/root/miniconda3/envs/django__django__3.1/lib/python3.6/logging/config.py', lineno=785, funcname='configure_logger')]), (0, 2, 7, 299))
[2026-07-29 15:05:56,295 - Orcar.tracer - INFO] Func 022/164
[2026-07-29 15:05:56,295 - Orcar.tracer - INFO] (FuncSign(filename='/root/miniconda3/envs/django__django__3.1/lib/python3.6/logging/config.py', lineno=439, funcname='convert'), FuncScore(is_same_file_with_key_parent=True, layers_from_key_parent=3, absolute_calling_index=23, absolute_layer=8, called_by=[FuncSign(filename='/root/miniconda3/envs/django__django__3.1/lib/python3.6/logging/config.py', lineno=493, funcname='configure'), FuncSign(filename='/root/miniconda3/envs/django__django__3.1/lib/python3.6/logging/config.py', lineno=325, funcname='__getitem__'), FuncSign(filename='/root/miniconda3/envs/django__django__3.1/lib/python3.6/logging/config.py', lineno=292, funcname='convert_with_key')]), (0, 3, 8, 23))
[2026-07-29 15:05:56,296 - Orcar.tracer - INFO] Func 023/164
[2026-07-29 15:05:56,296 - Orcar.tracer - INFO] (FuncSign(filename='/root/miniconda3/envs/django__django__3.1/lib/python3.6/logging/config.py', lineno=759, funcname='add_handlers'), FuncScore(is_same_file_with_key_parent=True, layers_from_key_parent=3, absolute_calling_index=309, absolute_layer=8, called_by=[FuncSign(filename='/root/miniconda3/envs/django__django__3.1/lib/python3.6/logging/config.py', lineno=493, funcname='configure'), FuncSign(filename='/root/miniconda3/envs/django__django__3.1/lib/python3.6/logging/config.py', lineno=785, funcname='configure_logger'), FuncSign(filename='/root/miniconda3/envs/django__django__3.1/lib/python3.6/logging/config.py', lineno=767, funcname='common_logger_config')]), (0, 3, 8, 309))
[2026-07-29 15:05:56,296 - Orcar.tracer - INFO] Func 024/164
[2026-07-29 15:05:56,296 - Orcar.tracer - INFO] (FuncSign(filename='/root/miniconda3/envs/django__django__3.1/lib/python3.6/logging/config.py', lineno=282, funcname='valid_ident'), FuncScore(is_same_file_with_key_parent=True, layers_from_key_parent=4, absolute_calling_index=65, absolute_layer=9, called_by=[FuncSign(filename='/root/miniconda3/envs/django__django__3.1/lib/python3.6/logging/config.py', lineno=493, funcname='configure'), FuncSign(filename='/root/miniconda3/envs/django__django__3.1/lib/python3.6/logging/config.py', lineno=651, funcname='configure_formatter'), FuncSign(filename='/root/miniconda3/envs/django__django__3.1/lib/python3.6/logging/config.py', lineno=467, funcname='configure_custom'), FuncSign(filename='/root/miniconda3/envs/django__django__3.1/lib/python3.6/logging/config.py', lineno=474, funcname='<listcomp>')]), (0, 4, 9, 65))
[2026-07-29 15:05:56,296 - Orcar.tracer - INFO] Func 025/164
[2026-07-29 15:05:56,296 - Orcar.tracer - INFO] (FuncSign(filename='/django__django/django/conf/__init__.py', lineno=74, funcname='__getattr__'), FuncScore(is_same_file_with_key_parent=False, layers_from_key_parent=1, absolute_calling_index=11, absolute_layer=3, called_by=[FuncSign(filename='/django__django/django/__init__.py', lineno=8, funcname='setup')]), (1, 1, 3, 11))
[2026-07-29 15:05:56,296 - Orcar.tracer - INFO] Func 026/164
[2026-07-29 15:05:56,296 - Orcar.tracer - INFO] (FuncSign(filename='/django__django/django/utils/log.py', lineno=66, funcname='configure_logging'), FuncScore(is_same_file_with_key_parent=False, layers_from_key_parent=1, absolute_calling_index=15, absolute_layer=3, called_by=[FuncSign(filename='/django__django/django/__init__.py', lineno=8, funcname='setup')]), (1, 1, 3, 15))
[2026-07-29 15:05:56,296 - Orcar.tracer - INFO] Func 027/164
[2026-07-29 15:05:56,296 - Orcar.tracer - INFO] (FuncSign(filename='/django__django/django/urls/base.py', lineno=99, funcname='set_script_prefix'), FuncScore(is_same_file_with_key_parent=False, layers_from_key_parent=1, absolute_calling_index=379, absolute_layer=3, called_by=[FuncSign(filename='/django__django/django/__init__.py', lineno=8, funcname='setup')]), (1, 1, 3, 379))
[2026-07-29 15:05:56,296 - Orcar.tracer - INFO] Func 028/164
[2026-07-29 15:05:56,297 - Orcar.tracer - INFO] (FuncSign(filename='/django__django/django/apps/registry.py', lineno=61, funcname='populate'), FuncScore(is_same_file_with_key_parent=False, layers_from_key_parent=1, absolute_calling_index=434, absolute_layer=3, called_by=[FuncSign(filename='/django__django/django/__init__.py', lineno=8, funcname='setup')]), (1, 1, 3, 434))
[2026-07-29 15:05:56,297 - Orcar.tracer - INFO] Func 029/164
[2026-07-29 15:05:56,297 - Orcar.tracer - INFO] (FuncSign(filename='/django__django/django/utils/functional.py', lineno=182, funcname='__wrapper__'), FuncScore(is_same_file_with_key_parent=False, layers_from_key_parent=1, absolute_calling_index=847, absolute_layer=3, called_by=[FuncSign(filename='/django__django/reproducer_django__django-11999.py', lineno=8, funcname='FooBar')]), (1, 1, 3, 847))
[2026-07-29 15:05:56,297 - Orcar.tracer - INFO] Func 030/164
[2026-07-29 15:05:56,297 - Orcar.tracer - INFO] (FuncSign(filename='/django__django/django/db/models/fields/__init__.py', lineno=971, funcname='__init__'), FuncScore(is_same_file_with_key_parent=False, layers_from_key_parent=1, absolute_calling_index=849, absolute_layer=3, called_by=[FuncSign(filename='/django__django/reproducer_django__django-11999.py', lineno=8, funcname='FooBar')]), (1, 1, 3, 849))
[2026-07-29 15:05:56,297 - Orcar.tracer - INFO] Func 031/164
[2026-07-29 15:05:56,297 - Orcar.tracer - INFO] (FuncSign(filename='/root/miniconda3/envs/django__django__3.1/lib/python3.6/logging/__init__.py', lineno=219, funcname='_acquireLock'), FuncScore(is_same_file_with_key_parent=False, layers_from_key_parent=1, absolute_calling_index=27, absolute_layer=6, called_by=[FuncSign(filename='/root/miniconda3/envs/django__django__3.1/lib/python3.6/logging/config.py', lineno=493, funcname='configure')]), (1, 1, 6, 27))
[2026-07-29 15:05:56,297 - Orcar.tracer - INFO] Func 032/164
[2026-07-29 15:05:56,297 - Orcar.tracer - INFO] (FuncSign(filename='/root/miniconda3/envs/django__django__3.1/lib/python3.6/logging/__init__.py', lineno=787, funcname='set_name'), FuncScore(is_same_file_with_key_parent=False, layers_from_key_parent=1, absolute_calling_index=179, absolute_layer=6, called_by=[FuncSign(filename='/root/miniconda3/envs/django__django__3.1/lib/python3.6/logging/config.py', lineno=493, funcname='configure')]), (1, 1, 6, 179))
[2026-07-29 15:05:56,297 - Orcar.tracer - INFO] Func 033/164
[2026-07-29 15:05:56,297 - Orcar.tracer - INFO] (FuncSign(filename='/root/miniconda3/envs/django__django__3.1/lib/python3.6/logging/__init__.py', lineno=228, funcname='_releaseLock'), FuncScore(is_same_file_with_key_parent=False, layers_from_key_parent=1, absolute_calling_index=376, absolute_layer=6, called_by=[FuncSign(filename='/root/miniconda3/envs/django__django__3.1/lib/python3.6/logging/config.py', lineno=493, funcname='configure')]), (1, 1, 6, 376))
[2026-07-29 15:05:56,298 - Orcar.tracer - INFO] Func 034/164
[2026-07-29 15:05:56,298 - Orcar.tracer - INFO] (FuncSign(filename='/django__django/django/utils/functional.py', lineno=260, funcname='__setattr__'), FuncScore(is_same_file_with_key_parent=False, layers_from_key_parent=2, absolute_calling_index=9, absolute_layer=4, called_by=[FuncSign(filename='/django__django/django/conf/__init__.py', lineno=98, funcname='configure'), FuncSign(filename='/django__django/django/conf/__init__.py', lineno=82, funcname='__setattr__')]), (1, 2, 4, 9))
[2026-07-29 15:05:56,298 - Orcar.tracer - INFO] Func 035/164
[2026-07-29 15:05:56,298 - Orcar.tracer - INFO] (FuncSign(filename='/django__django/django/conf/__init__.py', lineno=237, funcname='__getattr__'), FuncScore(is_same_file_with_key_parent=False, layers_from_key_parent=2, absolute_calling_index=12, absolute_layer=4, called_by=[FuncSign(filename='/django__django/django/__init__.py', lineno=8, funcname='setup'), FuncSign(filename='/django__django/django/conf/__init__.py', lineno=74, funcname='__getattr__')]), (1, 2, 4, 12))
[2026-07-29 15:05:56,298 - Orcar.tracer - INFO] Func 036/164
[2026-07-29 15:05:56,298 - Orcar.tracer - INFO] (FuncSign(filename='/django__django/django/utils/module_loading.py', lineno=7, funcname='import_string'), FuncScore(is_same_file_with_key_parent=False, layers_from_key_parent=2, absolute_calling_index=16, absolute_layer=4, called_by=[FuncSign(filename='/django__django/django/__init__.py', lineno=8, funcname='setup'), FuncSign(filename='/django__django/django/utils/log.py', lineno=66, funcname='configure_logging')]), (1, 2, 4, 16))
[2026-07-29 15:05:56,298 - Orcar.tracer - INFO] Func 037/164
[2026-07-29 15:05:56,298 - Orcar.tracer - INFO] (FuncSign(filename='/root/miniconda3/envs/django__django__3.1/lib/python3.6/logging/config.py', lineno=800, funcname='dictConfig'), FuncScore(is_same_file_with_key_parent=False, layers_from_key_parent=2, absolute_calling_index=18, absolute_layer=4, called_by=[FuncSign(filename='/django__django/django/__init__.py', lineno=8, funcname='setup'), FuncSign(filename='/django__django/django/utils/log.py', lineno=66, funcname='configure_logging')]), (1, 2, 4, 18))
[2026-07-29 15:05:56,299 - Orcar.tracer - INFO] Func 038/164
[2026-07-29 15:05:56,299 - Orcar.tracer - INFO] (FuncSign(filename='/root/miniconda3/envs/django__django__3.1/lib/python3.6/site-packages/asgiref/local.py', lineno=109, funcname='__setattr__'), FuncScore(is_same_file_with_key_parent=False, layers_from_key_parent=2, absolute_calling_index=380, absolute_layer=4, called_by=[FuncSign(filename='/django__django/django/__init__.py', lineno=8, funcname='setup'), FuncSign(filename='/django__django/django/urls/base.py', lineno=99, funcname='set_script_prefix')]), (1, 2, 4, 380))
[2026-07-29 15:05:56,299 - Orcar.tracer - INFO] Func 039/164
[2026-07-29 15:05:56,299 - Orcar.tracer - INFO] (FuncSign(filename='/root/miniconda3/envs/django__django__3.1/lib/python3.6/collections/__init__.py', lineno=517, funcname='__init__'), FuncScore(is_same_file_with_key_parent=False, layers_from_key_parent=2, absolute_calling_index=435, absolute_layer=4, called_by=[FuncSign(filename='/django__django/django/__init__.py', lineno=8, funcname='setup'), FuncSign(filename='/django__django/django/apps/registry.py', lineno=61, funcname='populate')]), (1, 2, 4, 435))
[2026-07-29 15:05:56,299 - Orcar.tracer - INFO] Func 040/164
[2026-07-29 15:05:56,299 - Orcar.tracer - INFO] (FuncSign(filename='/root/miniconda3/envs/django__django__3.1/lib/python3.6/collections/__init__.py', lineno=542, funcname='most_common'), FuncScore(is_same_file_with_key_parent=False, layers_from_key_parent=2, absolute_calling_index=835, absolute_layer=4, called_by=[FuncSign(filename='/django__django/django/__init__.py', lineno=8, funcname='setup'), FuncSign(filename='/django__django/django/apps/registry.py', lineno=61, funcname='populate')]), (1, 2, 4, 835))
[2026-07-29 15:05:56,299 - Orcar.tracer - INFO] Func 041/164
[2026-07-29 15:05:56,299 - Orcar.tracer - INFO] (FuncSign(filename='/django__django/django/apps/registry.py', lineno=362, funcname='clear_cache'), FuncScore(is_same_file_with_key_parent=False, layers_from_key_parent=2, absolute_calling_index=837, absolute_layer=4, called_by=[FuncSign(filename='/django__django/django/__init__.py', lineno=8, funcname='setup'), FuncSign(filename='/django__django/django/apps/registry.py', lineno=61, funcname='populate')]), (1, 2, 4, 837))
[2026-07-29 15:05:56,299 - Orcar.tracer - INFO] Func 042/164
[2026-07-29 15:05:56,300 - Orcar.tracer - INFO] (FuncSign(filename='/django__django/django/apps/registry.py', lineno=142, funcname='get_app_configs'), FuncScore(is_same_file_with_key_parent=False, layers_from_key_parent=2, absolute_calling_index=838, absolute_layer=4, called_by=[FuncSign(filename='/django__django/django/__init__.py', lineno=8, funcname='setup'), FuncSign(filename='/django__django/django/apps/registry.py', lineno=61, funcname='populate')]), (1, 2, 4, 838))
[2026-07-29 15:05:56,300 - Orcar.tracer - INFO] Func 043/164
[2026-07-29 15:05:56,300 - Orcar.tracer - INFO] (FuncSign(filename='/root/miniconda3/envs/django__django__3.1/lib/python3.6/threading.py', lineno=512, funcname='set'), FuncScore(is_same_file_with_key_parent=False, layers_from_key_parent=2, absolute_calling_index=840, absolute_layer=4, called_by=[FuncSign(filename='/django__django/django/__init__.py', lineno=8, funcname='setup'), FuncSign(filename='/django__django/django/apps/registry.py', lineno=61, funcname='populate')]), (1, 2, 4, 840))
[2026-07-29 15:05:56,300 - Orcar.tracer - INFO] Func 044/164
[2026-07-29 15:05:56,300 - Orcar.tracer - INFO] (FuncSign(filename='/django__django/django/utils/functional.py', lineno=89, funcname='__init__'), FuncScore(is_same_file_with_key_parent=False, layers_from_key_parent=2, absolute_calling_index=848, absolute_layer=4, called_by=[FuncSign(filename='/django__django/reproducer_django__django-11999.py', lineno=8, funcname='FooBar'), FuncSign(filename='/django__django/django/utils/functional.py', lineno=182, funcname='__wrapper__')]), (1, 2, 4, 848))
[2026-07-29 15:05:56,300 - Orcar.tracer - INFO] Func 045/164
[2026-07-29 15:05:56,300 - Orcar.tracer - INFO] (FuncSign(filename='/django__django/django/db/models/fields/__init__.py', lineno=131, funcname='__init__'), FuncScore(is_same_file_with_key_parent=False, layers_from_key_parent=2, absolute_calling_index=850, absolute_layer=4, called_by=[FuncSign(filename='/django__django/reproducer_django__django-11999.py', lineno=8, funcname='FooBar'), FuncSign(filename='/django__django/django/db/models/fields/__init__.py', lineno=971, funcname='__init__')]), (1, 2, 4, 850))
[2026-07-29 15:05:56,300 - Orcar.tracer - INFO] Func 046/164
[2026-07-29 15:05:56,300 - Orcar.tracer - INFO] (FuncSign(filename='/django__django/django/utils/functional.py', lineno=40, funcname='__get__'), FuncScore(is_same_file_with_key_parent=False, layers_from_key_parent=2, absolute_calling_index=946, absolute_layer=4, called_by=[FuncSign(filename='/django__django/reproducer_django__django-11999.py', lineno=8, funcname='FooBar'), FuncSign(filename='/django__django/django/db/models/fields/__init__.py', lineno=971, funcname='__init__')]), (1, 2, 4, 946))
[2026-07-29 15:05:56,301 - Orcar.tracer - INFO] Func 047/164
[2026-07-29 15:05:56,301 - Orcar.tracer - INFO] (FuncSign(filename='/django__django/django/utils/deconstruct.py', lineno=14, funcname='__new__'), FuncScore(is_same_file_with_key_parent=False, layers_from_key_parent=2, absolute_calling_index=948, absolute_layer=4, called_by=[FuncSign(filename='/django__django/reproducer_django__django-11999.py', lineno=8, funcname='FooBar'), FuncSign(filename='/django__django/django/db/models/fields/__init__.py', lineno=971, funcname='__init__')]), (1, 2, 4, 948))
[2026-07-29 15:05:56,301 - Orcar.tracer - INFO] Func 048/164
[2026-07-29 15:05:56,301 - Orcar.tracer - INFO] (FuncSign(filename='/django__django/django/core/validators.py', lineno=302, funcname='__init__'), FuncScore(is_same_file_with_key_parent=False, layers_from_key_parent=2, absolute_calling_index=950, absolute_layer=4, called_by=[FuncSign(filename='/django__django/reproducer_django__django-11999.py', lineno=8, funcname='FooBar'), FuncSign(filename='/django__django/django/db/models/fields/__init__.py', lineno=971, funcname='__init__')]), (1, 2, 4, 950))
[2026-07-29 15:05:56,301 - Orcar.tracer - INFO] Func 049/164
[2026-07-29 15:05:56,301 - Orcar.tracer - INFO] (FuncSign(filename='/root/miniconda3/envs/django__django__3.1/lib/python3.6/_collections_abc.py', lineno=816, funcname='clear'), FuncScore(is_same_file_with_key_parent=False, layers_from_key_parent=2, absolute_calling_index=32, absolute_layer=7, called_by=[FuncSign(filename='/root/miniconda3/envs/django__django__3.1/lib/python3.6/logging/config.py', lineno=493, funcname='configure'), FuncSign(filename='/root/miniconda3/envs/django__django__3.1/lib/python3.6/logging/config.py', lineno=272, funcname='_clearExistingHandlers')]), (1, 2, 7, 32))
[2026-07-29 15:05:56,301 - Orcar.tracer - INFO] Func 050/164
[2026-07-29 15:05:56,301 - Orcar.tracer - INFO] (FuncSign(filename='/root/miniconda3/envs/django__django__3.1/lib/python3.6/logging/__init__.py', lineno=1930, funcname='shutdown'), FuncScore(is_same_file_with_key_parent=False, layers_from_key_parent=2, absolute_calling_index=34, absolute_layer=7, called_by=[FuncSign(filename='/root/miniconda3/envs/django__django__3.1/lib/python3.6/logging/config.py', lineno=493, funcname='configure'), FuncSign(filename='/root/miniconda3/envs/django__django__3.1/lib/python3.6/logging/config.py', lineno=272, funcname='_clearExistingHandlers')]), (1, 2, 7, 34))
[2026-07-29 15:05:56,301 - Orcar.tracer - INFO] Func 051/164
[2026-07-29 15:05:56,301 - Orcar.tracer - INFO] (FuncSign(filename='/root/miniconda3/envs/django__django__3.1/lib/python3.6/logging/__init__.py', lineno=960, funcname='__init__'), FuncScore(is_same_file_with_key_parent=False, layers_from_key_parent=2, absolute_calling_index=159, absolute_layer=7, called_by=[FuncSign(filename='/root/miniconda3/envs/django__django__3.1/lib/python3.6/logging/config.py', lineno=493, funcname='configure'), FuncSign(filename='/root/miniconda3/envs/django__django__3.1/lib/python3.6/logging/config.py', lineno=696, funcname='configure_handler')]), (1, 2, 7, 159))
[2026-07-29 15:05:56,302 - Orcar.tracer - INFO] Func 052/164
[2026-07-29 15:05:56,302 - Orcar.tracer - INFO] (FuncSign(filename='/root/miniconda3/envs/django__django__3.1/lib/python3.6/logging/__init__.py', lineno=190, funcname='_checkLevel'), FuncScore(is_same_file_with_key_parent=False, layers_from_key_parent=2, absolute_calling_index=168, absolute_layer=7, called_by=[FuncSign(filename='/root/miniconda3/envs/django__django__3.1/lib/python3.6/logging/config.py', lineno=493, funcname='configure'), FuncSign(filename='/root/miniconda3/envs/django__django__3.1/lib/python3.6/logging/config.py', lineno=696, funcname='configure_handler')]), (1, 2, 7, 168))
[2026-07-29 15:05:56,302 - Orcar.tracer - INFO] Func 053/164
[2026-07-29 15:05:56,302 - Orcar.tracer - INFO] (FuncSign(filename='/root/miniconda3/envs/django__django__3.1/lib/python3.6/logging/__init__.py', lineno=823, funcname='setLevel'), FuncScore(is_same_file_with_key_parent=False, layers_from_key_parent=2, absolute_calling_index=169, absolute_layer=7, called_by=[FuncSign(filename='/root/miniconda3/envs/django__django__3.1/lib/python3.6/logging/config.py', lineno=493, funcname='configure'), FuncSign(filename='/root/miniconda3/envs/django__django__3.1/lib/python3.6/logging/config.py', lineno=696, funcname='configure_handler')]), (1, 2, 7, 169))
[2026-07-29 15:05:56,302 - Orcar.tracer - INFO] Func 054/164
[2026-07-29 15:05:56,302 - Orcar.tracer - INFO] (FuncSign(filename='/root/miniconda3/envs/django__django__3.1/lib/python3.6/weakref.py', lineno=153, funcname='__contains__'), FuncScore(is_same_file_with_key_parent=False, layers_from_key_parent=2, absolute_calling_index=181, absolute_layer=7, called_by=[FuncSign(filename='/root/miniconda3/envs/django__django__3.1/lib/python3.6/logging/config.py', lineno=493, funcname='configure'), FuncSign(filename='/root/miniconda3/envs/django__django__3.1/lib/python3.6/logging/__init__.py', lineno=787, funcname='set_name')]), (1, 2, 7, 181))
[2026-07-29 15:05:56,302 - Orcar.tracer - INFO] Func 055/164
[2026-07-29 15:05:56,302 - Orcar.tracer - INFO] (FuncSign(filename='/root/miniconda3/envs/django__django__3.1/lib/python3.6/weakref.py', lineno=165, funcname='__setitem__'), FuncScore(is_same_file_with_key_parent=False, layers_from_key_parent=2, absolute_calling_index=182, absolute_layer=7, called_by=[FuncSign(filename='/root/miniconda3/envs/django__django__3.1/lib/python3.6/logging/config.py', lineno=493, funcname='configure'), FuncSign(filename='/root/miniconda3/envs/django__django__3.1/lib/python3.6/logging/__init__.py', lineno=787, funcname='set_name')]), (1, 2, 7, 182))
[2026-07-29 15:05:56,302 - Orcar.tracer - INFO] Func 056/164
[2026-07-29 15:05:56,302 - Orcar.tracer - INFO] (FuncSign(filename='/root/miniconda3/envs/django__django__3.1/lib/python3.6/logging/__init__.py', lineno=870, funcname='setFormatter'), FuncScore(is_same_file_with_key_parent=False, layers_from_key_parent=2, absolute_calling_index=222, absolute_layer=7, called_by=[FuncSign(filename='/root/miniconda3/envs/django__django__3.1/lib/python3.6/logging/config.py', lineno=493, funcname='configure'), FuncSign(filename='/root/miniconda3/envs/django__django__3.1/lib/python3.6/logging/config.py', lineno=696, funcname='configure_handler')]), (1, 2, 7, 222))
[2026-07-29 15:05:56,302 - Orcar.tracer - INFO] Func 057/164
[2026-07-29 15:05:56,302 - Orcar.tracer - INFO] (FuncSign(filename='/django__django/django/utils/log.py', lineno=85, funcname='__init__'), FuncScore(is_same_file_with_key_parent=False, layers_from_key_parent=2, absolute_calling_index=254, absolute_layer=7, called_by=[FuncSign(filename='/root/miniconda3/envs/django__django__3.1/lib/python3.6/logging/config.py', lineno=493, funcname='configure'), FuncSign(filename='/root/miniconda3/envs/django__django__3.1/lib/python3.6/logging/config.py', lineno=696, funcname='configure_handler')]), (1, 2, 7, 254))
[2026-07-29 15:05:56,303 - Orcar.tracer - INFO] Func 058/164
[2026-07-29 15:05:56,303 - Orcar.tracer - INFO] (FuncSign(filename='/root/miniconda3/envs/django__django__3.1/lib/python3.6/logging/__init__.py', lineno=1838, funcname='getLogger'), FuncScore(is_same_file_with_key_parent=False, layers_from_key_parent=2, absolute_calling_index=290, absolute_layer=7, called_by=[FuncSign(filename='/root/miniconda3/envs/django__django__3.1/lib/python3.6/logging/config.py', lineno=493, funcname='configure'), FuncSign(filename='/root/miniconda3/envs/django__django__3.1/lib/python3.6/logging/config.py', lineno=785, funcname='configure_logger')]), (1, 2, 7, 290))
[2026-07-29 15:05:56,303 - Orcar.tracer - INFO] Func 059/164
[2026-07-29 15:05:56,303 - Orcar.tracer - INFO] (FuncSign(filename='/root/miniconda3/envs/django__django__3.1/lib/python3.6/importlib/__init__.py', lineno=108, funcname='import_module'), FuncScore(is_same_file_with_key_parent=False, layers_from_key_parent=3, absolute_calling_index=17, absolute_layer=5, called_by=[FuncSign(filename='/django__django/django/__init__.py', lineno=8, funcname='setup'), FuncSign(filename='/django__django/django/utils/log.py', lineno=66, funcname='configure_logging'), FuncSign(filename='/django__django/django/utils/module_loading.py', lineno=7, funcname='import_string')]), (1, 3, 5, 17))
[2026-07-29 15:05:56,303 - Orcar.tracer - INFO] Func 060/164
[2026-07-29 15:05:56,303 - Orcar.tracer - INFO] (FuncSign(filename='/root/miniconda3/envs/django__django__3.1/lib/python3.6/logging/config.py', lineno=374, funcname='__init__'), FuncScore(is_same_file_with_key_parent=False, layers_from_key_parent=3, absolute_calling_index=19, absolute_layer=5, called_by=[FuncSign(filename='/django__django/django/__init__.py', lineno=8, funcname='setup'), FuncSign(filename='/django__django/django/utils/log.py', lineno=66, funcname='configure_logging'), FuncSign(filename='/root/miniconda3/envs/django__django__3.1/lib/python3.6/logging/config.py', lineno=800, funcname='dictConfig')]), (1, 3, 5, 19))
[2026-07-29 15:05:56,303 - Orcar.tracer - INFO] Func 061/164
[2026-07-29 15:05:56,303 - Orcar.tracer - INFO] (FuncSign(filename='/root/miniconda3/envs/django__django__3.1/lib/python3.6/site-packages/asgiref/local.py', lineno=82, funcname='_get_storage'), FuncScore(is_same_file_with_key_parent=False, layers_from_key_parent=3, absolute_calling_index=381, absolute_layer=5, called_by=[FuncSign(filename='/django__django/django/__init__.py', lineno=8, funcname='setup'), FuncSign(filename='/django__django/django/urls/base.py', lineno=99, funcname='set_script_prefix'), FuncSign(filename='/root/miniconda3/envs/django__django__3.1/lib/python3.6/site-packages/asgiref/local.py', lineno=109, funcname='__setattr__')]), (1, 3, 5, 381))
[2026-07-29 15:05:56,303 - Orcar.tracer - INFO] Func 062/164
[2026-07-29 15:05:56,303 - Orcar.tracer - INFO] (FuncSign(filename='/root/miniconda3/envs/django__django__3.1/lib/python3.6/collections/__init__.py', lineno=586, funcname='update'), FuncScore(is_same_file_with_key_parent=False, layers_from_key_parent=3, absolute_calling_index=436, absolute_layer=5, called_by=[FuncSign(filename='/django__django/django/__init__.py', lineno=8, funcname='setup'), FuncSign(filename='/django__django/django/apps/registry.py', lineno=61, funcname='populate'), FuncSign(filename='/root/miniconda3/envs/django__django__3.1/lib/python3.6/collections/__init__.py', lineno=517, funcname='__init__')]), (1, 3, 5, 436))
[2026-07-29 15:05:56,303 - Orcar.tracer - INFO] Func 063/164
[2026-07-29 15:05:56,304 - Orcar.tracer - INFO] (FuncSign(filename='/django__django/django/apps/registry.py', lineno=127, funcname='check_apps_ready'), FuncScore(is_same_file_with_key_parent=False, layers_from_key_parent=3, absolute_calling_index=839, absolute_layer=5, called_by=[FuncSign(filename='/django__django/django/__init__.py', lineno=8, funcname='setup'), FuncSign(filename='/django__django/django/apps/registry.py', lineno=61, funcname='populate'), FuncSign(filename='/django__django/django/apps/registry.py', lineno=142, funcname='get_app_configs')]), (1, 3, 5, 839))
[2026-07-29 15:05:56,304 - Orcar.tracer - INFO] Func 064/164
[2026-07-29 15:05:56,304 - Orcar.tracer - INFO] (FuncSign(filename='/root/miniconda3/envs/django__django__3.1/lib/python3.6/threading.py', lineno=239, funcname='__enter__'), FuncScore(is_same_file_with_key_parent=False, layers_from_key_parent=3, absolute_calling_index=841, absolute_layer=5, called_by=[FuncSign(filename='/django__django/django/__init__.py', lineno=8, funcname='setup'), FuncSign(filename='/django__django/django/apps/registry.py', lineno=61, funcname='populate'), FuncSign(filename='/root/miniconda3/envs/django__django__3.1/lib/python3.6/threading.py', lineno=512, funcname='set')]), (1, 3, 5, 841))
[2026-07-29 15:05:56,304 - Orcar.tracer - INFO] Func 065/164
[2026-07-29 15:05:56,304 - Orcar.tracer - INFO] (FuncSign(filename='/root/miniconda3/envs/django__django__3.1/lib/python3.6/threading.py', lineno=357, funcname='notify_all'), FuncScore(is_same_file_with_key_parent=False, layers_from_key_parent=3, absolute_calling_index=842, absolute_layer=5, called_by=[FuncSign(filename='/django__django/django/__init__.py', lineno=8, funcname='setup'), FuncSign(filename='/django__django/django/apps/registry.py', lineno=61, funcname='populate'), FuncSign(filename='/root/miniconda3/envs/django__django__3.1/lib/python3.6/threading.py', lineno=512, funcname='set')]), (1, 3, 5, 842))
[2026-07-29 15:05:56,304 - Orcar.tracer - INFO] Func 066/164
[2026-07-29 15:05:56,304 - Orcar.tracer - INFO] (FuncSign(filename='/root/miniconda3/envs/django__django__3.1/lib/python3.6/threading.py', lineno=242, funcname='__exit__'), FuncScore(is_same_file_with_key_parent=False, layers_from_key_parent=3, absolute_calling_index=845, absolute_layer=5, called_by=[FuncSign(filename='/django__django/django/__init__.py', lineno=8, funcname='setup'), FuncSign(filename='/django__django/django/apps/registry.py', lineno=61, funcname='populate'), FuncSign(filename='/root/miniconda3/envs/django__django__3.1/lib/python3.6/threading.py', lineno=512, funcname='set')]), (1, 3, 5, 845))
[2026-07-29 15:05:56,304 - Orcar.tracer - INFO] Func 067/164
[2026-07-29 15:05:56,304 - Orcar.tracer - INFO] (FuncSign(filename='/root/miniconda3/envs/django__django__3.1/lib/python3.6/abc.py', lineno=180, funcname='__instancecheck__'), FuncScore(is_same_file_with_key_parent=False, layers_from_key_parent=3, absolute_calling_index=851, absolute_layer=5, called_by=[FuncSign(filename='/django__django/reproducer_django__django-11999.py', lineno=8, funcname='FooBar'), FuncSign(filename='/django__django/django/db/models/fields/__init__.py', lineno=971, funcname='__init__'), FuncSign(filename='/django__django/django/db/models/fields/__init__.py', lineno=131, funcname='__init__')]), (1, 3, 5, 851))
[2026-07-29 15:05:56,304 - Orcar.tracer - INFO] Func 068/164
[2026-07-29 15:05:56,304 - Orcar.tracer - INFO] (FuncSign(filename='/django__django/django/db/models/fields/__init__.py', lineno=583, funcname='validators'), FuncScore(is_same_file_with_key_parent=False, layers_from_key_parent=3, absolute_calling_index=947, absolute_layer=5, called_by=[FuncSign(filename='/django__django/reproducer_django__django-11999.py', lineno=8, funcname='FooBar'), FuncSign(filename='/django__django/django/db/models/fields/__init__.py', lineno=971, funcname='__init__'), FuncSign(filename='/django__django/django/utils/functional.py', lineno=40, funcname='__get__')]), (1, 3, 5, 947))
[2026-07-29 15:05:56,305 - Orcar.tracer - INFO] Func 069/164
[2026-07-29 15:05:56,305 - Orcar.tracer - INFO] (FuncSign(filename='/root/miniconda3/envs/django__django__3.1/lib/python3.6/weakref.py', lineno=251, funcname='popitem'), FuncScore(is_same_file_with_key_parent=False, layers_from_key_parent=3, absolute_calling_index=33, absolute_layer=8, called_by=[FuncSign(filename='/root/miniconda3/envs/django__django__3.1/lib/python3.6/logging/config.py', lineno=493, funcname='configure'), FuncSign(filename='/root/miniconda3/envs/django__django__3.1/lib/python3.6/logging/config.py', lineno=272, funcname='_clearExistingHandlers'), FuncSign(filename='/root/miniconda3/envs/django__django__3.1/lib/python3.6/_collections_abc.py', lineno=816, funcname='clear')]), (1, 3, 8, 33))
[2026-07-29 15:05:56,305 - Orcar.tracer - INFO] Func 070/164
[2026-07-29 15:05:56,305 - Orcar.tracer - INFO] (FuncSign(filename='/root/miniconda3/envs/django__django__3.1/lib/python3.6/logging/__init__.py', lineno=809, funcname='acquire'), FuncScore(is_same_file_with_key_parent=False, layers_from_key_parent=3, absolute_calling_index=35, absolute_layer=8, called_by=[FuncSign(filename='/root/miniconda3/envs/django__django__3.1/lib/python3.6/logging/config.py', lineno=493, funcname='configure'), FuncSign(filename='/root/miniconda3/envs/django__django__3.1/lib/python3.6/logging/config.py', lineno=272, funcname='_clearExistingHandlers'), FuncSign(filename='/root/miniconda3/envs/django__django__3.1/lib/python3.6/logging/__init__.py', lineno=1930, funcname='shutdown')]), (1, 3, 8, 35))
[2026-07-29 15:05:56,305 - Orcar.tracer - INFO] Func 071/164
[2026-07-29 15:05:56,305 - Orcar.tracer - INFO] (FuncSign(filename='/root/miniconda3/envs/django__django__3.1/lib/python3.6/logging/__init__.py', lineno=971, funcname='flush'), FuncScore(is_same_file_with_key_parent=False, layers_from_key_parent=3, absolute_calling_index=36, absolute_layer=8, called_by=[FuncSign(filename='/root/miniconda3/envs/django__django__3.1/lib/python3.6/logging/config.py', lineno=493, funcname='configure'), FuncSign(filename='/root/miniconda3/envs/django__django__3.1/lib/python3.6/logging/config.py', lineno=272, funcname='_clearExistingHandlers'), FuncSign(filename='/root/miniconda3/envs/django__django__3.1/lib/python3.6/logging/__init__.py', lineno=1930, funcname='shutdown')]), (1, 3, 8, 36))
[2026-07-29 15:05:56,305 - Orcar.tracer - INFO] Func 072/164
[2026-07-29 15:05:56,305 - Orcar.tracer - INFO] (FuncSign(filename='/root/miniconda3/envs/django__django__3.1/lib/python3.6/logging/__init__.py', lineno=885, funcname='close'), FuncScore(is_same_file_with_key_parent=False, layers_from_key_parent=3, absolute_calling_index=42, absolute_layer=8, called_by=[FuncSign(filename='/root/miniconda3/envs/django__django__3.1/lib/python3.6/logging/config.py', lineno=493, funcname='configure'), FuncSign(filename='/root/miniconda3/envs/django__django__3.1/lib/python3.6/logging/config.py', lineno=272, funcname='_clearExistingHandlers'), FuncSign(filename='/root/miniconda3/envs/django__django__3.1/lib/python3.6/logging/__init__.py', lineno=1930, funcname='shutdown')]), (1, 3, 8, 42))
[2026-07-29 15:05:56,305 - Orcar.tracer - INFO] Func 073/164
[2026-07-29 15:05:56,306 - Orcar.tracer - INFO] (FuncSign(filename='/root/miniconda3/envs/django__django__3.1/lib/python3.6/logging/__init__.py', lineno=816, funcname='release'), FuncScore(is_same_file_with_key_parent=False, layers_from_key_parent=3, absolute_calling_index=45, absolute_layer=8, called_by=[FuncSign(filename='/root/miniconda3/envs/django__django__3.1/lib/python3.6/logging/config.py', lineno=493, funcname='configure'), FuncSign(filename='/root/miniconda3/envs/django__django__3.1/lib/python3.6/logging/config.py', lineno=272, funcname='_clearExistingHandlers'), FuncSign(filename='/root/miniconda3/envs/django__django__3.1/lib/python3.6/logging/__init__.py', lineno=1930, funcname='shutdown')]), (1, 3, 8, 45))
[2026-07-29 15:05:56,306 - Orcar.tracer - INFO] Func 074/164
[2026-07-29 15:05:56,306 - Orcar.tracer - INFO] (FuncSign(filename='/django__django/django/utils/log.py', lineno=163, funcname='__init__'), FuncScore(is_same_file_with_key_parent=False, layers_from_key_parent=3, absolute_calling_index=73, absolute_layer=8, called_by=[FuncSign(filename='/root/miniconda3/envs/django__django__3.1/lib/python3.6/logging/config.py', lineno=493, funcname='configure'), FuncSign(filename='/root/miniconda3/envs/django__django__3.1/lib/python3.6/logging/config.py', lineno=651, funcname='configure_formatter'), FuncSign(filename='/root/miniconda3/envs/django__django__3.1/lib/python3.6/logging/config.py', lineno=467, funcname='configure_custom')]), (1, 3, 8, 73))
[2026-07-29 15:05:56,306 - Orcar.tracer - INFO] Func 075/164
[2026-07-29 15:05:56,306 - Orcar.tracer - INFO] (FuncSign(filename='/root/miniconda3/envs/django__django__3.1/lib/python3.6/logging/__init__.py', lineno=654, funcname='__init__'), FuncScore(is_same_file_with_key_parent=False, layers_from_key_parent=3, absolute_calling_index=120, absolute_layer=8, called_by=[FuncSign(filename='/root/miniconda3/envs/django__django__3.1/lib/python3.6/logging/config.py', lineno=493, funcname='configure'), FuncSign(filename='/root/miniconda3/envs/django__django__3.1/lib/python3.6/logging/config.py', lineno=679, funcname='configure_filter'), FuncSign(filename='/root/miniconda3/envs/django__django__3.1/lib/python3.6/logging/config.py', lineno=467, funcname='configure_custom')]), (1, 3, 8, 120))
[2026-07-29 15:05:56,306 - Orcar.tracer - INFO] Func 076/164
[2026-07-29 15:05:56,306 - Orcar.tracer - INFO] (FuncSign(filename='/root/miniconda3/envs/django__django__3.1/lib/python3.6/logging/__init__.py', lineno=771, funcname='__init__'), FuncScore(is_same_file_with_key_parent=False, layers_from_key_parent=3, absolute_calling_index=160, absolute_layer=8, called_by=[FuncSign(filename='/root/miniconda3/envs/django__django__3.1/lib/python3.6/logging/config.py', lineno=493, funcname='configure'), FuncSign(filename='/root/miniconda3/envs/django__django__3.1/lib/python3.6/logging/config.py', lineno=696, funcname='configure_handler'), FuncSign(filename='/root/miniconda3/envs/django__django__3.1/lib/python3.6/logging/__init__.py', lineno=960, funcname='__init__')]), (1, 3, 8, 160))
[2026-07-29 15:05:56,306 - Orcar.tracer - INFO] Func 077/164
[2026-07-29 15:05:56,307 - Orcar.tracer - INFO] (FuncSign(filename='/root/miniconda3/envs/django__django__3.1/lib/python3.6/logging/__init__.py', lineno=691, funcname='addFilter'), FuncScore(is_same_file_with_key_parent=False, layers_from_key_parent=3, absolute_calling_index=178, absolute_layer=8, called_by=[FuncSign(filename='/root/miniconda3/envs/django__django__3.1/lib/python3.6/logging/config.py', lineno=493, funcname='configure'), FuncSign(filename='/root/miniconda3/envs/django__django__3.1/lib/python3.6/logging/config.py', lineno=696, funcname='configure_handler'), FuncSign(filename='/root/miniconda3/envs/django__django__3.1/lib/python3.6/logging/config.py', lineno=688, funcname='add_filters')]), (1, 3, 8, 178))
[2026-07-29 15:05:56,307 - Orcar.tracer - INFO] Func 078/164
[2026-07-29 15:05:56,307 - Orcar.tracer - INFO] (FuncSign(filename='/root/miniconda3/envs/django__django__3.1/lib/python3.6/weakref.py', lineno=334, funcname='__new__'), FuncScore(is_same_file_with_key_parent=False, layers_from_key_parent=3, absolute_calling_index=183, absolute_layer=8, called_by=[FuncSign(filename='/root/miniconda3/envs/django__django__3.1/lib/python3.6/logging/config.py', lineno=493, funcname='configure'), FuncSign(filename='/root/miniconda3/envs/django__django__3.1/lib/python3.6/logging/__init__.py', lineno=787, funcname='set_name'), FuncSign(filename='/root/miniconda3/envs/django__django__3.1/lib/python3.6/weakref.py', lineno=165, funcname='__setitem__')]), (1, 3, 8, 183))
[2026-07-29 15:05:56,307 - Orcar.tracer - INFO] Func 079/164
[2026-07-29 15:05:56,307 - Orcar.tracer - INFO] (FuncSign(filename='/root/miniconda3/envs/django__django__3.1/lib/python3.6/weakref.py', lineno=339, funcname='__init__'), FuncScore(is_same_file_with_key_parent=False, layers_from_key_parent=3, absolute_calling_index=184, absolute_layer=8, called_by=[FuncSign(filename='/root/miniconda3/envs/django__django__3.1/lib/python3.6/logging/config.py', lineno=493, funcname='configure'), FuncSign(filename='/root/miniconda3/envs/django__django__3.1/lib/python3.6/logging/__init__.py', lineno=787, funcname='set_name'), FuncSign(filename='/root/miniconda3/envs/django__django__3.1/lib/python3.6/weakref.py', lineno=165, funcname='__setitem__')]), (1, 3, 8, 184))
[2026-07-29 15:05:56,307 - Orcar.tracer - INFO] Func 080/164
[2026-07-29 15:05:56,307 - Orcar.tracer - INFO] (FuncSign(filename='/root/miniconda3/envs/django__django__3.1/lib/python3.6/logging/__init__.py', lineno=1161, funcname='getLogger'), FuncScore(is_same_file_with_key_parent=False, layers_from_key_parent=3, absolute_calling_index=291, absolute_layer=8, called_by=[FuncSign(filename='/root/miniconda3/envs/django__django__3.1/lib/python3.6/logging/config.py', lineno=493, funcname='configure'), FuncSign(filename='/root/miniconda3/envs/django__django__3.1/lib/python3.6/logging/config.py', lineno=785, funcname='configure_logger'), FuncSign(filename='/root/miniconda3/envs/django__django__3.1/lib/python3.6/logging/__init__.py', lineno=1838, funcname='getLogger')]), (1, 3, 8, 291))
[2026-07-29 15:05:56,307 - Orcar.tracer - INFO] Func 081/164
[2026-07-29 15:05:56,307 - Orcar.tracer - INFO] (FuncSign(filename='/root/miniconda3/envs/django__django__3.1/lib/python3.6/logging/__init__.py', lineno=1280, funcname='setLevel'), FuncScore(is_same_file_with_key_parent=False, layers_from_key_parent=3, absolute_calling_index=304, absolute_layer=8, called_by=[FuncSign(filename='/root/miniconda3/envs/django__django__3.1/lib/python3.6/logging/config.py', lineno=493, funcname='configure'), FuncSign(filename='/root/miniconda3/envs/django__django__3.1/lib/python3.6/logging/config.py', lineno=785, funcname='configure_logger'), FuncSign(filename='/root/miniconda3/envs/django__django__3.1/lib/python3.6/logging/config.py', lineno=767, funcname='common_logger_config')]), (1, 3, 8, 304))
[2026-07-29 15:05:56,308 - Orcar.tracer - INFO] Func 082/164
[2026-07-29 15:05:56,308 - Orcar.tracer - INFO] (FuncSign(filename='/root/miniconda3/envs/django__django__3.1/lib/python3.6/site-packages/asgiref/local.py', lineno=46, funcname='_get_context_id'), FuncScore(is_same_file_with_key_parent=False, layers_from_key_parent=4, absolute_calling_index=382, absolute_layer=6, called_by=[FuncSign(filename='/django__django/django/__init__.py', lineno=8, funcname='setup'), FuncSign(filename='/django__django/django/urls/base.py', lineno=99, funcname='set_script_prefix'), FuncSign(filename='/root/miniconda3/envs/django__django__3.1/lib/python3.6/site-packages/asgiref/local.py', lineno=109, funcname='__setattr__'), FuncSign(filename='/root/miniconda3/envs/django__django__3.1/lib/python3.6/site-packages/asgiref/local.py', lineno=82, funcname='_get_storage')]), (1, 4, 6, 382))
[2026-07-29 15:05:56,308 - Orcar.tracer - INFO] Func 083/164
[2026-07-29 15:05:56,308 - Orcar.tracer - INFO] (FuncSign(filename='/root/miniconda3/envs/django__django__3.1/lib/python3.6/_weakrefset.py', lineno=81, funcname='add'), FuncScore(is_same_file_with_key_parent=False, layers_from_key_parent=4, absolute_calling_index=432, absolute_layer=6, called_by=[FuncSign(filename='/django__django/django/__init__.py', lineno=8, funcname='setup'), FuncSign(filename='/django__django/django/urls/base.py', lineno=99, funcname='set_script_prefix'), FuncSign(filename='/root/miniconda3/envs/django__django__3.1/lib/python3.6/site-packages/asgiref/local.py', lineno=109, funcname='__setattr__'), FuncSign(filename='/root/miniconda3/envs/django__django__3.1/lib/python3.6/site-packages/asgiref/local.py', lineno=82, funcname='_get_storage')]), (1, 4, 6, 432))
[2026-07-29 15:05:56,308 - Orcar.tracer - INFO] Func 084/164
[2026-07-29 15:05:56,308 - Orcar.tracer - INFO] (FuncSign(filename='/root/miniconda3/envs/django__django__3.1/lib/python3.6/threading.py', lineno=334, funcname='notify'), FuncScore(is_same_file_with_key_parent=False, layers_from_key_parent=4, absolute_calling_index=843, absolute_layer=6, called_by=[FuncSign(filename='/django__django/django/__init__.py', lineno=8, funcname='setup'), FuncSign(filename='/django__django/django/apps/registry.py', lineno=61, funcname='populate'), FuncSign(filename='/root/miniconda3/envs/django__django__3.1/lib/python3.6/threading.py', lineno=512, funcname='set'), FuncSign(filename='/root/miniconda3/envs/django__django__3.1/lib/python3.6/threading.py', lineno=357, funcname='notify_all')]), (1, 4, 6, 843))
[2026-07-29 15:05:56,308 - Orcar.tracer - INFO] Func 085/164
[2026-07-29 15:05:56,308 - Orcar.tracer - INFO] (FuncSign(filename='/root/miniconda3/envs/django__django__3.1/lib/python3.6/_weakrefset.py', lineno=70, funcname='__contains__'), FuncScore(is_same_file_with_key_parent=False, layers_from_key_parent=4, absolute_calling_index=852, absolute_layer=6, called_by=[FuncSign(filename='/django__django/reproducer_django__django-11999.py', lineno=8, funcname='FooBar'), FuncSign(filename='/django__django/django/db/models/fields/__init__.py', lineno=971, funcname='__init__'), FuncSign(filename='/django__django/django/db/models/fields/__init__.py', lineno=131, funcname='__init__'), FuncSign(filename='/root/miniconda3/envs/django__django__3.1/lib/python3.6/abc.py', lineno=180, funcname='__instancecheck__')]), (1, 4, 6, 852))
[2026-07-29 15:05:56,309 - Orcar.tracer - INFO] Func 086/164
[2026-07-29 15:05:56,309 - Orcar.tracer - INFO] (FuncSign(filename='/root/miniconda3/envs/django__django__3.1/lib/python3.6/abc.py', lineno=196, funcname='__subclasscheck__'), FuncScore(is_same_file_with_key_parent=False, layers_from_key_parent=4, absolute_calling_index=854, absolute_layer=6, called_by=[FuncSign(filename='/django__django/reproducer_django__django-11999.py', lineno=8, funcname='FooBar'), FuncSign(filename='/django__django/django/db/models/fields/__init__.py', lineno=971, funcname='__init__'), FuncSign(filename='/django__django/django/db/models/fields/__init__.py', lineno=131, funcname='__init__'), FuncSign(filename='/root/miniconda3/envs/django__django__3.1/lib/python3.6/abc.py', lineno=180, funcname='__instancecheck__')]), (1, 4, 6, 854))
[2026-07-29 15:05:56,309 - Orcar.tracer - INFO] Func 087/164
[2026-07-29 15:05:56,309 - Orcar.tracer - INFO] (FuncSign(filename='/root/miniconda3/envs/django__django__3.1/lib/python3.6/logging/__init__.py', lineno=1091, funcname='stream'), FuncScore(is_same_file_with_key_parent=False, layers_from_key_parent=4, absolute_calling_index=38, absolute_layer=9, called_by=[FuncSign(filename='/root/miniconda3/envs/django__django__3.1/lib/python3.6/logging/config.py', lineno=493, funcname='configure'), FuncSign(filename='/root/miniconda3/envs/django__django__3.1/lib/python3.6/logging/config.py', lineno=272, funcname='_clearExistingHandlers'), FuncSign(filename='/root/miniconda3/envs/django__django__3.1/lib/python3.6/logging/__init__.py', lineno=1930, funcname='shutdown'), FuncSign(filename='/root/miniconda3/envs/django__django__3.1/lib/python3.6/logging/__init__.py', lineno=971, funcname='flush')]), (1, 4, 9, 38))
[2026-07-29 15:05:56,309 - Orcar.tracer - INFO] Func 088/164
[2026-07-29 15:05:56,309 - Orcar.tracer - INFO] (FuncSign(filename='/django__django/django/core/management/color.py', lineno=67, funcname='color_style'), FuncScore(is_same_file_with_key_parent=False, layers_from_key_parent=4, absolute_calling_index=74, absolute_layer=9, called_by=[FuncSign(filename='/root/miniconda3/envs/django__django__3.1/lib/python3.6/logging/config.py', lineno=493, funcname='configure'), FuncSign(filename='/root/miniconda3/envs/django__django__3.1/lib/python3.6/logging/config.py', lineno=651, funcname='configure_formatter'), FuncSign(filename='/root/miniconda3/envs/django__django__3.1/lib/python3.6/logging/config.py', lineno=467, funcname='configure_custom'), FuncSign(filename='/django__django/django/utils/log.py', lineno=163, funcname='__init__')]), (1, 4, 9, 74))
[2026-07-29 15:05:56,309 - Orcar.tracer - INFO] Func 089/164
[2026-07-29 15:05:56,309 - Orcar.tracer - INFO] (FuncSign(filename='/root/miniconda3/envs/django__django__3.1/lib/python3.6/logging/__init__.py', lineno=471, funcname='__init__'), FuncScore(is_same_file_with_key_parent=False, layers_from_key_parent=4, absolute_calling_index=102, absolute_layer=9, called_by=[FuncSign(filename='/root/miniconda3/envs/django__django__3.1/lib/python3.6/logging/config.py', lineno=493, funcname='configure'), FuncSign(filename='/root/miniconda3/envs/django__django__3.1/lib/python3.6/logging/config.py', lineno=651, funcname='configure_formatter'), FuncSign(filename='/root/miniconda3/envs/django__django__3.1/lib/python3.6/logging/config.py', lineno=467, funcname='configure_custom'), FuncSign(filename='/django__django/django/utils/log.py', lineno=163, funcname='__init__')]), (1, 4, 9, 102))
[2026-07-29 15:05:56,310 - Orcar.tracer - INFO] Func 090/164
[2026-07-29 15:05:56,310 - Orcar.tracer - INFO] (FuncSign(filename='/root/miniconda3/envs/django__django__3.1/lib/python3.6/logging/__init__.py', lineno=685, funcname='__init__'), FuncScore(is_same_file_with_key_parent=False, layers_from_key_parent=4, absolute_calling_index=161, absolute_layer=9, called_by=[FuncSign(filename='/root/miniconda3/envs/django__django__3.1/lib/python3.6/logging/config.py', lineno=493, funcname='configure'), FuncSign(filename='/root/miniconda3/envs/django__django__3.1/lib/python3.6/logging/config.py', lineno=696, funcname='configure_handler'), FuncSign(filename='/root/miniconda3/envs/django__django__3.1/lib/python3.6/logging/__init__.py', lineno=960, funcname='__init__'), FuncSign(filename='/root/miniconda3/envs/django__django__3.1/lib/python3.6/logging/__init__.py', lineno=771, funcname='__init__')]), (1, 4, 9, 161))
[2026-07-29 15:05:56,310 - Orcar.tracer - INFO] Func 091/164
[2026-07-29 15:05:56,310 - Orcar.tracer - INFO] (FuncSign(filename='/root/miniconda3/envs/django__django__3.1/lib/python3.6/logging/__init__.py', lineno=752, funcname='_addHandlerRef'), FuncScore(is_same_file_with_key_parent=False, layers_from_key_parent=4, absolute_calling_index=163, absolute_layer=9, called_by=[FuncSign(filename='/root/miniconda3/envs/django__django__3.1/lib/python3.6/logging/config.py', lineno=493, funcname='configure'), FuncSign(filename='/root/miniconda3/envs/django__django__3.1/lib/python3.6/logging/config.py', lineno=696, funcname='configure_handler'), FuncSign(filename='/root/miniconda3/envs/django__django__3.1/lib/python3.6/logging/__init__.py', lineno=960, funcname='__init__'), FuncSign(filename='/root/miniconda3/envs/django__django__3.1/lib/python3.6/logging/__init__.py', lineno=771, funcname='__init__')]), (1, 4, 9, 163))
[2026-07-29 15:05:56,310 - Orcar.tracer - INFO] Func 092/164
[2026-07-29 15:05:56,310 - Orcar.tracer - INFO] (FuncSign(filename='/root/miniconda3/envs/django__django__3.1/lib/python3.6/logging/__init__.py', lineno=800, funcname='createLock'), FuncScore(is_same_file_with_key_parent=False, layers_from_key_parent=4, absolute_calling_index=166, absolute_layer=9, called_by=[FuncSign(filename='/root/miniconda3/envs/django__django__3.1/lib/python3.6/logging/config.py', lineno=493, funcname='configure'), FuncSign(filename='/root/miniconda3/envs/django__django__3.1/lib/python3.6/logging/config.py', lineno=696, funcname='configure_handler'), FuncSign(filename='/root/miniconda3/envs/django__django__3.1/lib/python3.6/logging/__init__.py', lineno=960, funcname='__init__'), FuncSign(filename='/root/miniconda3/envs/django__django__3.1/lib/python3.6/logging/__init__.py', lineno=771, funcname='__init__')]), (1, 4, 9, 166))
[2026-07-29 15:05:56,310 - Orcar.tracer - INFO] Func 093/164
[2026-07-29 15:05:56,310 - Orcar.tracer - INFO] (FuncSign(filename='/root/miniconda3/envs/django__django__3.1/lib/python3.6/logging/__init__.py', lineno=1268, funcname='__init__'), FuncScore(is_same_file_with_key_parent=False, layers_from_key_parent=4, absolute_calling_index=293, absolute_layer=9, called_by=[FuncSign(filename='/root/miniconda3/envs/django__django__3.1/lib/python3.6/logging/config.py', lineno=493, funcname='configure'), FuncSign(filename='/root/miniconda3/envs/django__django__3.1/lib/python3.6/logging/config.py', lineno=785, funcname='configure_logger'), FuncSign(filename='/root/miniconda3/envs/django__django__3.1/lib/python3.6/logging/__init__.py', lineno=1838, funcname='getLogger'), FuncSign(filename='/root/miniconda3/envs/django__django__3.1/lib/python3.6/logging/__init__.py', lineno=1161, funcname='getLogger')]), (1, 4, 9, 293))
[2026-07-29 15:05:56,310 - Orcar.tracer - INFO] Func 094/164
[2026-07-29 15:05:56,311 - Orcar.tracer - INFO] (FuncSign(filename='/root/miniconda3/envs/django__django__3.1/lib/python3.6/logging/__init__.py', lineno=1236, funcname='_fixupChildren'), FuncScore(is_same_file_with_key_parent=False, layers_from_key_parent=4, absolute_calling_index=296, absolute_layer=9, called_by=[FuncSign(filename='/root/miniconda3/envs/django__django__3.1/lib/python3.6/logging/config.py', lineno=493, funcname='configure'), FuncSign(filename='/root/miniconda3/envs/django__django__3.1/lib/python3.6/logging/config.py', lineno=785, funcname='configure_logger'), FuncSign(filename='/root/miniconda3/envs/django__django__3.1/lib/python3.6/logging/__init__.py', lineno=1838, funcname='getLogger'), FuncSign(filename='/root/miniconda3/envs/django__django__3.1/lib/python3.6/logging/__init__.py', lineno=1161, funcname='getLogger')]), (1, 4, 9, 296))
[2026-07-29 15:05:56,311 - Orcar.tracer - INFO] Func 095/164
[2026-07-29 15:05:56,311 - Orcar.tracer - INFO] (FuncSign(filename='/root/miniconda3/envs/django__django__3.1/lib/python3.6/logging/__init__.py', lineno=1212, funcname='_fixupParents'), FuncScore(is_same_file_with_key_parent=False, layers_from_key_parent=4, absolute_calling_index=297, absolute_layer=9, called_by=[FuncSign(filename='/root/miniconda3/envs/django__django__3.1/lib/python3.6/logging/config.py', lineno=493, funcname='configure'), FuncSign(filename='/root/miniconda3/envs/django__django__3.1/lib/python3.6/logging/config.py', lineno=785, funcname='configure_logger'), FuncSign(filename='/root/miniconda3/envs/django__django__3.1/lib/python3.6/logging/__init__.py', lineno=1838, funcname='getLogger'), FuncSign(filename='/root/miniconda3/envs/django__django__3.1/lib/python3.6/logging/__init__.py', lineno=1161, funcname='getLogger')]), (1, 4, 9, 297))
[2026-07-29 15:05:56,311 - Orcar.tracer - INFO] Func 096/164
[2026-07-29 15:05:56,311 - Orcar.tracer - INFO] (FuncSign(filename='/root/miniconda3/envs/django__django__3.1/lib/python3.6/logging/__init__.py', lineno=1456, funcname='addHandler'), FuncScore(is_same_file_with_key_parent=False, layers_from_key_parent=4, absolute_calling_index=316, absolute_layer=9, called_by=[FuncSign(filename='/root/miniconda3/envs/django__django__3.1/lib/python3.6/logging/config.py', lineno=493, funcname='configure'), FuncSign(filename='/root/miniconda3/envs/django__django__3.1/lib/python3.6/logging/config.py', lineno=785, funcname='configure_logger'), FuncSign(filename='/root/miniconda3/envs/django__django__3.1/lib/python3.6/logging/config.py', lineno=767, funcname='common_logger_config'), FuncSign(filename='/root/miniconda3/envs/django__django__3.1/lib/python3.6/logging/config.py', lineno=759, funcname='add_handlers')]), (1, 4, 9, 316))
[2026-07-29 15:05:56,311 - Orcar.tracer - INFO] Func 097/164
[2026-07-29 15:05:56,311 - Orcar.tracer - INFO] (FuncSign(filename='/root/miniconda3/envs/django__django__3.1/lib/python3.6/site-packages/asgiref/sync.py', lineno=493, funcname='get_current_task'), FuncScore(is_same_file_with_key_parent=False, layers_from_key_parent=5, absolute_calling_index=383, absolute_layer=7, called_by=[FuncSign(filename='/django__django/django/__init__.py', lineno=8, funcname='setup'), FuncSign(filename='/django__django/django/urls/base.py', lineno=99, funcname='set_script_prefix'), FuncSign(filename='/root/miniconda3/envs/django__django__3.1/lib/python3.6/site-packages/asgiref/local.py', lineno=109, funcname='__setattr__'), FuncSign(filename='/root/miniconda3/envs/django__django__3.1/lib/python3.6/site-packages/asgiref/local.py', lineno=82, funcname='_get_storage'), FuncSign(filename='/root/miniconda3/envs/django__django__3.1/lib/python3.6/site-packages/asgiref/local.py', lineno=46, funcname='_get_context_id')]), (1, 5, 7, 383))
[2026-07-29 15:05:56,311 - Orcar.tracer - INFO] Func 098/164
[2026-07-29 15:05:56,311 - Orcar.tracer - INFO] (FuncSign(filename='/root/miniconda3/envs/django__django__3.1/lib/python3.6/threading.py', lineno=1230, funcname='current_thread'), FuncScore(is_same_file_with_key_parent=False, layers_from_key_parent=5, absolute_calling_index=431, absolute_layer=7, called_by=[FuncSign(filename='/django__django/django/__init__.py', lineno=8, funcname='setup'), FuncSign(filename='/django__django/django/urls/base.py', lineno=99, funcname='set_script_prefix'), FuncSign(filename='/root/miniconda3/envs/django__django__3.1/lib/python3.6/site-packages/asgiref/local.py', lineno=109, funcname='__setattr__'), FuncSign(filename='/root/miniconda3/envs/django__django__3.1/lib/python3.6/site-packages/asgiref/local.py', lineno=82, funcname='_get_storage'), FuncSign(filename='/root/miniconda3/envs/django__django__3.1/lib/python3.6/site-packages/asgiref/local.py', lineno=46, funcname='_get_context_id')]), (1, 5, 7, 431))
[2026-07-29 15:05:56,312 - Orcar.tracer - INFO] Func 099/164
[2026-07-29 15:05:56,312 - Orcar.tracer - INFO] (FuncSign(filename='/root/miniconda3/envs/django__django__3.1/lib/python3.6/threading.py', lineno=254, funcname='_is_owned'), FuncScore(is_same_file_with_key_parent=False, layers_from_key_parent=5, absolute_calling_index=844, absolute_layer=7, called_by=[FuncSign(filename='/django__django/django/__init__.py', lineno=8, funcname='setup'), FuncSign(filename='/django__django/django/apps/registry.py', lineno=61, funcname='populate'), FuncSign(filename='/root/miniconda3/envs/django__django__3.1/lib/python3.6/threading.py', lineno=512, funcname='set'), FuncSign(filename='/root/miniconda3/envs/django__django__3.1/lib/python3.6/threading.py', lineno=357, funcname='notify_all'), FuncSign(filename='/root/miniconda3/envs/django__django__3.1/lib/python3.6/threading.py', lineno=334, funcname='notify')]), (1, 5, 7, 844))
[2026-07-29 15:05:56,312 - Orcar.tracer - INFO] Func 100/164
[2026-07-29 15:05:56,312 - Orcar.tracer - INFO] (FuncSign(filename='/root/miniconda3/envs/django__django__3.1/lib/python3.6/_collections_abc.py', lineno=271, funcname='__subclasshook__'), FuncScore(is_same_file_with_key_parent=False, layers_from_key_parent=5, absolute_calling_index=857, absolute_layer=7, called_by=[FuncSign(filename='/django__django/reproducer_django__django-11999.py', lineno=8, funcname='FooBar'), FuncSign(filename='/django__django/django/db/models/fields/__init__.py', lineno=971, funcname='__init__'), FuncSign(filename='/django__django/django/db/models/fields/__init__.py', lineno=131, funcname='__init__'), FuncSign(filename='/root/miniconda3/envs/django__django__3.1/lib/python3.6/abc.py', lineno=180, funcname='__instancecheck__'), FuncSign(filename='/root/miniconda3/envs/django__django__3.1/lib/python3.6/abc.py', lineno=196, funcname='__subclasscheck__')]), (1, 5, 7, 857))
[2026-07-29 15:05:56,312 - Orcar.tracer - INFO] Func 101/164
[2026-07-29 15:05:56,312 - Orcar.tracer - INFO] (FuncSign(filename='/root/miniconda3/envs/django__django__3.1/lib/python3.6/_weakrefset.py', lineno=58, funcname='__iter__'), FuncScore(is_same_file_with_key_parent=False, layers_from_key_parent=5, absolute_calling_index=859, absolute_layer=7, called_by=[FuncSign(filename='/django__django/reproducer_django__django-11999.py', lineno=8, funcname='FooBar'), FuncSign(filename='/django__django/django/db/models/fields/__init__.py', lineno=971, funcname='__init__'), FuncSign(filename='/django__django/django/db/models/fields/__init__.py', lineno=131, funcname='__init__'), FuncSign(filename='/root/miniconda3/envs/django__django__3.1/lib/python3.6/abc.py', lineno=180, funcname='__instancecheck__'), FuncSign(filename='/root/miniconda3/envs/django__django__3.1/lib/python3.6/abc.py', lineno=196, funcname='__subclasscheck__')]), (1, 5, 7, 859))
[2026-07-29 15:05:56,312 - Orcar.tracer - INFO] Func 102/164
[2026-07-29 15:05:56,312 - Orcar.tracer - INFO] (FuncSign(filename='/root/miniconda3/envs/django__django__3.1/lib/python3.6/typing.py', lineno=1145, funcname='__subclasscheck__'), FuncScore(is_same_file_with_key_parent=False, layers_from_key_parent=5, absolute_calling_index=895, absolute_layer=7, called_by=[FuncSign(filename='/django__django/reproducer_django__django-11999.py', lineno=8, funcname='FooBar'), FuncSign(filename='/django__django/django/db/models/fields/__init__.py', lineno=971, funcname='__init__'), FuncSign(filename='/django__django/django/db/models/fields/__init__.py', lineno=131, funcname='__init__'), FuncSign(filename='/root/miniconda3/envs/django__django__3.1/lib/python3.6/abc.py', lineno=180, funcname='__instancecheck__'), FuncSign(filename='/root/miniconda3/envs/django__django__3.1/lib/python3.6/abc.py', lineno=196, funcname='__subclasscheck__')]), (1, 5, 7, 895))
[2026-07-29 15:05:56,312 - Orcar.tracer - INFO] Func 103/164
[2026-07-29 15:05:56,312 - Orcar.tracer - INFO] (FuncSign(filename='/django__django/django/core/management/color.py', lineno=12, funcname='supports_color'), FuncScore(is_same_file_with_key_parent=False, layers_from_key_parent=5, absolute_calling_index=75, absolute_layer=10, called_by=[FuncSign(filename='/root/miniconda3/envs/django__django__3.1/lib/python3.6/logging/config.py', lineno=493, funcname='configure'), FuncSign(filename='/root/miniconda3/envs/django__django__3.1/lib/python3.6/logging/config.py', lineno=651, funcname='configure_formatter'), FuncSign(filename='/root/miniconda3/envs/django__django__3.1/lib/python3.6/logging/config.py', lineno=467, funcname='configure_custom'), FuncSign(filename='/django__django/django/utils/log.py', lineno=163, funcname='__init__'), FuncSign(filename='/django__django/django/core/management/color.py', lineno=67, funcname='color_style')]), (1, 5, 10, 75))
[2026-07-29 15:05:56,313 - Orcar.tracer - INFO] Func 104/164
[2026-07-29 15:05:56,313 - Orcar.tracer - INFO] (FuncSign(filename='/django__django/django/core/management/color.py', lineno=59, funcname='no_style'), FuncScore(is_same_file_with_key_parent=False, layers_from_key_parent=5, absolute_calling_index=76, absolute_layer=10, called_by=[FuncSign(filename='/root/miniconda3/envs/django__django__3.1/lib/python3.6/logging/config.py', lineno=493, funcname='configure'), FuncSign(filename='/root/miniconda3/envs/django__django__3.1/lib/python3.6/logging/config.py', lineno=651, funcname='configure_formatter'), FuncSign(filename='/root/miniconda3/envs/django__django__3.1/lib/python3.6/logging/config.py', lineno=467, funcname='configure_custom'), FuncSign(filename='/django__django/django/utils/log.py', lineno=163, funcname='__init__'), FuncSign(filename='/django__django/django/core/management/color.py', lineno=67, funcname='color_style')]), (1, 5, 10, 76))
[2026-07-29 15:05:56,313 - Orcar.tracer - INFO] Func 105/164
[2026-07-29 15:05:56,313 - Orcar.tracer - INFO] (FuncSign(filename='/root/miniconda3/envs/django__django__3.1/lib/python3.6/logging/__init__.py', lineno=384, funcname='__init__'), FuncScore(is_same_file_with_key_parent=False, layers_from_key_parent=5, absolute_calling_index=103, absolute_layer=10, called_by=[FuncSign(filename='/root/miniconda3/envs/django__django__3.1/lib/python3.6/logging/config.py', lineno=493, funcname='configure'), FuncSign(filename='/root/miniconda3/envs/django__django__3.1/lib/python3.6/logging/config.py', lineno=651, funcname='configure_formatter'), FuncSign(filename='/root/miniconda3/envs/django__django__3.1/lib/python3.6/logging/config.py', lineno=467, funcname='configure_custom'), FuncSign(filename='/django__django/django/utils/log.py', lineno=163, funcname='__init__'), FuncSign(filename='/root/miniconda3/envs/django__django__3.1/lib/python3.6/logging/__init__.py', lineno=471, funcname='__init__')]), (1, 5, 10, 103))
[2026-07-29 15:05:56,313 - Orcar.tracer - INFO] Func 106/164
[2026-07-29 15:05:56,313 - Orcar.tracer - INFO] (FuncSign(filename='/root/miniconda3/envs/django__django__3.1/lib/python3.6/threading.py', lineno=74, funcname='RLock'), FuncScore(is_same_file_with_key_parent=False, layers_from_key_parent=5, absolute_calling_index=167, absolute_layer=10, called_by=[FuncSign(filename='/root/miniconda3/envs/django__django__3.1/lib/python3.6/logging/config.py', lineno=493, funcname='configure'), FuncSign(filename='/root/miniconda3/envs/django__django__3.1/lib/python3.6/logging/config.py', lineno=696, funcname='configure_handler'), FuncSign(filename='/root/miniconda3/envs/django__django__3.1/lib/python3.6/logging/__init__.py', lineno=960, funcname='__init__'), FuncSign(filename='/root/miniconda3/envs/django__django__3.1/lib/python3.6/logging/__init__.py', lineno=771, funcname='__init__'), FuncSign(filename='/root/miniconda3/envs/django__django__3.1/lib/python3.6/logging/__init__.py', lineno=800, funcname='createLock')]), (1, 5, 10, 167))
[2026-07-29 15:05:56,313 - Orcar.tracer - INFO] Func 107/164
[2026-07-29 15:05:56,313 - Orcar.tracer - INFO] (FuncSign(filename='/root/miniconda3/envs/django__django__3.1/lib/python3.6/asyncio/events.py', lineno=682, funcname='get_event_loop'), FuncScore(is_same_file_with_key_parent=False, layers_from_key_parent=6, absolute_calling_index=384, absolute_layer=8, called_by=[FuncSign(filename='/django__django/django/__init__.py', lineno=8, funcname='setup'), FuncSign(filename='/django__django/django/urls/base.py', lineno=99, funcname='set_script_prefix'), FuncSign(filename='/root/miniconda3/envs/django__django__3.1/lib/python3.6/site-packages/asgiref/local.py', lineno=109, funcname='__setattr__'), FuncSign(filename='/root/miniconda3/envs/django__django__3.1/lib/python3.6/site-packages/asgiref/local.py', lineno=82, funcname='_get_storage'), FuncSign(filename='/root/miniconda3/envs/django__django__3.1/lib/python3.6/site-packages/asgiref/local.py', lineno=46, funcname='_get_context_id'), FuncSign(filename='/root/miniconda3/envs/django__django__3.1/lib/python3.6/site-packages/asgiref/sync.py', lineno=493, funcname='get_current_task')]), (1, 6, 8, 384))
[2026-07-29 15:05:56,314 - Orcar.tracer - INFO] Func 108/164
[2026-07-29 15:05:56,314 - Orcar.tracer - INFO] (FuncSign(filename='/root/miniconda3/envs/django__django__3.1/lib/python3.6/_collections_abc.py', lineno=392, funcname='__subclasshook__'), FuncScore(is_same_file_with_key_parent=False, layers_from_key_parent=6, absolute_calling_index=443, absolute_layer=8, called_by=[FuncSign(filename='/django__django/django/__init__.py', lineno=8, funcname='setup'), FuncSign(filename='/django__django/django/apps/registry.py', lineno=61, funcname='populate'), FuncSign(filename='/root/miniconda3/envs/django__django__3.1/lib/python3.6/collections/__init__.py', lineno=517, funcname='__init__'), FuncSign(filename='/root/miniconda3/envs/django__django__3.1/lib/python3.6/collections/__init__.py', lineno=586, funcname='update'), FuncSign(filename='/root/miniconda3/envs/django__django__3.1/lib/python3.6/abc.py', lineno=180, funcname='__instancecheck__'), FuncSign(filename='/root/miniconda3/envs/django__django__3.1/lib/python3.6/abc.py', lineno=196, funcname='__subclasscheck__')]), (1, 6, 8, 443))
[2026-07-29 15:05:56,314 - Orcar.tracer - INFO] Func 109/164
[2026-07-29 15:05:56,314 - Orcar.tracer - INFO] (FuncSign(filename='/root/miniconda3/envs/django__django__3.1/lib/python3.6/_collections_abc.py', lineno=72, funcname='_check_methods'), FuncScore(is_same_file_with_key_parent=False, layers_from_key_parent=6, absolute_calling_index=858, absolute_layer=8, called_by=[FuncSign(filename='/django__django/reproducer_django__django-11999.py', lineno=8, funcname='FooBar'), FuncSign(filename='/django__django/django/db/models/fields/__init__.py', lineno=971, funcname='__init__'), FuncSign(filename='/django__django/django/db/models/fields/__init__.py', lineno=131, funcname='__init__'), FuncSign(filename='/root/miniconda3/envs/django__django__3.1/lib/python3.6/abc.py', lineno=180, funcname='__instancecheck__'), FuncSign(filename='/root/miniconda3/envs/django__django__3.1/lib/python3.6/abc.py', lineno=196, funcname='__subclasscheck__'), FuncSign(filename='/root/miniconda3/envs/django__django__3.1/lib/python3.6/_collections_abc.py', lineno=271, funcname='__subclasshook__')]), (1, 6, 8, 858))
[2026-07-29 15:05:56,314 - Orcar.tracer - INFO] Func 110/164
[2026-07-29 15:05:56,314 - Orcar.tracer - INFO] (FuncSign(filename='/root/miniconda3/envs/django__django__3.1/lib/python3.6/_weakrefset.py', lineno=16, funcname='__init__'), FuncScore(is_same_file_with_key_parent=False, layers_from_key_parent=6, absolute_calling_index=860, absolute_layer=8, called_by=[FuncSign(filename='/django__django/reproducer_django__django-11999.py', lineno=8, funcname='FooBar'), FuncSign(filename='/django__django/django/db/models/fields/__init__.py', lineno=971, funcname='__init__'), FuncSign(filename='/django__django/django/db/models/fields/__init__.py', lineno=131, funcname='__init__'), FuncSign(filename='/root/miniconda3/envs/django__django__3.1/lib/python3.6/abc.py', lineno=180, funcname='__instancecheck__'), FuncSign(filename='/root/miniconda3/envs/django__django__3.1/lib/python3.6/abc.py', lineno=196, funcname='__subclasscheck__'), FuncSign(filename='/root/miniconda3/envs/django__django__3.1/lib/python3.6/_weakrefset.py', lineno=58, funcname='__iter__')]), (1, 6, 8, 860))
[2026-07-29 15:05:56,314 - Orcar.tracer - INFO] Func 111/164
[2026-07-29 15:05:56,314 - Orcar.tracer - INFO] (FuncSign(filename='/root/miniconda3/envs/django__django__3.1/lib/python3.6/_weakrefset.py', lineno=20, funcname='__enter__'), FuncScore(is_same_file_with_key_parent=False, layers_from_key_parent=6, absolute_calling_index=861, absolute_layer=8, called_by=[FuncSign(filename='/django__django/reproducer_django__django-11999.py', lineno=8, funcname='FooBar'), FuncSign(filename='/django__django/django/db/models/fields/__init__.py', lineno=971, funcname='__init__'), FuncSign(filename='/django__django/django/db/models/fields/__init__.py', lineno=131, funcname='__init__'), FuncSign(filename='/root/miniconda3/envs/django__django__3.1/lib/python3.6/abc.py', lineno=180, funcname='__instancecheck__'), FuncSign(filename='/root/miniconda3/envs/django__django__3.1/lib/python3.6/abc.py', lineno=196, funcname='__subclasscheck__'), FuncSign(filename='/root/miniconda3/envs/django__django__3.1/lib/python3.6/_weakrefset.py', lineno=58, funcname='__iter__')]), (1, 6, 8, 861))
[2026-07-29 15:05:56,315 - Orcar.tracer - INFO] Func 112/164
[2026-07-29 15:05:56,315 - Orcar.tracer - INFO] (FuncSign(filename='/root/miniconda3/envs/django__django__3.1/lib/python3.6/_weakrefset.py', lineno=26, funcname='__exit__'), FuncScore(is_same_file_with_key_parent=False, layers_from_key_parent=6, absolute_calling_index=862, absolute_layer=8, called_by=[FuncSign(filename='/django__django/reproducer_django__django-11999.py', lineno=8, funcname='FooBar'), FuncSign(filename='/django__django/django/db/models/fields/__init__.py', lineno=971, funcname='__init__'), FuncSign(filename='/django__django/django/db/models/fields/__init__.py', lineno=131, funcname='__init__'), FuncSign(filename='/root/miniconda3/envs/django__django__3.1/lib/python3.6/abc.py', lineno=180, funcname='__instancecheck__'), FuncSign(filename='/root/miniconda3/envs/django__django__3.1/lib/python3.6/abc.py', lineno=196, funcname='__subclasscheck__'), FuncSign(filename='/root/miniconda3/envs/django__django__3.1/lib/python3.6/_weakrefset.py', lineno=58, funcname='__iter__')]), (1, 6, 8, 862))
[2026-07-29 15:05:56,315 - Orcar.tracer - INFO] Func 113/164
[2026-07-29 15:05:56,315 - Orcar.tracer - INFO] (FuncSign(filename='/root/miniconda3/envs/django__django__3.1/lib/python3.6/_collections_abc.py', lineno=349, funcname='__subclasshook__'), FuncScore(is_same_file_with_key_parent=False, layers_from_key_parent=6, absolute_calling_index=867, absolute_layer=8, called_by=[FuncSign(filename='/django__django/reproducer_django__django-11999.py', lineno=8, funcname='FooBar'), FuncSign(filename='/django__django/django/db/models/fields/__init__.py', lineno=971, funcname='__init__'), FuncSign(filename='/django__django/django/db/models/fields/__init__.py', lineno=131, funcname='__init__'), FuncSign(filename='/root/miniconda3/envs/django__django__3.1/lib/python3.6/abc.py', lineno=180, funcname='__instancecheck__'), FuncSign(filename='/root/miniconda3/envs/django__django__3.1/lib/python3.6/abc.py', lineno=196, funcname='__subclasscheck__'), FuncSign(filename='/root/miniconda3/envs/django__django__3.1/lib/python3.6/abc.py', lineno=196, funcname='__subclasscheck__')]), (1, 6, 8, 867))
[2026-07-29 15:05:56,315 - Orcar.tracer - INFO] Func 114/164
[2026-07-29 15:05:56,315 - Orcar.tracer - INFO] (FuncSign(filename='/django__django/django/core/management/color.py', lineno=29, funcname='make_style'), FuncScore(is_same_file_with_key_parent=False, layers_from_key_parent=6, absolute_calling_index=77, absolute_layer=11, called_by=[FuncSign(filename='/root/miniconda3/envs/django__django__3.1/lib/python3.6/logging/config.py', lineno=493, funcname='configure'), FuncSign(filename='/root/miniconda3/envs/django__django__3.1/lib/python3.6/logging/config.py', lineno=651, funcname='configure_formatter'), FuncSign(filename='/root/miniconda3/envs/django__django__3.1/lib/python3.6/logging/config.py', lineno=467, funcname='configure_custom'), FuncSign(filename='/django__django/django/utils/log.py', lineno=163, funcname='__init__'), FuncSign(filename='/django__django/django/core/management/color.py', lineno=67, funcname='color_style'), FuncSign(filename='/django__django/django/core/management/color.py', lineno=59, funcname='no_style')]), (1, 6, 11, 77))
[2026-07-29 15:05:56,315 - Orcar.tracer - INFO] Func 115/164
[2026-07-29 15:05:56,315 - Orcar.tracer - INFO] (FuncSign(filename='/root/miniconda3/envs/django__django__3.1/lib/python3.6/asyncio/events.py', lineno=638, funcname='_get_running_loop'), FuncScore(is_same_file_with_key_parent=False, layers_from_key_parent=7, absolute_calling_index=385, absolute_layer=9, called_by=[FuncSign(filename='/django__django/django/__init__.py', lineno=8, funcname='setup'), FuncSign(filename='/django__django/django/urls/base.py', lineno=99, funcname='set_script_prefix'), FuncSign(filename='/root/miniconda3/envs/django__django__3.1/lib/python3.6/site-packages/asgiref/local.py', lineno=109, funcname='__setattr__'), FuncSign(filename='/root/miniconda3/envs/django__django__3.1/lib/python3.6/site-packages/asgiref/local.py', lineno=82, funcname='_get_storage'), FuncSign(filename='/root/miniconda3/envs/django__django__3.1/lib/python3.6/site-packages/asgiref/local.py', lineno=46, funcname='_get_context_id'), FuncSign(filename='/root/miniconda3/envs/django__django__3.1/lib/python3.6/site-packages/asgiref/sync.py', lineno=493, funcname='get_current_task'), FuncSign(filename='/root/miniconda3/envs/django__django__3.1/lib/python3.6/asyncio/events.py', lineno=682, funcname='get_event_loop')]), (1, 7, 9, 385))
[2026-07-29 15:05:56,315 - Orcar.tracer - INFO] Func 116/164
[2026-07-29 15:05:56,315 - Orcar.tracer - INFO] (FuncSign(filename='/root/miniconda3/envs/django__django__3.1/lib/python3.6/asyncio/events.py', lineno=666, funcname='get_event_loop_policy'), FuncScore(is_same_file_with_key_parent=False, layers_from_key_parent=7, absolute_calling_index=386, absolute_layer=9, called_by=[FuncSign(filename='/django__django/django/__init__.py', lineno=8, funcname='setup'), FuncSign(filename='/django__django/django/urls/base.py', lineno=99, funcname='set_script_prefix'), FuncSign(filename='/root/miniconda3/envs/django__django__3.1/lib/python3.6/site-packages/asgiref/local.py', lineno=109, funcname='__setattr__'), FuncSign(filename='/root/miniconda3/envs/django__django__3.1/lib/python3.6/site-packages/asgiref/local.py', lineno=82, funcname='_get_storage'), FuncSign(filename='/root/miniconda3/envs/django__django__3.1/lib/python3.6/site-packages/asgiref/local.py', lineno=46, funcname='_get_context_id'), FuncSign(filename='/root/miniconda3/envs/django__django__3.1/lib/python3.6/site-packages/asgiref/sync.py', lineno=493, funcname='get_current_task'), FuncSign(filename='/root/miniconda3/envs/django__django__3.1/lib/python3.6/asyncio/events.py', lineno=682, funcname='get_event_loop')]), (1, 7, 9, 386))
[2026-07-29 15:05:56,316 - Orcar.tracer - INFO] Func 117/164
[2026-07-29 15:05:56,316 - Orcar.tracer - INFO] (FuncSign(filename='/root/miniconda3/envs/django__django__3.1/lib/python3.6/asyncio/events.py', lineno=591, funcname='get_event_loop'), FuncScore(is_same_file_with_key_parent=False, layers_from_key_parent=7, absolute_calling_index=390, absolute_layer=9, called_by=[FuncSign(filename='/django__django/django/__init__.py', lineno=8, funcname='setup'), FuncSign(filename='/django__django/django/urls/base.py', lineno=99, funcname='set_script_prefix'), FuncSign(filename='/root/miniconda3/envs/django__django__3.1/lib/python3.6/site-packages/asgiref/local.py', lineno=109, funcname='__setattr__'), FuncSign(filename='/root/miniconda3/envs/django__django__3.1/lib/python3.6/site-packages/asgiref/local.py', lineno=82, funcname='_get_storage'), FuncSign(filename='/root/miniconda3/envs/django__django__3.1/lib/python3.6/site-packages/asgiref/local.py', lineno=46, funcname='_get_context_id'), FuncSign(filename='/root/miniconda3/envs/django__django__3.1/lib/python3.6/site-packages/asgiref/sync.py', lineno=493, funcname='get_current_task'), FuncSign(filename='/root/miniconda3/envs/django__django__3.1/lib/python3.6/asyncio/events.py', lineno=682, funcname='get_event_loop')]), (1, 7, 9, 390))
[2026-07-29 15:05:56,316 - Orcar.tracer - INFO] Func 118/164
[2026-07-29 15:05:56,316 - Orcar.tracer - INFO] (FuncSign(filename='/root/miniconda3/envs/django__django__3.1/lib/python3.6/_weakrefset.py', lineno=52, funcname='_commit_removals'), FuncScore(is_same_file_with_key_parent=False, layers_from_key_parent=7, absolute_calling_index=863, absolute_layer=9, called_by=[FuncSign(filename='/django__django/reproducer_django__django-11999.py', lineno=8, funcname='FooBar'), FuncSign(filename='/django__django/django/db/models/fields/__init__.py', lineno=971, funcname='__init__'), FuncSign(filename='/django__django/django/db/models/fields/__init__.py', lineno=131, funcname='__init__'), FuncSign(filename='/root/miniconda3/envs/django__django__3.1/lib/python3.6/abc.py', lineno=180, funcname='__instancecheck__'), FuncSign(filename='/root/miniconda3/envs/django__django__3.1/lib/python3.6/abc.py', lineno=196, funcname='__subclasscheck__'), FuncSign(filename='/root/miniconda3/envs/django__django__3.1/lib/python3.6/_weakrefset.py', lineno=58, funcname='__iter__'), FuncSign(filename='/root/miniconda3/envs/django__django__3.1/lib/python3.6/_weakrefset.py', lineno=26, funcname='__exit__')]), (1, 7, 9, 863))
[2026-07-29 15:05:56,316 - Orcar.tracer - INFO] Func 119/164
[2026-07-29 15:05:56,316 - Orcar.tracer - INFO] (FuncSign(filename='/root/miniconda3/envs/django__django__3.1/lib/python3.6/typing.py', lineno=1033, funcname='_abc_negative_cache_version'), FuncScore(is_same_file_with_key_parent=False, layers_from_key_parent=7, absolute_calling_index=898, absolute_layer=9, called_by=[FuncSign(filename='/django__django/reproducer_django__django-11999.py', lineno=8, funcname='FooBar'), FuncSign(filename='/django__django/django/db/models/fields/__init__.py', lineno=971, funcname='__init__'), FuncSign(filename='/django__django/django/db/models/fields/__init__.py', lineno=131, funcname='__init__'), FuncSign(filename='/root/miniconda3/envs/django__django__3.1/lib/python3.6/abc.py', lineno=180, funcname='__instancecheck__'), FuncSign(filename='/root/miniconda3/envs/django__django__3.1/lib/python3.6/abc.py', lineno=196, funcname='__subclasscheck__'), FuncSign(filename='/root/miniconda3/envs/django__django__3.1/lib/python3.6/typing.py', lineno=1145, funcname='__subclasscheck__'), FuncSign(filename='/root/miniconda3/envs/django__django__3.1/lib/python3.6/abc.py', lineno=196, funcname='__subclasscheck__')]), (1, 7, 9, 898))
[2026-07-29 15:05:56,316 - Orcar.tracer - INFO] Func 120/164
[2026-07-29 15:05:56,316 - Orcar.tracer - INFO] (FuncSign(filename='/root/miniconda3/envs/django__django__3.1/lib/python3.6/typing.py', lineno=1019, funcname='_abc_negative_cache'), FuncScore(is_same_file_with_key_parent=False, layers_from_key_parent=7, absolute_calling_index=899, absolute_layer=9, called_by=[FuncSign(filename='/django__django/reproducer_django__django-11999.py', lineno=8, funcname='FooBar'), FuncSign(filename='/django__django/django/db/models/fields/__init__.py', lineno=971, funcname='__init__'), FuncSign(filename='/django__django/django/db/models/fields/__init__.py', lineno=131, funcname='__init__'), FuncSign(filename='/root/miniconda3/envs/django__django__3.1/lib/python3.6/abc.py', lineno=180, funcname='__instancecheck__'), FuncSign(filename='/root/miniconda3/envs/django__django__3.1/lib/python3.6/abc.py', lineno=196, funcname='__subclasscheck__'), FuncSign(filename='/root/miniconda3/envs/django__django__3.1/lib/python3.6/typing.py', lineno=1145, funcname='__subclasscheck__'), FuncSign(filename='/root/miniconda3/envs/django__django__3.1/lib/python3.6/abc.py', lineno=196, funcname='__subclasscheck__')]), (1, 7, 9, 899))
[2026-07-29 15:05:56,317 - Orcar.tracer - INFO] Func 121/164
[2026-07-29 15:05:56,317 - Orcar.tracer - INFO] (FuncSign(filename='/root/miniconda3/envs/django__django__3.1/lib/python3.6/typing.py', lineno=875, funcname='__extrahook__'), FuncScore(is_same_file_with_key_parent=False, layers_from_key_parent=7, absolute_calling_index=901, absolute_layer=9, called_by=[FuncSign(filename='/django__django/reproducer_django__django-11999.py', lineno=8, funcname='FooBar'), FuncSign(filename='/django__django/django/db/models/fields/__init__.py', lineno=971, funcname='__init__'), FuncSign(filename='/django__django/django/db/models/fields/__init__.py', lineno=131, funcname='__init__'), FuncSign(filename='/root/miniconda3/envs/django__django__3.1/lib/python3.6/abc.py', lineno=180, funcname='__instancecheck__'), FuncSign(filename='/root/miniconda3/envs/django__django__3.1/lib/python3.6/abc.py', lineno=196, funcname='__subclasscheck__'), FuncSign(filename='/root/miniconda3/envs/django__django__3.1/lib/python3.6/typing.py', lineno=1145, funcname='__subclasscheck__'), FuncSign(filename='/root/miniconda3/envs/django__django__3.1/lib/python3.6/abc.py', lineno=196, funcname='__subclasscheck__')]), (1, 7, 9, 901))
[2026-07-29 15:05:56,317 - Orcar.tracer - INFO] Func 122/164
[2026-07-29 15:05:56,317 - Orcar.tracer - INFO] (FuncSign(filename='/root/miniconda3/envs/django__django__3.1/lib/python3.6/typing.py', lineno=1089, funcname='__eq__'), FuncScore(is_same_file_with_key_parent=False, layers_from_key_parent=7, absolute_calling_index=907, absolute_layer=9, called_by=[FuncSign(filename='/django__django/reproducer_django__django-11999.py', lineno=8, funcname='FooBar'), FuncSign(filename='/django__django/django/db/models/fields/__init__.py', lineno=971, funcname='__init__'), FuncSign(filename='/django__django/django/db/models/fields/__init__.py', lineno=131, funcname='__init__'), FuncSign(filename='/root/miniconda3/envs/django__django__3.1/lib/python3.6/abc.py', lineno=180, funcname='__instancecheck__'), FuncSign(filename='/root/miniconda3/envs/django__django__3.1/lib/python3.6/abc.py', lineno=196, funcname='__subclasscheck__'), FuncSign(filename='/root/miniconda3/envs/django__django__3.1/lib/python3.6/typing.py', lineno=1145, funcname='__subclasscheck__'), FuncSign(filename='/root/miniconda3/envs/django__django__3.1/lib/python3.6/abc.py', lineno=196, funcname='__subclasscheck__')]), (1, 7, 9, 907))
[2026-07-29 15:05:56,317 - Orcar.tracer - INFO] Func 123/164
[2026-07-29 15:05:56,317 - Orcar.tracer - INFO] (FuncSign(filename='/django__django/django/utils/termcolors.py', lineno=137, funcname='parse_color_setting'), FuncScore(is_same_file_with_key_parent=False, layers_from_key_parent=7, absolute_calling_index=78, absolute_layer=12, called_by=[FuncSign(filename='/root/miniconda3/envs/django__django__3.1/lib/python3.6/logging/config.py', lineno=493, funcname='configure'), FuncSign(filename='/root/miniconda3/envs/django__django__3.1/lib/python3.6/logging/config.py', lineno=651, funcname='configure_formatter'), FuncSign(filename='/root/miniconda3/envs/django__django__3.1/lib/python3.6/logging/config.py', lineno=467, funcname='configure_custom'), FuncSign(filename='/django__django/django/utils/log.py', lineno=163, funcname='__init__'), FuncSign(filename='/django__django/django/core/management/color.py', lineno=67, funcname='color_style'), FuncSign(filename='/django__django/django/core/management/color.py', lineno=59, funcname='no_style'), FuncSign(filename='/django__django/django/core/management/color.py', lineno=29, funcname='make_style')]), (1, 7, 12, 78))
[2026-07-29 15:05:56,317 - Orcar.tracer - INFO] Func 124/164
[2026-07-29 15:05:56,317 - Orcar.tracer - INFO] (FuncSign(filename='/root/miniconda3/envs/django__django__3.1/lib/python3.6/asyncio/events.py', lineno=658, funcname='_init_event_loop_policy'), FuncScore(is_same_file_with_key_parent=False, layers_from_key_parent=8, absolute_calling_index=387, absolute_layer=10, called_by=[FuncSign(filename='/django__django/django/__init__.py', lineno=8, funcname='setup'), FuncSign(filename='/django__django/django/urls/base.py', lineno=99, funcname='set_script_prefix'), FuncSign(filename='/root/miniconda3/envs/django__django__3.1/lib/python3.6/site-packages/asgiref/local.py', lineno=109, funcname='__setattr__'), FuncSign(filename='/root/miniconda3/envs/django__django__3.1/lib/python3.6/site-packages/asgiref/local.py', lineno=82, funcname='_get_storage'), FuncSign(filename='/root/miniconda3/envs/django__django__3.1/lib/python3.6/site-packages/asgiref/local.py', lineno=46, funcname='_get_context_id'), FuncSign(filename='/root/miniconda3/envs/django__django__3.1/lib/python3.6/site-packages/asgiref/sync.py', lineno=493, funcname='get_current_task'), FuncSign(filename='/root/miniconda3/envs/django__django__3.1/lib/python3.6/asyncio/events.py', lineno=682, funcname='get_event_loop'), FuncSign(filename='/root/miniconda3/envs/django__django__3.1/lib/python3.6/asyncio/events.py', lineno=666, funcname='get_event_loop_policy')]), (1, 8, 10, 387))
[2026-07-29 15:05:56,318 - Orcar.tracer - INFO] Func 125/164
[2026-07-29 15:05:56,318 - Orcar.tracer - INFO] (FuncSign(filename='/root/miniconda3/envs/django__django__3.1/lib/python3.6/asyncio/events.py', lineno=611, funcname='new_event_loop'), FuncScore(is_same_file_with_key_parent=False, layers_from_key_parent=8, absolute_calling_index=392, absolute_layer=10, called_by=[FuncSign(filename='/django__django/django/__init__.py', lineno=8, funcname='setup'), FuncSign(filename='/django__django/django/urls/base.py', lineno=99, funcname='set_script_prefix'), FuncSign(filename='/root/miniconda3/envs/django__django__3.1/lib/python3.6/site-packages/asgiref/local.py', lineno=109, funcname='__setattr__'), FuncSign(filename='/root/miniconda3/envs/django__django__3.1/lib/python3.6/site-packages/asgiref/local.py', lineno=82, funcname='_get_storage'), FuncSign(filename='/root/miniconda3/envs/django__django__3.1/lib/python3.6/site-packages/asgiref/local.py', lineno=46, funcname='_get_context_id'), FuncSign(filename='/root/miniconda3/envs/django__django__3.1/lib/python3.6/site-packages/asgiref/sync.py', lineno=493, funcname='get_current_task'), FuncSign(filename='/root/miniconda3/envs/django__django__3.1/lib/python3.6/asyncio/events.py', lineno=682, funcname='get_event_loop'), FuncSign(filename='/root/miniconda3/envs/django__django__3.1/lib/python3.6/asyncio/events.py', lineno=591, funcname='get_event_loop')]), (1, 8, 10, 392))
[2026-07-29 15:05:56,318 - Orcar.tracer - INFO] Func 126/164
[2026-07-29 15:05:56,318 - Orcar.tracer - INFO] (FuncSign(filename='/root/miniconda3/envs/django__django__3.1/lib/python3.6/asyncio/unix_events.py', lineno=1048, funcname='set_event_loop'), FuncScore(is_same_file_with_key_parent=False, layers_from_key_parent=8, absolute_calling_index=429, absolute_layer=10, called_by=[FuncSign(filename='/django__django/django/__init__.py', lineno=8, funcname='setup'), FuncSign(filename='/django__django/django/urls/base.py', lineno=99, funcname='set_script_prefix'), FuncSign(filename='/root/miniconda3/envs/django__django__3.1/lib/python3.6/site-packages/asgiref/local.py', lineno=109, funcname='__setattr__'), FuncSign(filename='/root/miniconda3/envs/django__django__3.1/lib/python3.6/site-packages/asgiref/local.py', lineno=82, funcname='_get_storage'), FuncSign(filename='/root/miniconda3/envs/django__django__3.1/lib/python3.6/site-packages/asgiref/local.py', lineno=46, funcname='_get_context_id'), FuncSign(filename='/root/miniconda3/envs/django__django__3.1/lib/python3.6/site-packages/asgiref/sync.py', lineno=493, funcname='get_current_task'), FuncSign(filename='/root/miniconda3/envs/django__django__3.1/lib/python3.6/asyncio/events.py', lineno=682, funcname='get_event_loop'), FuncSign(filename='/root/miniconda3/envs/django__django__3.1/lib/python3.6/asyncio/events.py', lineno=591, funcname='get_event_loop')]), (1, 8, 10, 429))
[2026-07-29 15:05:56,318 - Orcar.tracer - INFO] Func 127/164
[2026-07-29 15:05:56,318 - Orcar.tracer - INFO] (FuncSign(filename='/root/miniconda3/envs/django__django__3.1/lib/python3.6/asyncio/unix_events.py', lineno=1036, funcname='__init__'), FuncScore(is_same_file_with_key_parent=False, layers_from_key_parent=9, absolute_calling_index=388, absolute_layer=11, called_by=[FuncSign(filename='/django__django/django/__init__.py', lineno=8, funcname='setup'), FuncSign(filename='/django__django/django/urls/base.py', lineno=99, funcname='set_script_prefix'), FuncSign(filename='/root/miniconda3/envs/django__django__3.1/lib/python3.6/site-packages/asgiref/local.py', lineno=109, funcname='__setattr__'), FuncSign(filename='/root/miniconda3/envs/django__django__3.1/lib/python3.6/site-packages/asgiref/local.py', lineno=82, funcname='_get_storage'), FuncSign(filename='/root/miniconda3/envs/django__django__3.1/lib/python3.6/site-packages/asgiref/local.py', lineno=46, funcname='_get_context_id'), FuncSign(filename='/root/miniconda3/envs/django__django__3.1/lib/python3.6/site-packages/asgiref/sync.py', lineno=493, funcname='get_current_task'), FuncSign(filename='/root/miniconda3/envs/django__django__3.1/lib/python3.6/asyncio/events.py', lineno=682, funcname='get_event_loop'), FuncSign(filename='/root/miniconda3/envs/django__django__3.1/lib/python3.6/asyncio/events.py', lineno=666, funcname='get_event_loop_policy'), FuncSign(filename='/root/miniconda3/envs/django__django__3.1/lib/python3.6/asyncio/events.py', lineno=658, funcname='_init_event_loop_policy')]), (1, 9, 11, 388))
[2026-07-29 15:05:56,319 - Orcar.tracer - INFO] Func 128/164
[2026-07-29 15:05:56,319 - Orcar.tracer - INFO] (FuncSign(filename='/root/miniconda3/envs/django__django__3.1/lib/python3.6/asyncio/unix_events.py', lineno=55, funcname='__init__'), FuncScore(is_same_file_with_key_parent=False, layers_from_key_parent=9, absolute_calling_index=393, absolute_layer=11, called_by=[FuncSign(filename='/django__django/django/__init__.py', lineno=8, funcname='setup'), FuncSign(filename='/django__django/django/urls/base.py', lineno=99, funcname='set_script_prefix'), FuncSign(filename='/root/miniconda3/envs/django__django__3.1/lib/python3.6/site-packages/asgiref/local.py', lineno=109, funcname='__setattr__'), FuncSign(filename='/root/miniconda3/envs/django__django__3.1/lib/python3.6/site-packages/asgiref/local.py', lineno=82, funcname='_get_storage'), FuncSign(filename='/root/miniconda3/envs/django__django__3.1/lib/python3.6/site-packages/asgiref/local.py', lineno=46, funcname='_get_context_id'), FuncSign(filename='/root/miniconda3/envs/django__django__3.1/lib/python3.6/site-packages/asgiref/sync.py', lineno=493, funcname='get_current_task'), FuncSign(filename='/root/miniconda3/envs/django__django__3.1/lib/python3.6/asyncio/events.py', lineno=682, funcname='get_event_loop'), FuncSign(filename='/root/miniconda3/envs/django__django__3.1/lib/python3.6/asyncio/events.py', lineno=591, funcname='get_event_loop'), FuncSign(filename='/root/miniconda3/envs/django__django__3.1/lib/python3.6/asyncio/events.py', lineno=611, funcname='new_event_loop')]), (1, 9, 11, 393))
[2026-07-29 15:05:56,319 - Orcar.tracer - INFO] Func 129/164
[2026-07-29 15:05:56,319 - Orcar.tracer - INFO] (FuncSign(filename='/root/miniconda3/envs/django__django__3.1/lib/python3.6/asyncio/events.py', lineno=605, funcname='set_event_loop'), FuncScore(is_same_file_with_key_parent=False, layers_from_key_parent=9, absolute_calling_index=430, absolute_layer=11, called_by=[FuncSign(filename='/django__django/django/__init__.py', lineno=8, funcname='setup'), FuncSign(filename='/django__django/django/urls/base.py', lineno=99, funcname='set_script_prefix'), FuncSign(filename='/root/miniconda3/envs/django__django__3.1/lib/python3.6/site-packages/asgiref/local.py', lineno=109, funcname='__setattr__'), FuncSign(filename='/root/miniconda3/envs/django__django__3.1/lib/python3.6/site-packages/asgiref/local.py', lineno=82, funcname='_get_storage'), FuncSign(filename='/root/miniconda3/envs/django__django__3.1/lib/python3.6/site-packages/asgiref/local.py', lineno=46, funcname='_get_context_id'), FuncSign(filename='/root/miniconda3/envs/django__django__3.1/lib/python3.6/site-packages/asgiref/sync.py', lineno=493, funcname='get_current_task'), FuncSign(filename='/root/miniconda3/envs/django__django__3.1/lib/python3.6/asyncio/events.py', lineno=682, funcname='get_event_loop'), FuncSign(filename='/root/miniconda3/envs/django__django__3.1/lib/python3.6/asyncio/events.py', lineno=591, funcname='get_event_loop'), FuncSign(filename='/root/miniconda3/envs/django__django__3.1/lib/python3.6/asyncio/unix_events.py', lineno=1048, funcname='set_event_loop')]), (1, 9, 11, 430))
[2026-07-29 15:05:56,319 - Orcar.tracer - INFO] Func 130/164
[2026-07-29 15:05:56,319 - Orcar.tracer - INFO] (FuncSign(filename='/root/miniconda3/envs/django__django__3.1/lib/python3.6/asyncio/events.py', lineno=588, funcname='__init__'), FuncScore(is_same_file_with_key_parent=False, layers_from_key_parent=10, absolute_calling_index=389, absolute_layer=12, called_by=[FuncSign(filename='/django__django/django/__init__.py', lineno=8, funcname='setup'), FuncSign(filename='/django__django/django/urls/base.py', lineno=99, funcname='set_script_prefix'), FuncSign(filename='/root/miniconda3/envs/django__django__3.1/lib/python3.6/site-packages/asgiref/local.py', lineno=109, funcname='__setattr__'), FuncSign(filename='/root/miniconda3/envs/django__django__3.1/lib/python3.6/site-packages/asgiref/local.py', lineno=82, funcname='_get_storage'), FuncSign(filename='/root/miniconda3/envs/django__django__3.1/lib/python3.6/site-packages/asgiref/local.py', lineno=46, funcname='_get_context_id'), FuncSign(filename='/root/miniconda3/envs/django__django__3.1/lib/python3.6/site-packages/asgiref/sync.py', lineno=493, funcname='get_current_task'), FuncSign(filename='/root/miniconda3/envs/django__django__3.1/lib/python3.6/asyncio/events.py', lineno=682, funcname='get_event_loop'), FuncSign(filename='/root/miniconda3/envs/django__django__3.1/lib/python3.6/asyncio/events.py', lineno=666, funcname='get_event_loop_policy'), FuncSign(filename='/root/miniconda3/envs/django__django__3.1/lib/python3.6/asyncio/events.py', lineno=658, funcname='_init_event_loop_policy'), FuncSign(filename='/root/miniconda3/envs/django__django__3.1/lib/python3.6/asyncio/unix_events.py', lineno=1036, funcname='__init__')]), (1, 10, 12, 389))
[2026-07-29 15:05:56,320 - Orcar.tracer - INFO] Func 131/164
[2026-07-29 15:05:56,320 - Orcar.tracer - INFO] (FuncSign(filename='/root/miniconda3/envs/django__django__3.1/lib/python3.6/asyncio/selector_events.py', lineno=49, funcname='__init__'), FuncScore(is_same_file_with_key_parent=False, layers_from_key_parent=10, absolute_calling_index=394, absolute_layer=12, called_by=[FuncSign(filename='/django__django/django/__init__.py', lineno=8, funcname='setup'), FuncSign(filename='/django__django/django/urls/base.py', lineno=99, funcname='set_script_prefix'), FuncSign(filename='/root/miniconda3/envs/django__django__3.1/lib/python3.6/site-packages/asgiref/local.py', lineno=109, funcname='__setattr__'), FuncSign(filename='/root/miniconda3/envs/django__django__3.1/lib/python3.6/site-packages/asgiref/local.py', lineno=82, funcname='_get_storage'), FuncSign(filename='/root/miniconda3/envs/django__django__3.1/lib/python3.6/site-packages/asgiref/local.py', lineno=46, funcname='_get_context_id'), FuncSign(filename='/root/miniconda3/envs/django__django__3.1/lib/python3.6/site-packages/asgiref/sync.py', lineno=493, funcname='get_current_task'), FuncSign(filename='/root/miniconda3/envs/django__django__3.1/lib/python3.6/asyncio/events.py', lineno=682, funcname='get_event_loop'), FuncSign(filename='/root/miniconda3/envs/django__django__3.1/lib/python3.6/asyncio/events.py', lineno=591, funcname='get_event_loop'), FuncSign(filename='/root/miniconda3/envs/django__django__3.1/lib/python3.6/asyncio/events.py', lineno=611, funcname='new_event_loop'), FuncSign(filename='/root/miniconda3/envs/django__django__3.1/lib/python3.6/asyncio/unix_events.py', lineno=55, funcname='__init__')]), (1, 10, 12, 394))
[2026-07-29 15:05:56,320 - Orcar.tracer - INFO] Func 132/164
[2026-07-29 15:05:56,320 - Orcar.tracer - INFO] (FuncSign(filename='/root/miniconda3/envs/django__django__3.1/lib/python3.6/asyncio/base_events.py', lineno=259, funcname='__init__'), FuncScore(is_same_file_with_key_parent=False, layers_from_key_parent=11, absolute_calling_index=395, absolute_layer=13, called_by=[FuncSign(filename='/django__django/django/__init__.py', lineno=8, funcname='setup'), FuncSign(filename='/django__django/django/urls/base.py', lineno=99, funcname='set_script_prefix'), FuncSign(filename='/root/miniconda3/envs/django__django__3.1/lib/python3.6/site-packages/asgiref/local.py', lineno=109, funcname='__setattr__'), FuncSign(filename='/root/miniconda3/envs/django__django__3.1/lib/python3.6/site-packages/asgiref/local.py', lineno=82, funcname='_get_storage'), FuncSign(filename='/root/miniconda3/envs/django__django__3.1/lib/python3.6/site-packages/asgiref/local.py', lineno=46, funcname='_get_context_id'), FuncSign(filename='/root/miniconda3/envs/django__django__3.1/lib/python3.6/site-packages/asgiref/sync.py', lineno=493, funcname='get_current_task'), FuncSign(filename='/root/miniconda3/envs/django__django__3.1/lib/python3.6/asyncio/events.py', lineno=682, funcname='get_event_loop'), FuncSign(filename='/root/miniconda3/envs/django__django__3.1/lib/python3.6/asyncio/events.py', lineno=591, funcname='get_event_loop'), FuncSign(filename='/root/miniconda3/envs/django__django__3.1/lib/python3.6/asyncio/events.py', lineno=611, funcname='new_event_loop'), FuncSign(filename='/root/miniconda3/envs/django__django__3.1/lib/python3.6/asyncio/unix_events.py', lineno=55, funcname='__init__'), FuncSign(filename='/root/miniconda3/envs/django__django__3.1/lib/python3.6/asyncio/selector_events.py', lineno=49, funcname='__init__')]), (1, 11, 13, 395))
[2026-07-29 15:05:56,321 - Orcar.tracer - INFO] Func 133/164
[2026-07-29 15:05:56,321 - Orcar.tracer - INFO] (FuncSign(filename='/root/miniconda3/envs/django__django__3.1/lib/python3.6/selectors.py', lineno=397, funcname='__init__'), FuncScore(is_same_file_with_key_parent=False, layers_from_key_parent=11, absolute_calling_index=402, absolute_layer=13, called_by=[FuncSign(filename='/django__django/django/__init__.py', lineno=8, funcname='setup'), FuncSign(filename='/django__django/django/urls/base.py', lineno=99, funcname='set_script_prefix'), FuncSign(filename='/root/miniconda3/envs/django__django__3.1/lib/python3.6/site-packages/asgiref/local.py', lineno=109, funcname='__setattr__'), FuncSign(filename='/root/miniconda3/envs/django__django__3.1/lib/python3.6/site-packages/asgiref/local.py', lineno=82, funcname='_get_storage'), FuncSign(filename='/root/miniconda3/envs/django__django__3.1/lib/python3.6/site-packages/asgiref/local.py', lineno=46, funcname='_get_context_id'), FuncSign(filename='/root/miniconda3/envs/django__django__3.1/lib/python3.6/site-packages/asgiref/sync.py', lineno=493, funcname='get_current_task'), FuncSign(filename='/root/miniconda3/envs/django__django__3.1/lib/python3.6/asyncio/events.py', lineno=682, funcname='get_event_loop'), FuncSign(filename='/root/miniconda3/envs/django__django__3.1/lib/python3.6/asyncio/events.py', lineno=591, funcname='get_event_loop'), FuncSign(filename='/root/miniconda3/envs/django__django__3.1/lib/python3.6/asyncio/events.py', lineno=611, funcname='new_event_loop'), FuncSign(filename='/root/miniconda3/envs/django__django__3.1/lib/python3.6/asyncio/unix_events.py', lineno=55, funcname='__init__'), FuncSign(filename='/root/miniconda3/envs/django__django__3.1/lib/python3.6/asyncio/selector_events.py', lineno=49, funcname='__init__')]), (1, 11, 13, 402))
[2026-07-29 15:05:56,321 - Orcar.tracer - INFO] Func 134/164
[2026-07-29 15:05:56,321 - Orcar.tracer - INFO] (FuncSign(filename='/root/miniconda3/envs/django__django__3.1/lib/python3.6/logging/__init__.py', lineno=1286, funcname='debug'), FuncScore(is_same_file_with_key_parent=False, layers_from_key_parent=11, absolute_calling_index=405, absolute_layer=13, called_by=[FuncSign(filename='/django__django/django/__init__.py', lineno=8, funcname='setup'), FuncSign(filename='/django__django/django/urls/base.py', lineno=99, funcname='set_script_prefix'), FuncSign(filename='/root/miniconda3/envs/django__django__3.1/lib/python3.6/site-packages/asgiref/local.py', lineno=109, funcname='__setattr__'), FuncSign(filename='/root/miniconda3/envs/django__django__3.1/lib/python3.6/site-packages/asgiref/local.py', lineno=82, funcname='_get_storage'), FuncSign(filename='/root/miniconda3/envs/django__django__3.1/lib/python3.6/site-packages/asgiref/local.py', lineno=46, funcname='_get_context_id'), FuncSign(filename='/root/miniconda3/envs/django__django__3.1/lib/python3.6/site-packages/asgiref/sync.py', lineno=493, funcname='get_current_task'), FuncSign(filename='/root/miniconda3/envs/django__django__3.1/lib/python3.6/asyncio/events.py', lineno=682, funcname='get_event_loop'), FuncSign(filename='/root/miniconda3/envs/django__django__3.1/lib/python3.6/asyncio/events.py', lineno=591, funcname='get_event_loop'), FuncSign(filename='/root/miniconda3/envs/django__django__3.1/lib/python3.6/asyncio/events.py', lineno=611, funcname='new_event_loop'), FuncSign(filename='/root/miniconda3/envs/django__django__3.1/lib/python3.6/asyncio/unix_events.py', lineno=55, funcname='__init__'), FuncSign(filename='/root/miniconda3/envs/django__django__3.1/lib/python3.6/asyncio/selector_events.py', lineno=49, funcname='__init__')]), (1, 11, 13, 405))
[2026-07-29 15:05:56,321 - Orcar.tracer - INFO] Func 135/164
[2026-07-29 15:05:56,321 - Orcar.tracer - INFO] (FuncSign(filename='/root/miniconda3/envs/django__django__3.1/lib/python3.6/asyncio/selector_events.py', lineno=116, funcname='_make_self_pipe'), FuncScore(is_same_file_with_key_parent=False, layers_from_key_parent=11, absolute_calling_index=408, absolute_layer=13, called_by=[FuncSign(filename='/django__django/django/__init__.py', lineno=8, funcname='setup'), FuncSign(filename='/django__django/django/urls/base.py', lineno=99, funcname='set_script_prefix'), FuncSign(filename='/root/miniconda3/envs/django__django__3.1/lib/python3.6/site-packages/asgiref/local.py', lineno=109, funcname='__setattr__'), FuncSign(filename='/root/miniconda3/envs/django__django__3.1/lib/python3.6/site-packages/asgiref/local.py', lineno=82, funcname='_get_storage'), FuncSign(filename='/root/miniconda3/envs/django__django__3.1/lib/python3.6/site-packages/asgiref/local.py', lineno=46, funcname='_get_context_id'), FuncSign(filename='/root/miniconda3/envs/django__django__3.1/lib/python3.6/site-packages/asgiref/sync.py', lineno=493, funcname='get_current_task'), FuncSign(filename='/root/miniconda3/envs/django__django__3.1/lib/python3.6/asyncio/events.py', lineno=682, funcname='get_event_loop'), FuncSign(filename='/root/miniconda3/envs/django__django__3.1/lib/python3.6/asyncio/events.py', lineno=591, funcname='get_event_loop'), FuncSign(filename='/root/miniconda3/envs/django__django__3.1/lib/python3.6/asyncio/events.py', lineno=611, funcname='new_event_loop'), FuncSign(filename='/root/miniconda3/envs/django__django__3.1/lib/python3.6/asyncio/unix_events.py', lineno=55, funcname='__init__'), FuncSign(filename='/root/miniconda3/envs/django__django__3.1/lib/python3.6/asyncio/selector_events.py', lineno=49, funcname='__init__')]), (1, 11, 13, 408))
[2026-07-29 15:05:56,322 - Orcar.tracer - INFO] Func 136/164
[2026-07-29 15:05:56,322 - Orcar.tracer - INFO] (FuncSign(filename='/root/miniconda3/envs/django__django__3.1/lib/python3.6/weakref.py', lineno=102, funcname='__init__'), FuncScore(is_same_file_with_key_parent=False, layers_from_key_parent=11, absolute_calling_index=427, absolute_layer=13, called_by=[FuncSign(filename='/django__django/django/__init__.py', lineno=8, funcname='setup'), FuncSign(filename='/django__django/django/urls/base.py', lineno=99, funcname='set_script_prefix'), FuncSign(filename='/root/miniconda3/envs/django__django__3.1/lib/python3.6/site-packages/asgiref/local.py', lineno=109, funcname='__setattr__'), FuncSign(filename='/root/miniconda3/envs/django__django__3.1/lib/python3.6/site-packages/asgiref/local.py', lineno=82, funcname='_get_storage'), FuncSign(filename='/root/miniconda3/envs/django__django__3.1/lib/python3.6/site-packages/asgiref/local.py', lineno=46, funcname='_get_context_id'), FuncSign(filename='/root/miniconda3/envs/django__django__3.1/lib/python3.6/site-packages/asgiref/sync.py', lineno=493, funcname='get_current_task'), FuncSign(filename='/root/miniconda3/envs/django__django__3.1/lib/python3.6/asyncio/events.py', lineno=682, funcname='get_event_loop'), FuncSign(filename='/root/miniconda3/envs/django__django__3.1/lib/python3.6/asyncio/events.py', lineno=591, funcname='get_event_loop'), FuncSign(filename='/root/miniconda3/envs/django__django__3.1/lib/python3.6/asyncio/events.py', lineno=611, funcname='new_event_loop'), FuncSign(filename='/root/miniconda3/envs/django__django__3.1/lib/python3.6/asyncio/unix_events.py', lineno=55, funcname='__init__'), FuncSign(filename='/root/miniconda3/envs/django__django__3.1/lib/python3.6/asyncio/selector_events.py', lineno=49, funcname='__init__')]), (1, 11, 13, 427))
[2026-07-29 15:05:56,322 - Orcar.tracer - INFO] Func 137/164
[2026-07-29 15:05:56,322 - Orcar.tracer - INFO] (FuncSign(filename='/root/miniconda3/envs/django__django__3.1/lib/python3.6/typing.py', lineno=889, funcname='__extrahook__'), FuncScore(is_same_file_with_key_parent=False, layers_from_key_parent=11, absolute_calling_index=628, absolute_layer=13, called_by=[FuncSign(filename='/django__django/django/__init__.py', lineno=8, funcname='setup'), FuncSign(filename='/django__django/django/apps/registry.py', lineno=61, funcname='populate'), FuncSign(filename='/root/miniconda3/envs/django__django__3.1/lib/python3.6/collections/__init__.py', lineno=517, funcname='__init__'), FuncSign(filename='/root/miniconda3/envs/django__django__3.1/lib/python3.6/collections/__init__.py', lineno=586, funcname='update'), FuncSign(filename='/root/miniconda3/envs/django__django__3.1/lib/python3.6/abc.py', lineno=180, funcname='__instancecheck__'), FuncSign(filename='/root/miniconda3/envs/django__django__3.1/lib/python3.6/abc.py', lineno=196, funcname='__subclasscheck__'), FuncSign(filename='/root/miniconda3/envs/django__django__3.1/lib/python3.6/abc.py', lineno=196, funcname='__subclasscheck__'), FuncSign(filename='/root/miniconda3/envs/django__django__3.1/lib/python3.6/typing.py', lineno=1145, funcname='__subclasscheck__'), FuncSign(filename='/root/miniconda3/envs/django__django__3.1/lib/python3.6/abc.py', lineno=196, funcname='__subclasscheck__'), FuncSign(filename='/root/miniconda3/envs/django__django__3.1/lib/python3.6/typing.py', lineno=1145, funcname='__subclasscheck__'), FuncSign(filename='/root/miniconda3/envs/django__django__3.1/lib/python3.6/abc.py', lineno=196, funcname='__subclasscheck__')]), (1, 11, 13, 628))
[2026-07-29 15:05:56,322 - Orcar.tracer - INFO] Func 138/164
[2026-07-29 15:05:56,322 - Orcar.tracer - INFO] (FuncSign(filename='/root/miniconda3/envs/django__django__3.1/lib/python3.6/_collections_abc.py', lineno=657, funcname='get'), FuncScore(is_same_file_with_key_parent=False, layers_from_key_parent=12, absolute_calling_index=396, absolute_layer=14, called_by=[FuncSign(filename='/django__django/django/__init__.py', lineno=8, funcname='setup'), FuncSign(filename='/django__django/django/urls/base.py', lineno=99, funcname='set_script_prefix'), FuncSign(filename='/root/miniconda3/envs/django__django__3.1/lib/python3.6/site-packages/asgiref/local.py', lineno=109, funcname='__setattr__'), FuncSign(filename='/root/miniconda3/envs/django__django__3.1/lib/python3.6/site-packages/asgiref/local.py', lineno=82, funcname='_get_storage'), FuncSign(filename='/root/miniconda3/envs/django__django__3.1/lib/python3.6/site-packages/asgiref/local.py', lineno=46, funcname='_get_context_id'), FuncSign(filename='/root/miniconda3/envs/django__django__3.1/lib/python3.6/site-packages/asgiref/sync.py', lineno=493, funcname='get_current_task'), FuncSign(filename='/root/miniconda3/envs/django__django__3.1/lib/python3.6/asyncio/events.py', lineno=682, funcname='get_event_loop'), FuncSign(filename='/root/miniconda3/envs/django__django__3.1/lib/python3.6/asyncio/events.py', lineno=591, funcname='get_event_loop'), FuncSign(filename='/root/miniconda3/envs/django__django__3.1/lib/python3.6/asyncio/events.py', lineno=611, funcname='new_event_loop'), FuncSign(filename='/root/miniconda3/envs/django__django__3.1/lib/python3.6/asyncio/unix_events.py', lineno=55, funcname='__init__'), FuncSign(filename='/root/miniconda3/envs/django__django__3.1/lib/python3.6/asyncio/selector_events.py', lineno=49, funcname='__init__'), FuncSign(filename='/root/miniconda3/envs/django__django__3.1/lib/python3.6/asyncio/base_events.py', lineno=259, funcname='__init__')]), (1, 12, 14, 396))
[2026-07-29 15:05:56,323 - Orcar.tracer - INFO] Func 139/164
[2026-07-29 15:05:56,323 - Orcar.tracer - INFO] (FuncSign(filename='/root/miniconda3/envs/django__django__3.1/lib/python3.6/asyncio/base_events.py', lineno=1501, funcname='set_debug'), FuncScore(is_same_file_with_key_parent=False, layers_from_key_parent=12, absolute_calling_index=399, absolute_layer=14, called_by=[FuncSign(filename='/django__django/django/__init__.py', lineno=8, funcname='setup'), FuncSign(filename='/django__django/django/urls/base.py', lineno=99, funcname='set_script_prefix'), FuncSign(filename='/root/miniconda3/envs/django__django__3.1/lib/python3.6/site-packages/asgiref/local.py', lineno=109, funcname='__setattr__'), FuncSign(filename='/root/miniconda3/envs/django__django__3.1/lib/python3.6/site-packages/asgiref/local.py', lineno=82, funcname='_get_storage'), FuncSign(filename='/root/miniconda3/envs/django__django__3.1/lib/python3.6/site-packages/asgiref/local.py', lineno=46, funcname='_get_context_id'), FuncSign(filename='/root/miniconda3/envs/django__django__3.1/lib/python3.6/site-packages/asgiref/sync.py', lineno=493, funcname='get_current_task'), FuncSign(filename='/root/miniconda3/envs/django__django__3.1/lib/python3.6/asyncio/events.py', lineno=682, funcname='get_event_loop'), FuncSign(filename='/root/miniconda3/envs/django__django__3.1/lib/python3.6/asyncio/events.py', lineno=591, funcname='get_event_loop'), FuncSign(filename='/root/miniconda3/envs/django__django__3.1/lib/python3.6/asyncio/events.py', lineno=611, funcname='new_event_loop'), FuncSign(filename='/root/miniconda3/envs/django__django__3.1/lib/python3.6/asyncio/unix_events.py', lineno=55, funcname='__init__'), FuncSign(filename='/root/miniconda3/envs/django__django__3.1/lib/python3.6/asyncio/selector_events.py', lineno=49, funcname='__init__'), FuncSign(filename='/root/miniconda3/envs/django__django__3.1/lib/python3.6/asyncio/base_events.py', lineno=259, funcname='__init__')]), (1, 12, 14, 399))
[2026-07-29 15:05:56,323 - Orcar.tracer - INFO] Func 140/164
[2026-07-29 15:05:56,323 - Orcar.tracer - INFO] (FuncSign(filename='/root/miniconda3/envs/django__django__3.1/lib/python3.6/_weakrefset.py', lineno=36, funcname='__init__'), FuncScore(is_same_file_with_key_parent=False, layers_from_key_parent=12, absolute_calling_index=401, absolute_layer=14, called_by=[FuncSign(filename='/django__django/django/__init__.py', lineno=8, funcname='setup'), FuncSign(filename='/django__django/django/urls/base.py', lineno=99, funcname='set_script_prefix'), FuncSign(filename='/root/miniconda3/envs/django__django__3.1/lib/python3.6/site-packages/asgiref/local.py', lineno=109, funcname='__setattr__'), FuncSign(filename='/root/miniconda3/envs/django__django__3.1/lib/python3.6/site-packages/asgiref/local.py', lineno=82, funcname='_get_storage'), FuncSign(filename='/root/miniconda3/envs/django__django__3.1/lib/python3.6/site-packages/asgiref/local.py', lineno=46, funcname='_get_context_id'), FuncSign(filename='/root/miniconda3/envs/django__django__3.1/lib/python3.6/site-packages/asgiref/sync.py', lineno=493, funcname='get_current_task'), FuncSign(filename='/root/miniconda3/envs/django__django__3.1/lib/python3.6/asyncio/events.py', lineno=682, funcname='get_event_loop'), FuncSign(filename='/root/miniconda3/envs/django__django__3.1/lib/python3.6/asyncio/events.py', lineno=591, funcname='get_event_loop'), FuncSign(filename='/root/miniconda3/envs/django__django__3.1/lib/python3.6/asyncio/events.py', lineno=611, funcname='new_event_loop'), FuncSign(filename='/root/miniconda3/envs/django__django__3.1/lib/python3.6/asyncio/unix_events.py', lineno=55, funcname='__init__'), FuncSign(filename='/root/miniconda3/envs/django__django__3.1/lib/python3.6/asyncio/selector_events.py', lineno=49, funcname='__init__'), FuncSign(filename='/root/miniconda3/envs/django__django__3.1/lib/python3.6/asyncio/base_events.py', lineno=259, funcname='__init__')]), (1, 12, 14, 401))
[2026-07-29 15:05:56,323 - Orcar.tracer - INFO] Func 141/164
[2026-07-29 15:05:56,323 - Orcar.tracer - INFO] (FuncSign(filename='/root/miniconda3/envs/django__django__3.1/lib/python3.6/selectors.py', lineno=208, funcname='__init__'), FuncScore(is_same_file_with_key_parent=False, layers_from_key_parent=12, absolute_calling_index=403, absolute_layer=14, called_by=[FuncSign(filename='/django__django/django/__init__.py', lineno=8, funcname='setup'), FuncSign(filename='/django__django/django/urls/base.py', lineno=99, funcname='set_script_prefix'), FuncSign(filename='/root/miniconda3/envs/django__django__3.1/lib/python3.6/site-packages/asgiref/local.py', lineno=109, funcname='__setattr__'), FuncSign(filename='/root/miniconda3/envs/django__django__3.1/lib/python3.6/site-packages/asgiref/local.py', lineno=82, funcname='_get_storage'), FuncSign(filename='/root/miniconda3/envs/django__django__3.1/lib/python3.6/site-packages/asgiref/local.py', lineno=46, funcname='_get_context_id'), FuncSign(filename='/root/miniconda3/envs/django__django__3.1/lib/python3.6/site-packages/asgiref/sync.py', lineno=493, funcname='get_current_task'), FuncSign(filename='/root/miniconda3/envs/django__django__3.1/lib/python3.6/asyncio/events.py', lineno=682, funcname='get_event_loop'), FuncSign(filename='/root/miniconda3/envs/django__django__3.1/lib/python3.6/asyncio/events.py', lineno=591, funcname='get_event_loop'), FuncSign(filename='/root/miniconda3/envs/django__django__3.1/lib/python3.6/asyncio/events.py', lineno=611, funcname='new_event_loop'), FuncSign(filename='/root/miniconda3/envs/django__django__3.1/lib/python3.6/asyncio/unix_events.py', lineno=55, funcname='__init__'), FuncSign(filename='/root/miniconda3/envs/django__django__3.1/lib/python3.6/asyncio/selector_events.py', lineno=49, funcname='__init__'), FuncSign(filename='/root/miniconda3/envs/django__django__3.1/lib/python3.6/selectors.py', lineno=397, funcname='__init__')]), (1, 12, 14, 403))
[2026-07-29 15:05:56,324 - Orcar.tracer - INFO] Func 142/164
[2026-07-29 15:05:56,324 - Orcar.tracer - INFO] (FuncSign(filename='/root/miniconda3/envs/django__django__3.1/lib/python3.6/logging/__init__.py', lineno=1544, funcname='isEnabledFor'), FuncScore(is_same_file_with_key_parent=False, layers_from_key_parent=12, absolute_calling_index=406, absolute_layer=14, called_by=[FuncSign(filename='/django__django/django/__init__.py', lineno=8, funcname='setup'), FuncSign(filename='/django__django/django/urls/base.py', lineno=99, funcname='set_script_prefix'), FuncSign(filename='/root/miniconda3/envs/django__django__3.1/lib/python3.6/site-packages/asgiref/local.py', lineno=109, funcname='__setattr__'), FuncSign(filename='/root/miniconda3/envs/django__django__3.1/lib/python3.6/site-packages/asgiref/local.py', lineno=82, funcname='_get_storage'), FuncSign(filename='/root/miniconda3/envs/django__django__3.1/lib/python3.6/site-packages/asgiref/local.py', lineno=46, funcname='_get_context_id'), FuncSign(filename='/root/miniconda3/envs/django__django__3.1/lib/python3.6/site-packages/asgiref/sync.py', lineno=493, funcname='get_current_task'), FuncSign(filename='/root/miniconda3/envs/django__django__3.1/lib/python3.6/asyncio/events.py', lineno=682, funcname='get_event_loop'), FuncSign(filename='/root/miniconda3/envs/django__django__3.1/lib/python3.6/asyncio/events.py', lineno=591, funcname='get_event_loop'), FuncSign(filename='/root/miniconda3/envs/django__django__3.1/lib/python3.6/asyncio/events.py', lineno=611, funcname='new_event_loop'), FuncSign(filename='/root/miniconda3/envs/django__django__3.1/lib/python3.6/asyncio/unix_events.py', lineno=55, funcname='__init__'), FuncSign(filename='/root/miniconda3/envs/django__django__3.1/lib/python3.6/asyncio/selector_events.py', lineno=49, funcname='__init__'), FuncSign(filename='/root/miniconda3/envs/django__django__3.1/lib/python3.6/logging/__init__.py', lineno=1286, funcname='debug')]), (1, 12, 14, 406))
[2026-07-29 15:05:56,324 - Orcar.tracer - INFO] Func 143/164
[2026-07-29 15:05:56,324 - Orcar.tracer - INFO] (FuncSign(filename='/root/miniconda3/envs/django__django__3.1/lib/python3.6/asyncio/unix_events.py', lineno=59, funcname='_socketpair'), FuncScore(is_same_file_with_key_parent=False, layers_from_key_parent=12, absolute_calling_index=409, absolute_layer=14, called_by=[FuncSign(filename='/django__django/django/__init__.py', lineno=8, funcname='setup'), FuncSign(filename='/django__django/django/urls/base.py', lineno=99, funcname='set_script_prefix'), FuncSign(filename='/root/miniconda3/envs/django__django__3.1/lib/python3.6/site-packages/asgiref/local.py', lineno=109, funcname='__setattr__'), FuncSign(filename='/root/miniconda3/envs/django__django__3.1/lib/python3.6/site-packages/asgiref/local.py', lineno=82, funcname='_get_storage'), FuncSign(filename='/root/miniconda3/envs/django__django__3.1/lib/python3.6/site-packages/asgiref/local.py', lineno=46, funcname='_get_context_id'), FuncSign(filename='/root/miniconda3/envs/django__django__3.1/lib/python3.6/site-packages/asgiref/sync.py', lineno=493, funcname='get_current_task'), FuncSign(filename='/root/miniconda3/envs/django__django__3.1/lib/python3.6/asyncio/events.py', lineno=682, funcname='get_event_loop'), FuncSign(filename='/root/miniconda3/envs/django__django__3.1/lib/python3.6/asyncio/events.py', lineno=591, funcname='get_event_loop'), FuncSign(filename='/root/miniconda3/envs/django__django__3.1/lib/python3.6/asyncio/events.py', lineno=611, funcname='new_event_loop'), FuncSign(filename='/root/miniconda3/envs/django__django__3.1/lib/python3.6/asyncio/unix_events.py', lineno=55, funcname='__init__'), FuncSign(filename='/root/miniconda3/envs/django__django__3.1/lib/python3.6/asyncio/selector_events.py', lineno=49, funcname='__init__'), FuncSign(filename='/root/miniconda3/envs/django__django__3.1/lib/python3.6/asyncio/selector_events.py', lineno=116, funcname='_make_self_pipe')]), (1, 12, 14, 409))
[2026-07-29 15:05:56,324 - Orcar.tracer - INFO] Func 144/164
[2026-07-29 15:05:56,324 - Orcar.tracer - INFO] (FuncSign(filename='/root/miniconda3/envs/django__django__3.1/lib/python3.6/asyncio/selector_events.py', lineno=249, funcname='_add_reader'), FuncScore(is_same_file_with_key_parent=False, layers_from_key_parent=12, absolute_calling_index=413, absolute_layer=14, called_by=[FuncSign(filename='/django__django/django/__init__.py', lineno=8, funcname='setup'), FuncSign(filename='/django__django/django/urls/base.py', lineno=99, funcname='set_script_prefix'), FuncSign(filename='/root/miniconda3/envs/django__django__3.1/lib/python3.6/site-packages/asgiref/local.py', lineno=109, funcname='__setattr__'), FuncSign(filename='/root/miniconda3/envs/django__django__3.1/lib/python3.6/site-packages/asgiref/local.py', lineno=82, funcname='_get_storage'), FuncSign(filename='/root/miniconda3/envs/django__django__3.1/lib/python3.6/site-packages/asgiref/local.py', lineno=46, funcname='_get_context_id'), FuncSign(filename='/root/miniconda3/envs/django__django__3.1/lib/python3.6/site-packages/asgiref/sync.py', lineno=493, funcname='get_current_task'), FuncSign(filename='/root/miniconda3/envs/django__django__3.1/lib/python3.6/asyncio/events.py', lineno=682, funcname='get_event_loop'), FuncSign(filename='/root/miniconda3/envs/django__django__3.1/lib/python3.6/asyncio/events.py', lineno=591, funcname='get_event_loop'), FuncSign(filename='/root/miniconda3/envs/django__django__3.1/lib/python3.6/asyncio/events.py', lineno=611, funcname='new_event_loop'), FuncSign(filename='/root/miniconda3/envs/django__django__3.1/lib/python3.6/asyncio/unix_events.py', lineno=55, funcname='__init__'), FuncSign(filename='/root/miniconda3/envs/django__django__3.1/lib/python3.6/asyncio/selector_events.py', lineno=49, funcname='__init__'), FuncSign(filename='/root/miniconda3/envs/django__django__3.1/lib/python3.6/asyncio/selector_events.py', lineno=116, funcname='_make_self_pipe')]), (1, 12, 14, 413))
[2026-07-29 15:05:56,325 - Orcar.tracer - INFO] Func 145/164
[2026-07-29 15:05:56,325 - Orcar.tracer - INFO] (FuncSign(filename='/root/miniconda3/envs/django__django__3.1/lib/python3.6/weakref.py', lineno=288, funcname='update'), FuncScore(is_same_file_with_key_parent=False, layers_from_key_parent=12, absolute_calling_index=428, absolute_layer=14, called_by=[FuncSign(filename='/django__django/django/__init__.py', lineno=8, funcname='setup'), FuncSign(filename='/django__django/django/urls/base.py', lineno=99, funcname='set_script_prefix'), FuncSign(filename='/root/miniconda3/envs/django__django__3.1/lib/python3.6/site-packages/asgiref/local.py', lineno=109, funcname='__setattr__'), FuncSign(filename='/root/miniconda3/envs/django__django__3.1/lib/python3.6/site-packages/asgiref/local.py', lineno=82, funcname='_get_storage'), FuncSign(filename='/root/miniconda3/envs/django__django__3.1/lib/python3.6/site-packages/asgiref/local.py', lineno=46, funcname='_get_context_id'), FuncSign(filename='/root/miniconda3/envs/django__django__3.1/lib/python3.6/site-packages/asgiref/sync.py', lineno=493, funcname='get_current_task'), FuncSign(filename='/root/miniconda3/envs/django__django__3.1/lib/python3.6/asyncio/events.py', lineno=682, funcname='get_event_loop'), FuncSign(filename='/root/miniconda3/envs/django__django__3.1/lib/python3.6/asyncio/events.py', lineno=591, funcname='get_event_loop'), FuncSign(filename='/root/miniconda3/envs/django__django__3.1/lib/python3.6/asyncio/events.py', lineno=611, funcname='new_event_loop'), FuncSign(filename='/root/miniconda3/envs/django__django__3.1/lib/python3.6/asyncio/unix_events.py', lineno=55, funcname='__init__'), FuncSign(filename='/root/miniconda3/envs/django__django__3.1/lib/python3.6/asyncio/selector_events.py', lineno=49, funcname='__init__'), FuncSign(filename='/root/miniconda3/envs/django__django__3.1/lib/python3.6/weakref.py', lineno=102, funcname='__init__')]), (1, 12, 14, 428))
[2026-07-29 15:05:56,325 - Orcar.tracer - INFO] Func 146/164
[2026-07-29 15:05:56,325 - Orcar.tracer - INFO] (FuncSign(filename='/root/miniconda3/envs/django__django__3.1/lib/python3.6/os.py', lineno=664, funcname='__getitem__'), FuncScore(is_same_file_with_key_parent=False, layers_from_key_parent=13, absolute_calling_index=397, absolute_layer=15, called_by=[FuncSign(filename='/django__django/django/__init__.py', lineno=8, funcname='setup'), FuncSign(filename='/django__django/django/urls/base.py', lineno=99, funcname='set_script_prefix'), FuncSign(filename='/root/miniconda3/envs/django__django__3.1/lib/python3.6/site-packages/asgiref/local.py', lineno=109, funcname='__setattr__'), FuncSign(filename='/root/miniconda3/envs/django__django__3.1/lib/python3.6/site-packages/asgiref/local.py', lineno=82, funcname='_get_storage'), FuncSign(filename='/root/miniconda3/envs/django__django__3.1/lib/python3.6/site-packages/asgiref/local.py', lineno=46, funcname='_get_context_id'), FuncSign(filename='/root/miniconda3/envs/django__django__3.1/lib/python3.6/site-packages/asgiref/sync.py', lineno=493, funcname='get_current_task'), FuncSign(filename='/root/miniconda3/envs/django__django__3.1/lib/python3.6/asyncio/events.py', lineno=682, funcname='get_event_loop'), FuncSign(filename='/root/miniconda3/envs/django__django__3.1/lib/python3.6/asyncio/events.py', lineno=591, funcname='get_event_loop'), FuncSign(filename='/root/miniconda3/envs/django__django__3.1/lib/python3.6/asyncio/events.py', lineno=611, funcname='new_event_loop'), FuncSign(filename='/root/miniconda3/envs/django__django__3.1/lib/python3.6/asyncio/unix_events.py', lineno=55, funcname='__init__'), FuncSign(filename='/root/miniconda3/envs/django__django__3.1/lib/python3.6/asyncio/selector_events.py', lineno=49, funcname='__init__'), FuncSign(filename='/root/miniconda3/envs/django__django__3.1/lib/python3.6/asyncio/base_events.py', lineno=259, funcname='__init__'), FuncSign(filename='/root/miniconda3/envs/django__django__3.1/lib/python3.6/_collections_abc.py', lineno=657, funcname='get')]), (1, 13, 15, 397))
[2026-07-29 15:05:56,325 - Orcar.tracer - INFO] Func 147/164
[2026-07-29 15:05:56,325 - Orcar.tracer - INFO] (FuncSign(filename='/root/miniconda3/envs/django__django__3.1/lib/python3.6/asyncio/base_events.py', lineno=535, funcname='is_running'), FuncScore(is_same_file_with_key_parent=False, layers_from_key_parent=13, absolute_calling_index=400, absolute_layer=15, called_by=[FuncSign(filename='/django__django/django/__init__.py', lineno=8, funcname='setup'), FuncSign(filename='/django__django/django/urls/base.py', lineno=99, funcname='set_script_prefix'), FuncSign(filename='/root/miniconda3/envs/django__django__3.1/lib/python3.6/site-packages/asgiref/local.py', lineno=109, funcname='__setattr__'), FuncSign(filename='/root/miniconda3/envs/django__django__3.1/lib/python3.6/site-packages/asgiref/local.py', lineno=82, funcname='_get_storage'), FuncSign(filename='/root/miniconda3/envs/django__django__3.1/lib/python3.6/site-packages/asgiref/local.py', lineno=46, funcname='_get_context_id'), FuncSign(filename='/root/miniconda3/envs/django__django__3.1/lib/python3.6/site-packages/asgiref/sync.py', lineno=493, funcname='get_current_task'), FuncSign(filename='/root/miniconda3/envs/django__django__3.1/lib/python3.6/asyncio/events.py', lineno=682, funcname='get_event_loop'), FuncSign(filename='/root/miniconda3/envs/django__django__3.1/lib/python3.6/asyncio/events.py', lineno=591, funcname='get_event_loop'), FuncSign(filename='/root/miniconda3/envs/django__django__3.1/lib/python3.6/asyncio/events.py', lineno=611, funcname='new_event_loop'), FuncSign(filename='/root/miniconda3/envs/django__django__3.1/lib/python3.6/asyncio/unix_events.py', lineno=55, funcname='__init__'), FuncSign(filename='/root/miniconda3/envs/django__django__3.1/lib/python3.6/asyncio/selector_events.py', lineno=49, funcname='__init__'), FuncSign(filename='/root/miniconda3/envs/django__django__3.1/lib/python3.6/asyncio/base_events.py', lineno=259, funcname='__init__'), FuncSign(filename='/root/miniconda3/envs/django__django__3.1/lib/python3.6/asyncio/base_events.py', lineno=1501, funcname='set_debug')]), (1, 13, 15, 400))
[2026-07-29 15:05:56,326 - Orcar.tracer - INFO] Func 148/164
[2026-07-29 15:05:56,326 - Orcar.tracer - INFO] (FuncSign(filename='/root/miniconda3/envs/django__django__3.1/lib/python3.6/selectors.py', lineno=62, funcname='__init__'), FuncScore(is_same_file_with_key_parent=False, layers_from_key_parent=13, absolute_calling_index=404, absolute_layer=15, called_by=[FuncSign(filename='/django__django/django/__init__.py', lineno=8, funcname='setup'), FuncSign(filename='/django__django/django/urls/base.py', lineno=99, funcname='set_script_prefix'), FuncSign(filename='/root/miniconda3/envs/django__django__3.1/lib/python3.6/site-packages/asgiref/local.py', lineno=109, funcname='__setattr__'), FuncSign(filename='/root/miniconda3/envs/django__django__3.1/lib/python3.6/site-packages/asgiref/local.py', lineno=82, funcname='_get_storage'), FuncSign(filename='/root/miniconda3/envs/django__django__3.1/lib/python3.6/site-packages/asgiref/local.py', lineno=46, funcname='_get_context_id'), FuncSign(filename='/root/miniconda3/envs/django__django__3.1/lib/python3.6/site-packages/asgiref/sync.py', lineno=493, funcname='get_current_task'), FuncSign(filename='/root/miniconda3/envs/django__django__3.1/lib/python3.6/asyncio/events.py', lineno=682, funcname='get_event_loop'), FuncSign(filename='/root/miniconda3/envs/django__django__3.1/lib/python3.6/asyncio/events.py', lineno=591, funcname='get_event_loop'), FuncSign(filename='/root/miniconda3/envs/django__django__3.1/lib/python3.6/asyncio/events.py', lineno=611, funcname='new_event_loop'), FuncSign(filename='/root/miniconda3/envs/django__django__3.1/lib/python3.6/asyncio/unix_events.py', lineno=55, funcname='__init__'), FuncSign(filename='/root/miniconda3/envs/django__django__3.1/lib/python3.6/asyncio/selector_events.py', lineno=49, funcname='__init__'), FuncSign(filename='/root/miniconda3/envs/django__django__3.1/lib/python3.6/selectors.py', lineno=397, funcname='__init__'), FuncSign(filename='/root/miniconda3/envs/django__django__3.1/lib/python3.6/selectors.py', lineno=208, funcname='__init__')]), (1, 13, 15, 404))
[2026-07-29 15:05:56,326 - Orcar.tracer - INFO] Func 149/164
[2026-07-29 15:05:56,326 - Orcar.tracer - INFO] (FuncSign(filename='/root/miniconda3/envs/django__django__3.1/lib/python3.6/logging/__init__.py', lineno=1530, funcname='getEffectiveLevel'), FuncScore(is_same_file_with_key_parent=False, layers_from_key_parent=13, absolute_calling_index=407, absolute_layer=15, called_by=[FuncSign(filename='/django__django/django/__init__.py', lineno=8, funcname='setup'), FuncSign(filename='/django__django/django/urls/base.py', lineno=99, funcname='set_script_prefix'), FuncSign(filename='/root/miniconda3/envs/django__django__3.1/lib/python3.6/site-packages/asgiref/local.py', lineno=109, funcname='__setattr__'), FuncSign(filename='/root/miniconda3/envs/django__django__3.1/lib/python3.6/site-packages/asgiref/local.py', lineno=82, funcname='_get_storage'), FuncSign(filename='/root/miniconda3/envs/django__django__3.1/lib/python3.6/site-packages/asgiref/local.py', lineno=46, funcname='_get_context_id'), FuncSign(filename='/root/miniconda3/envs/django__django__3.1/lib/python3.6/site-packages/asgiref/sync.py', lineno=493, funcname='get_current_task'), FuncSign(filename='/root/miniconda3/envs/django__django__3.1/lib/python3.6/asyncio/events.py', lineno=682, funcname='get_event_loop'), FuncSign(filename='/root/miniconda3/envs/django__django__3.1/lib/python3.6/asyncio/events.py', lineno=591, funcname='get_event_loop'), FuncSign(filename='/root/miniconda3/envs/django__django__3.1/lib/python3.6/asyncio/events.py', lineno=611, funcname='new_event_loop'), FuncSign(filename='/root/miniconda3/envs/django__django__3.1/lib/python3.6/asyncio/unix_events.py', lineno=55, funcname='__init__'), FuncSign(filename='/root/miniconda3/envs/django__django__3.1/lib/python3.6/asyncio/selector_events.py', lineno=49, funcname='__init__'), FuncSign(filename='/root/miniconda3/envs/django__django__3.1/lib/python3.6/logging/__init__.py', lineno=1286, funcname='debug'), FuncSign(filename='/root/miniconda3/envs/django__django__3.1/lib/python3.6/logging/__init__.py', lineno=1544, funcname='isEnabledFor')]), (1, 13, 15, 407))
[2026-07-29 15:05:56,326 - Orcar.tracer - INFO] Func 150/164
[2026-07-29 15:05:56,327 - Orcar.tracer - INFO] (FuncSign(filename='/root/miniconda3/envs/django__django__3.1/lib/python3.6/socket.py', lineno=475, funcname='socketpair'), FuncScore(is_same_file_with_key_parent=False, layers_from_key_parent=13, absolute_calling_index=410, absolute_layer=15, called_by=[FuncSign(filename='/django__django/django/__init__.py', lineno=8, funcname='setup'), FuncSign(filename='/django__django/django/urls/base.py', lineno=99, funcname='set_script_prefix'), FuncSign(filename='/root/miniconda3/envs/django__django__3.1/lib/python3.6/site-packages/asgiref/local.py', lineno=109, funcname='__setattr__'), FuncSign(filename='/root/miniconda3/envs/django__django__3.1/lib/python3.6/site-packages/asgiref/local.py', lineno=82, funcname='_get_storage'), FuncSign(filename='/root/miniconda3/envs/django__django__3.1/lib/python3.6/site-packages/asgiref/local.py', lineno=46, funcname='_get_context_id'), FuncSign(filename='/root/miniconda3/envs/django__django__3.1/lib/python3.6/site-packages/asgiref/sync.py', lineno=493, funcname='get_current_task'), FuncSign(filename='/root/miniconda3/envs/django__django__3.1/lib/python3.6/asyncio/events.py', lineno=682, funcname='get_event_loop'), FuncSign(filename='/root/miniconda3/envs/django__django__3.1/lib/python3.6/asyncio/events.py', lineno=591, funcname='get_event_loop'), FuncSign(filename='/root/miniconda3/envs/django__django__3.1/lib/python3.6/asyncio/events.py', lineno=611, funcname='new_event_loop'), FuncSign(filename='/root/miniconda3/envs/django__django__3.1/lib/python3.6/asyncio/unix_events.py', lineno=55, funcname='__init__'), FuncSign(filename='/root/miniconda3/envs/django__django__3.1/lib/python3.6/asyncio/selector_events.py', lineno=49, funcname='__init__'), FuncSign(filename='/root/miniconda3/envs/django__django__3.1/lib/python3.6/asyncio/selector_events.py', lineno=116, funcname='_make_self_pipe'), FuncSign(filename='/root/miniconda3/envs/django__django__3.1/lib/python3.6/asyncio/unix_events.py', lineno=59, funcname='_socketpair')]), (1, 13, 15, 410))
[2026-07-29 15:05:56,327 - Orcar.tracer - INFO] Func 151/164
[2026-07-29 15:05:56,327 - Orcar.tracer - INFO] (FuncSign(filename='/root/miniconda3/envs/django__django__3.1/lib/python3.6/asyncio/base_events.py', lineno=379, funcname='_check_closed'), FuncScore(is_same_file_with_key_parent=False, layers_from_key_parent=13, absolute_calling_index=414, absolute_layer=15, called_by=[FuncSign(filename='/django__django/django/__init__.py', lineno=8, funcname='setup'), FuncSign(filename='/django__django/django/urls/base.py', lineno=99, funcname='set_script_prefix'), FuncSign(filename='/root/miniconda3/envs/django__django__3.1/lib/python3.6/site-packages/asgiref/local.py', lineno=109, funcname='__setattr__'), FuncSign(filename='/root/miniconda3/envs/django__django__3.1/lib/python3.6/site-packages/asgiref/local.py', lineno=82, funcname='_get_storage'), FuncSign(filename='/root/miniconda3/envs/django__django__3.1/lib/python3.6/site-packages/asgiref/local.py', lineno=46, funcname='_get_context_id'), FuncSign(filename='/root/miniconda3/envs/django__django__3.1/lib/python3.6/site-packages/asgiref/sync.py', lineno=493, funcname='get_current_task'), FuncSign(filename='/root/miniconda3/envs/django__django__3.1/lib/python3.6/asyncio/events.py', lineno=682, funcname='get_event_loop'), FuncSign(filename='/root/miniconda3/envs/django__django__3.1/lib/python3.6/asyncio/events.py', lineno=591, funcname='get_event_loop'), FuncSign(filename='/root/miniconda3/envs/django__django__3.1/lib/python3.6/asyncio/events.py', lineno=611, funcname='new_event_loop'), FuncSign(filename='/root/miniconda3/envs/django__django__3.1/lib/python3.6/asyncio/unix_events.py', lineno=55, funcname='__init__'), FuncSign(filename='/root/miniconda3/envs/django__django__3.1/lib/python3.6/asyncio/selector_events.py', lineno=49, funcname='__init__'), FuncSign(filename='/root/miniconda3/envs/django__django__3.1/lib/python3.6/asyncio/selector_events.py', lineno=116, funcname='_make_self_pipe'), FuncSign(filename='/root/miniconda3/envs/django__django__3.1/lib/python3.6/asyncio/selector_events.py', lineno=249, funcname='_add_reader')]), (1, 13, 15, 414))
[2026-07-29 15:05:56,327 - Orcar.tracer - INFO] Func 152/164
[2026-07-29 15:05:56,327 - Orcar.tracer - INFO] (FuncSign(filename='/root/miniconda3/envs/django__django__3.1/lib/python3.6/asyncio/events.py', lineno=104, funcname='__init__'), FuncScore(is_same_file_with_key_parent=False, layers_from_key_parent=13, absolute_calling_index=415, absolute_layer=15, called_by=[FuncSign(filename='/django__django/django/__init__.py', lineno=8, funcname='setup'), FuncSign(filename='/django__django/django/urls/base.py', lineno=99, funcname='set_script_prefix'), FuncSign(filename='/root/miniconda3/envs/django__django__3.1/lib/python3.6/site-packages/asgiref/local.py', lineno=109, funcname='__setattr__'), FuncSign(filename='/root/miniconda3/envs/django__django__3.1/lib/python3.6/site-packages/asgiref/local.py', lineno=82, funcname='_get_storage'), FuncSign(filename='/root/miniconda3/envs/django__django__3.1/lib/python3.6/site-packages/asgiref/local.py', lineno=46, funcname='_get_context_id'), FuncSign(filename='/root/miniconda3/envs/django__django__3.1/lib/python3.6/site-packages/asgiref/sync.py', lineno=493, funcname='get_current_task'), FuncSign(filename='/root/miniconda3/envs/django__django__3.1/lib/python3.6/asyncio/events.py', lineno=682, funcname='get_event_loop'), FuncSign(filename='/root/miniconda3/envs/django__django__3.1/lib/python3.6/asyncio/events.py', lineno=591, funcname='get_event_loop'), FuncSign(filename='/root/miniconda3/envs/django__django__3.1/lib/python3.6/asyncio/events.py', lineno=611, funcname='new_event_loop'), FuncSign(filename='/root/miniconda3/envs/django__django__3.1/lib/python3.6/asyncio/unix_events.py', lineno=55, funcname='__init__'), FuncSign(filename='/root/miniconda3/envs/django__django__3.1/lib/python3.6/asyncio/selector_events.py', lineno=49, funcname='__init__'), FuncSign(filename='/root/miniconda3/envs/django__django__3.1/lib/python3.6/asyncio/selector_events.py', lineno=116, funcname='_make_self_pipe'), FuncSign(filename='/root/miniconda3/envs/django__django__3.1/lib/python3.6/asyncio/selector_events.py', lineno=249, funcname='_add_reader')]), (1, 13, 15, 415))
[2026-07-29 15:05:56,328 - Orcar.tracer - INFO] Func 153/164
[2026-07-29 15:05:56,328 - Orcar.tracer - INFO] (FuncSign(filename='/root/miniconda3/envs/django__django__3.1/lib/python3.6/selectors.py', lineno=179, funcname='get_key'), FuncScore(is_same_file_with_key_parent=False, layers_from_key_parent=13, absolute_calling_index=417, absolute_layer=15, called_by=[FuncSign(filename='/django__django/django/__init__.py', lineno=8, funcname='setup'), FuncSign(filename='/django__django/django/urls/base.py', lineno=99, funcname='set_script_prefix'), FuncSign(filename='/root/miniconda3/envs/django__django__3.1/lib/python3.6/site-packages/asgiref/local.py', lineno=109, funcname='__setattr__'), FuncSign(filename='/root/miniconda3/envs/django__django__3.1/lib/python3.6/site-packages/asgiref/local.py', lineno=82, funcname='_get_storage'), FuncSign(filename='/root/miniconda3/envs/django__django__3.1/lib/python3.6/site-packages/asgiref/local.py', lineno=46, funcname='_get_context_id'), FuncSign(filename='/root/miniconda3/envs/django__django__3.1/lib/python3.6/site-packages/asgiref/sync.py', lineno=493, funcname='get_current_task'), FuncSign(filename='/root/miniconda3/envs/django__django__3.1/lib/python3.6/asyncio/events.py', lineno=682, funcname='get_event_loop'), FuncSign(filename='/root/miniconda3/envs/django__django__3.1/lib/python3.6/asyncio/events.py', lineno=591, funcname='get_event_loop'), FuncSign(filename='/root/miniconda3/envs/django__django__3.1/lib/python3.6/asyncio/events.py', lineno=611, funcname='new_event_loop'), FuncSign(filename='/root/miniconda3/envs/django__django__3.1/lib/python3.6/asyncio/unix_events.py', lineno=55, funcname='__init__'), FuncSign(filename='/root/miniconda3/envs/django__django__3.1/lib/python3.6/asyncio/selector_events.py', lineno=49, funcname='__init__'), FuncSign(filename='/root/miniconda3/envs/django__django__3.1/lib/python3.6/asyncio/selector_events.py', lineno=116, funcname='_make_self_pipe'), FuncSign(filename='/root/miniconda3/envs/django__django__3.1/lib/python3.6/asyncio/selector_events.py', lineno=249, funcname='_add_reader')]), (1, 13, 15, 417))
[2026-07-29 15:05:56,328 - Orcar.tracer - INFO] Func 154/164
[2026-07-29 15:05:56,328 - Orcar.tracer - INFO] (FuncSign(filename='/root/miniconda3/envs/django__django__3.1/lib/python3.6/selectors.py', lineno=404, funcname='register'), FuncScore(is_same_file_with_key_parent=False, layers_from_key_parent=13, absolute_calling_index=422, absolute_layer=15, called_by=[FuncSign(filename='/django__django/django/__init__.py', lineno=8, funcname='setup'), FuncSign(filename='/django__django/django/urls/base.py', lineno=99, funcname='set_script_prefix'), FuncSign(filename='/root/miniconda3/envs/django__django__3.1/lib/python3.6/site-packages/asgiref/local.py', lineno=109, funcname='__setattr__'), FuncSign(filename='/root/miniconda3/envs/django__django__3.1/lib/python3.6/site-packages/asgiref/local.py', lineno=82, funcname='_get_storage'), FuncSign(filename='/root/miniconda3/envs/django__django__3.1/lib/python3.6/site-packages/asgiref/local.py', lineno=46, funcname='_get_context_id'), FuncSign(filename='/root/miniconda3/envs/django__django__3.1/lib/python3.6/site-packages/asgiref/sync.py', lineno=493, funcname='get_current_task'), FuncSign(filename='/root/miniconda3/envs/django__django__3.1/lib/python3.6/asyncio/events.py', lineno=682, funcname='get_event_loop'), FuncSign(filename='/root/miniconda3/envs/django__django__3.1/lib/python3.6/asyncio/events.py', lineno=591, funcname='get_event_loop'), FuncSign(filename='/root/miniconda3/envs/django__django__3.1/lib/python3.6/asyncio/events.py', lineno=611, funcname='new_event_loop'), FuncSign(filename='/root/miniconda3/envs/django__django__3.1/lib/python3.6/asyncio/unix_events.py', lineno=55, funcname='__init__'), FuncSign(filename='/root/miniconda3/envs/django__django__3.1/lib/python3.6/asyncio/selector_events.py', lineno=49, funcname='__init__'), FuncSign(filename='/root/miniconda3/envs/django__django__3.1/lib/python3.6/asyncio/selector_events.py', lineno=116, funcname='_make_self_pipe'), FuncSign(filename='/root/miniconda3/envs/django__django__3.1/lib/python3.6/asyncio/selector_events.py', lineno=249, funcname='_add_reader')]), (1, 13, 15, 422))
[2026-07-29 15:05:56,328 - Orcar.tracer - INFO] Func 155/164
[2026-07-29 15:05:56,328 - Orcar.tracer - INFO] (FuncSign(filename='/root/miniconda3/envs/django__django__3.1/lib/python3.6/os.py', lineno=742, funcname='encode'), FuncScore(is_same_file_with_key_parent=False, layers_from_key_parent=14, absolute_calling_index=398, absolute_layer=16, called_by=[FuncSign(filename='/django__django/django/__init__.py', lineno=8, funcname='setup'), FuncSign(filename='/django__django/django/urls/base.py', lineno=99, funcname='set_script_prefix'), FuncSign(filename='/root/miniconda3/envs/django__django__3.1/lib/python3.6/site-packages/asgiref/local.py', lineno=109, funcname='__setattr__'), FuncSign(filename='/root/miniconda3/envs/django__django__3.1/lib/python3.6/site-packages/asgiref/local.py', lineno=82, funcname='_get_storage'), FuncSign(filename='/root/miniconda3/envs/django__django__3.1/lib/python3.6/site-packages/asgiref/local.py', lineno=46, funcname='_get_context_id'), FuncSign(filename='/root/miniconda3/envs/django__django__3.1/lib/python3.6/site-packages/asgiref/sync.py', lineno=493, funcname='get_current_task'), FuncSign(filename='/root/miniconda3/envs/django__django__3.1/lib/python3.6/asyncio/events.py', lineno=682, funcname='get_event_loop'), FuncSign(filename='/root/miniconda3/envs/django__django__3.1/lib/python3.6/asyncio/events.py', lineno=591, funcname='get_event_loop'), FuncSign(filename='/root/miniconda3/envs/django__django__3.1/lib/python3.6/asyncio/events.py', lineno=611, funcname='new_event_loop'), FuncSign(filename='/root/miniconda3/envs/django__django__3.1/lib/python3.6/asyncio/unix_events.py', lineno=55, funcname='__init__'), FuncSign(filename='/root/miniconda3/envs/django__django__3.1/lib/python3.6/asyncio/selector_events.py', lineno=49, funcname='__init__'), FuncSign(filename='/root/miniconda3/envs/django__django__3.1/lib/python3.6/asyncio/base_events.py', lineno=259, funcname='__init__'), FuncSign(filename='/root/miniconda3/envs/django__django__3.1/lib/python3.6/_collections_abc.py', lineno=657, funcname='get'), FuncSign(filename='/root/miniconda3/envs/django__django__3.1/lib/python3.6/os.py', lineno=664, funcname='__getitem__')]), (1, 14, 16, 398))
[2026-07-29 15:05:56,329 - Orcar.tracer - INFO] Func 156/164
[2026-07-29 15:05:56,329 - Orcar.tracer - INFO] (FuncSign(filename='/root/miniconda3/envs/django__django__3.1/lib/python3.6/socket.py', lineno=139, funcname='__init__'), FuncScore(is_same_file_with_key_parent=False, layers_from_key_parent=14, absolute_calling_index=411, absolute_layer=16, called_by=[FuncSign(filename='/django__django/django/__init__.py', lineno=8, funcname='setup'), FuncSign(filename='/django__django/django/urls/base.py', lineno=99, funcname='set_script_prefix'), FuncSign(filename='/root/miniconda3/envs/django__django__3.1/lib/python3.6/site-packages/asgiref/local.py', lineno=109, funcname='__setattr__'), FuncSign(filename='/root/miniconda3/envs/django__django__3.1/lib/python3.6/site-packages/asgiref/local.py', lineno=82, funcname='_get_storage'), FuncSign(filename='/root/miniconda3/envs/django__django__3.1/lib/python3.6/site-packages/asgiref/local.py', lineno=46, funcname='_get_context_id'), FuncSign(filename='/root/miniconda3/envs/django__django__3.1/lib/python3.6/site-packages/asgiref/sync.py', lineno=493, funcname='get_current_task'), FuncSign(filename='/root/miniconda3/envs/django__django__3.1/lib/python3.6/asyncio/events.py', lineno=682, funcname='get_event_loop'), FuncSign(filename='/root/miniconda3/envs/django__django__3.1/lib/python3.6/asyncio/events.py', lineno=591, funcname='get_event_loop'), FuncSign(filename='/root/miniconda3/envs/django__django__3.1/lib/python3.6/asyncio/events.py', lineno=611, funcname='new_event_loop'), FuncSign(filename='/root/miniconda3/envs/django__django__3.1/lib/python3.6/asyncio/unix_events.py', lineno=55, funcname='__init__'), FuncSign(filename='/root/miniconda3/envs/django__django__3.1/lib/python3.6/asyncio/selector_events.py', lineno=49, funcname='__init__'), FuncSign(filename='/root/miniconda3/envs/django__django__3.1/lib/python3.6/asyncio/selector_events.py', lineno=116, funcname='_make_self_pipe'), FuncSign(filename='/root/miniconda3/envs/django__django__3.1/lib/python3.6/asyncio/unix_events.py', lineno=59, funcname='_socketpair'), FuncSign(filename='/root/miniconda3/envs/django__django__3.1/lib/python3.6/socket.py', lineno=475, funcname='socketpair')]), (1, 14, 16, 411))
[2026-07-29 15:05:56,329 - Orcar.tracer - INFO] Func 157/164
[2026-07-29 15:05:56,329 - Orcar.tracer - INFO] (FuncSign(filename='/root/miniconda3/envs/django__django__3.1/lib/python3.6/asyncio/base_events.py', lineno=1498, funcname='get_debug'), FuncScore(is_same_file_with_key_parent=False, layers_from_key_parent=14, absolute_calling_index=416, absolute_layer=16, called_by=[FuncSign(filename='/django__django/django/__init__.py', lineno=8, funcname='setup'), FuncSign(filename='/django__django/django/urls/base.py', lineno=99, funcname='set_script_prefix'), FuncSign(filename='/root/miniconda3/envs/django__django__3.1/lib/python3.6/site-packages/asgiref/local.py', lineno=109, funcname='__setattr__'), FuncSign(filename='/root/miniconda3/envs/django__django__3.1/lib/python3.6/site-packages/asgiref/local.py', lineno=82, funcname='_get_storage'), FuncSign(filename='/root/miniconda3/envs/django__django__3.1/lib/python3.6/site-packages/asgiref/local.py', lineno=46, funcname='_get_context_id'), FuncSign(filename='/root/miniconda3/envs/django__django__3.1/lib/python3.6/site-packages/asgiref/sync.py', lineno=493, funcname='get_current_task'), FuncSign(filename='/root/miniconda3/envs/django__django__3.1/lib/python3.6/asyncio/events.py', lineno=682, funcname='get_event_loop'), FuncSign(filename='/root/miniconda3/envs/django__django__3.1/lib/python3.6/asyncio/events.py', lineno=591, funcname='get_event_loop'), FuncSign(filename='/root/miniconda3/envs/django__django__3.1/lib/python3.6/asyncio/events.py', lineno=611, funcname='new_event_loop'), FuncSign(filename='/root/miniconda3/envs/django__django__3.1/lib/python3.6/asyncio/unix_events.py', lineno=55, funcname='__init__'), FuncSign(filename='/root/miniconda3/envs/django__django__3.1/lib/python3.6/asyncio/selector_events.py', lineno=49, funcname='__init__'), FuncSign(filename='/root/miniconda3/envs/django__django__3.1/lib/python3.6/asyncio/selector_events.py', lineno=116, funcname='_make_self_pipe'), FuncSign(filename='/root/miniconda3/envs/django__django__3.1/lib/python3.6/asyncio/selector_events.py', lineno=249, funcname='_add_reader'), FuncSign(filename='/root/miniconda3/envs/django__django__3.1/lib/python3.6/asyncio/events.py', lineno=104, funcname='__init__')]), (1, 14, 16, 416))
[2026-07-29 15:05:56,330 - Orcar.tracer - INFO] Func 158/164
[2026-07-29 15:05:56,330 - Orcar.tracer - INFO] (FuncSign(filename='/root/miniconda3/envs/django__django__3.1/lib/python3.6/selectors.py', lineno=272, funcname='get_map'), FuncScore(is_same_file_with_key_parent=False, layers_from_key_parent=14, absolute_calling_index=418, absolute_layer=16, called_by=[FuncSign(filename='/django__django/django/__init__.py', lineno=8, funcname='setup'), FuncSign(filename='/django__django/django/urls/base.py', lineno=99, funcname='set_script_prefix'), FuncSign(filename='/root/miniconda3/envs/django__django__3.1/lib/python3.6/site-packages/asgiref/local.py', lineno=109, funcname='__setattr__'), FuncSign(filename='/root/miniconda3/envs/django__django__3.1/lib/python3.6/site-packages/asgiref/local.py', lineno=82, funcname='_get_storage'), FuncSign(filename='/root/miniconda3/envs/django__django__3.1/lib/python3.6/site-packages/asgiref/local.py', lineno=46, funcname='_get_context_id'), FuncSign(filename='/root/miniconda3/envs/django__django__3.1/lib/python3.6/site-packages/asgiref/sync.py', lineno=493, funcname='get_current_task'), FuncSign(filename='/root/miniconda3/envs/django__django__3.1/lib/python3.6/asyncio/events.py', lineno=682, funcname='get_event_loop'), FuncSign(filename='/root/miniconda3/envs/django__django__3.1/lib/python3.6/asyncio/events.py', lineno=591, funcname='get_event_loop'), FuncSign(filename='/root/miniconda3/envs/django__django__3.1/lib/python3.6/asyncio/events.py', lineno=611, funcname='new_event_loop'), FuncSign(filename='/root/miniconda3/envs/django__django__3.1/lib/python3.6/asyncio/unix_events.py', lineno=55, funcname='__init__'), FuncSign(filename='/root/miniconda3/envs/django__django__3.1/lib/python3.6/asyncio/selector_events.py', lineno=49, funcname='__init__'), FuncSign(filename='/root/miniconda3/envs/django__django__3.1/lib/python3.6/asyncio/selector_events.py', lineno=116, funcname='_make_self_pipe'), FuncSign(filename='/root/miniconda3/envs/django__django__3.1/lib/python3.6/asyncio/selector_events.py', lineno=249, funcname='_add_reader'), FuncSign(filename='/root/miniconda3/envs/django__django__3.1/lib/python3.6/selectors.py', lineno=179, funcname='get_key')]), (1, 14, 16, 418))
[2026-07-29 15:05:56,330 - Orcar.tracer - INFO] Func 159/164
[2026-07-29 15:05:56,330 - Orcar.tracer - INFO] (FuncSign(filename='/root/miniconda3/envs/django__django__3.1/lib/python3.6/selectors.py', lineno=68, funcname='__getitem__'), FuncScore(is_same_file_with_key_parent=False, layers_from_key_parent=14, absolute_calling_index=419, absolute_layer=16, called_by=[FuncSign(filename='/django__django/django/__init__.py', lineno=8, funcname='setup'), FuncSign(filename='/django__django/django/urls/base.py', lineno=99, funcname='set_script_prefix'), FuncSign(filename='/root/miniconda3/envs/django__django__3.1/lib/python3.6/site-packages/asgiref/local.py', lineno=109, funcname='__setattr__'), FuncSign(filename='/root/miniconda3/envs/django__django__3.1/lib/python3.6/site-packages/asgiref/local.py', lineno=82, funcname='_get_storage'), FuncSign(filename='/root/miniconda3/envs/django__django__3.1/lib/python3.6/site-packages/asgiref/local.py', lineno=46, funcname='_get_context_id'), FuncSign(filename='/root/miniconda3/envs/django__django__3.1/lib/python3.6/site-packages/asgiref/sync.py', lineno=493, funcname='get_current_task'), FuncSign(filename='/root/miniconda3/envs/django__django__3.1/lib/python3.6/asyncio/events.py', lineno=682, funcname='get_event_loop'), FuncSign(filename='/root/miniconda3/envs/django__django__3.1/lib/python3.6/asyncio/events.py', lineno=591, funcname='get_event_loop'), FuncSign(filename='/root/miniconda3/envs/django__django__3.1/lib/python3.6/asyncio/events.py', lineno=611, funcname='new_event_loop'), FuncSign(filename='/root/miniconda3/envs/django__django__3.1/lib/python3.6/asyncio/unix_events.py', lineno=55, funcname='__init__'), FuncSign(filename='/root/miniconda3/envs/django__django__3.1/lib/python3.6/asyncio/selector_events.py', lineno=49, funcname='__init__'), FuncSign(filename='/root/miniconda3/envs/django__django__3.1/lib/python3.6/asyncio/selector_events.py', lineno=116, funcname='_make_self_pipe'), FuncSign(filename='/root/miniconda3/envs/django__django__3.1/lib/python3.6/asyncio/selector_events.py', lineno=249, funcname='_add_reader'), FuncSign(filename='/root/miniconda3/envs/django__django__3.1/lib/python3.6/selectors.py', lineno=179, funcname='get_key')]), (1, 14, 16, 419))
[2026-07-29 15:05:56,330 - Orcar.tracer - INFO] Func 160/164
[2026-07-29 15:05:56,330 - Orcar.tracer - INFO] (FuncSign(filename='/root/miniconda3/envs/django__django__3.1/lib/python3.6/selectors.py', lineno=233, funcname='register'), FuncScore(is_same_file_with_key_parent=False, layers_from_key_parent=14, absolute_calling_index=423, absolute_layer=16, called_by=[FuncSign(filename='/django__django/django/__init__.py', lineno=8, funcname='setup'), FuncSign(filename='/django__django/django/urls/base.py', lineno=99, funcname='set_script_prefix'), FuncSign(filename='/root/miniconda3/envs/django__django__3.1/lib/python3.6/site-packages/asgiref/local.py', lineno=109, funcname='__setattr__'), FuncSign(filename='/root/miniconda3/envs/django__django__3.1/lib/python3.6/site-packages/asgiref/local.py', lineno=82, funcname='_get_storage'), FuncSign(filename='/root/miniconda3/envs/django__django__3.1/lib/python3.6/site-packages/asgiref/local.py', lineno=46, funcname='_get_context_id'), FuncSign(filename='/root/miniconda3/envs/django__django__3.1/lib/python3.6/site-packages/asgiref/sync.py', lineno=493, funcname='get_current_task'), FuncSign(filename='/root/miniconda3/envs/django__django__3.1/lib/python3.6/asyncio/events.py', lineno=682, funcname='get_event_loop'), FuncSign(filename='/root/miniconda3/envs/django__django__3.1/lib/python3.6/asyncio/events.py', lineno=591, funcname='get_event_loop'), FuncSign(filename='/root/miniconda3/envs/django__django__3.1/lib/python3.6/asyncio/events.py', lineno=611, funcname='new_event_loop'), FuncSign(filename='/root/miniconda3/envs/django__django__3.1/lib/python3.6/asyncio/unix_events.py', lineno=55, funcname='__init__'), FuncSign(filename='/root/miniconda3/envs/django__django__3.1/lib/python3.6/asyncio/selector_events.py', lineno=49, funcname='__init__'), FuncSign(filename='/root/miniconda3/envs/django__django__3.1/lib/python3.6/asyncio/selector_events.py', lineno=116, funcname='_make_self_pipe'), FuncSign(filename='/root/miniconda3/envs/django__django__3.1/lib/python3.6/asyncio/selector_events.py', lineno=249, funcname='_add_reader'), FuncSign(filename='/root/miniconda3/envs/django__django__3.1/lib/python3.6/selectors.py', lineno=404, funcname='register')]), (1, 14, 16, 423))
[2026-07-29 15:05:56,331 - Orcar.tracer - INFO] Func 161/164
[2026-07-29 15:05:56,331 - Orcar.tracer - INFO] (FuncSign(filename='/root/miniconda3/envs/django__django__3.1/lib/python3.6/selectors.py', lineno=214, funcname='_fileobj_lookup'), FuncScore(is_same_file_with_key_parent=False, layers_from_key_parent=15, absolute_calling_index=420, absolute_layer=17, called_by=[FuncSign(filename='/django__django/django/__init__.py', lineno=8, funcname='setup'), FuncSign(filename='/django__django/django/urls/base.py', lineno=99, funcname='set_script_prefix'), FuncSign(filename='/root/miniconda3/envs/django__django__3.1/lib/python3.6/site-packages/asgiref/local.py', lineno=109, funcname='__setattr__'), FuncSign(filename='/root/miniconda3/envs/django__django__3.1/lib/python3.6/site-packages/asgiref/local.py', lineno=82, funcname='_get_storage'), FuncSign(filename='/root/miniconda3/envs/django__django__3.1/lib/python3.6/site-packages/asgiref/local.py', lineno=46, funcname='_get_context_id'), FuncSign(filename='/root/miniconda3/envs/django__django__3.1/lib/python3.6/site-packages/asgiref/sync.py', lineno=493, funcname='get_current_task'), FuncSign(filename='/root/miniconda3/envs/django__django__3.1/lib/python3.6/asyncio/events.py', lineno=682, funcname='get_event_loop'), FuncSign(filename='/root/miniconda3/envs/django__django__3.1/lib/python3.6/asyncio/events.py', lineno=591, funcname='get_event_loop'), FuncSign(filename='/root/miniconda3/envs/django__django__3.1/lib/python3.6/asyncio/events.py', lineno=611, funcname='new_event_loop'), FuncSign(filename='/root/miniconda3/envs/django__django__3.1/lib/python3.6/asyncio/unix_events.py', lineno=55, funcname='__init__'), FuncSign(filename='/root/miniconda3/envs/django__django__3.1/lib/python3.6/asyncio/selector_events.py', lineno=49, funcname='__init__'), FuncSign(filename='/root/miniconda3/envs/django__django__3.1/lib/python3.6/asyncio/selector_events.py', lineno=116, funcname='_make_self_pipe'), FuncSign(filename='/root/miniconda3/envs/django__django__3.1/lib/python3.6/asyncio/selector_events.py', lineno=249, funcname='_add_reader'), FuncSign(filename='/root/miniconda3/envs/django__django__3.1/lib/python3.6/selectors.py', lineno=179, funcname='get_key'), FuncSign(filename='/root/miniconda3/envs/django__django__3.1/lib/python3.6/selectors.py', lineno=68, funcname='__getitem__')]), (1, 15, 17, 420))
[2026-07-29 15:05:56,331 - Orcar.tracer - INFO] Func 162/164
[2026-07-29 15:05:56,331 - Orcar.tracer - INFO] (FuncSign(filename='<string>', lineno=12, funcname='__new__'), FuncScore(is_same_file_with_key_parent=False, layers_from_key_parent=15, absolute_calling_index=426, absolute_layer=17, called_by=[FuncSign(filename='/django__django/django/__init__.py', lineno=8, funcname='setup'), FuncSign(filename='/django__django/django/urls/base.py', lineno=99, funcname='set_script_prefix'), FuncSign(filename='/root/miniconda3/envs/django__django__3.1/lib/python3.6/site-packages/asgiref/local.py', lineno=109, funcname='__setattr__'), FuncSign(filename='/root/miniconda3/envs/django__django__3.1/lib/python3.6/site-packages/asgiref/local.py', lineno=82, funcname='_get_storage'), FuncSign(filename='/root/miniconda3/envs/django__django__3.1/lib/python3.6/site-packages/asgiref/local.py', lineno=46, funcname='_get_context_id'), FuncSign(filename='/root/miniconda3/envs/django__django__3.1/lib/python3.6/site-packages/asgiref/sync.py', lineno=493, funcname='get_current_task'), FuncSign(filename='/root/miniconda3/envs/django__django__3.1/lib/python3.6/asyncio/events.py', lineno=682, funcname='get_event_loop'), FuncSign(filename='/root/miniconda3/envs/django__django__3.1/lib/python3.6/asyncio/events.py', lineno=591, funcname='get_event_loop'), FuncSign(filename='/root/miniconda3/envs/django__django__3.1/lib/python3.6/asyncio/events.py', lineno=611, funcname='new_event_loop'), FuncSign(filename='/root/miniconda3/envs/django__django__3.1/lib/python3.6/asyncio/unix_events.py', lineno=55, funcname='__init__'), FuncSign(filename='/root/miniconda3/envs/django__django__3.1/lib/python3.6/asyncio/selector_events.py', lineno=49, funcname='__init__'), FuncSign(filename='/root/miniconda3/envs/django__django__3.1/lib/python3.6/asyncio/selector_events.py', lineno=116, funcname='_make_self_pipe'), FuncSign(filename='/root/miniconda3/envs/django__django__3.1/lib/python3.6/asyncio/selector_events.py', lineno=249, funcname='_add_reader'), FuncSign(filename='/root/miniconda3/envs/django__django__3.1/lib/python3.6/selectors.py', lineno=404, funcname='register'), FuncSign(filename='/root/miniconda3/envs/django__django__3.1/lib/python3.6/selectors.py', lineno=233, funcname='register')]), (1, 15, 17, 426))
[2026-07-29 15:05:56,331 - Orcar.tracer - INFO] Func 163/164
[2026-07-29 15:05:56,331 - Orcar.tracer - INFO] (FuncSign(filename='/root/miniconda3/envs/django__django__3.1/lib/python3.6/selectors.py', lineno=20, funcname='_fileobj_to_fd'), FuncScore(is_same_file_with_key_parent=False, layers_from_key_parent=16, absolute_calling_index=421, absolute_layer=18, called_by=[FuncSign(filename='/django__django/django/__init__.py', lineno=8, funcname='setup'), FuncSign(filename='/django__django/django/urls/base.py', lineno=99, funcname='set_script_prefix'), FuncSign(filename='/root/miniconda3/envs/django__django__3.1/lib/python3.6/site-packages/asgiref/local.py', lineno=109, funcname='__setattr__'), FuncSign(filename='/root/miniconda3/envs/django__django__3.1/lib/python3.6/site-packages/asgiref/local.py', lineno=82, funcname='_get_storage'), FuncSign(filename='/root/miniconda3/envs/django__django__3.1/lib/python3.6/site-packages/asgiref/local.py', lineno=46, funcname='_get_context_id'), FuncSign(filename='/root/miniconda3/envs/django__django__3.1/lib/python3.6/site-packages/asgiref/sync.py', lineno=493, funcname='get_current_task'), FuncSign(filename='/root/miniconda3/envs/django__django__3.1/lib/python3.6/asyncio/events.py', lineno=682, funcname='get_event_loop'), FuncSign(filename='/root/miniconda3/envs/django__django__3.1/lib/python3.6/asyncio/events.py', lineno=591, funcname='get_event_loop'), FuncSign(filename='/root/miniconda3/envs/django__django__3.1/lib/python3.6/asyncio/events.py', lineno=611, funcname='new_event_loop'), FuncSign(filename='/root/miniconda3/envs/django__django__3.1/lib/python3.6/asyncio/unix_events.py', lineno=55, funcname='__init__'), FuncSign(filename='/root/miniconda3/envs/django__django__3.1/lib/python3.6/asyncio/selector_events.py', lineno=49, funcname='__init__'), FuncSign(filename='/root/miniconda3/envs/django__django__3.1/lib/python3.6/asyncio/selector_events.py', lineno=116, funcname='_make_self_pipe'), FuncSign(filename='/root/miniconda3/envs/django__django__3.1/lib/python3.6/asyncio/selector_events.py', lineno=249, funcname='_add_reader'), FuncSign(filename='/root/miniconda3/envs/django__django__3.1/lib/python3.6/selectors.py', lineno=179, funcname='get_key'), FuncSign(filename='/root/miniconda3/envs/django__django__3.1/lib/python3.6/selectors.py', lineno=68, funcname='__getitem__'), FuncSign(filename='/root/miniconda3/envs/django__django__3.1/lib/python3.6/selectors.py', lineno=214, funcname='_fileobj_lookup')]), (1, 16, 18, 421))
[2026-07-29 15:05:56,332 - Orcar.tracer - INFO] Finished tracer output parsing
[2026-07-29 15:05:56,334 - Orcar.trace_analysis_agent - INFO] Limiting Tracer output from 30 to 25 for reranking
[2026-07-29 15:05:56,336 - Orcar.trace_analysis_agent - INFO] funcsign_score_list: [(FuncSign(filename='[REPO_ROOT]/work/django11999_stability/runs/standard/trial_03/orcar_cache/django__django/django/conf/__init__.py', lineno=98, funcname='configure'), FuncScore(is_same_file_with_key_parent=True, layers_from_key_parent=0, absolute_calling_index=3, absolute_layer=2, called_by=[])), (FuncSign(filename='[REPO_ROOT]/work/django11999_stability/runs/standard/trial_03/orcar_cache/django__django/django/__init__.py', lineno=8, funcname='setup'), FuncScore(is_same_file_with_key_parent=True, layers_from_key_parent=0, absolute_calling_index=10, absolute_layer=2, called_by=[])), (FuncSign(filename='[REPO_ROOT]/work/django11999_stability/runs/standard/trial_03/orcar_cache/django__django/django/conf/__init__.py', lineno=229, funcname='__init__'), FuncScore(is_same_file_with_key_parent=True, layers_from_key_parent=1, absolute_calling_index=4, absolute_layer=3, called_by=[FuncSign(filename='[REPO_ROOT]/work/django11999_stability/runs/standard/trial_03/orcar_cache/django__django/django/conf/__init__.py', lineno=98, funcname='configure')])), (FuncSign(filename='[REPO_ROOT]/work/django11999_stability/runs/standard/trial_03/orcar_cache/django__django/django/conf/__init__.py', lineno=242, funcname='__setattr__'), FuncScore(is_same_file_with_key_parent=True, layers_from_key_parent=1, absolute_calling_index=6, absolute_layer=3, called_by=[FuncSign(filename='[REPO_ROOT]/work/django11999_stability/runs/standard/trial_03/orcar_cache/django__django/django/conf/__init__.py', lineno=98, funcname='configure')])), (FuncSign(filename='[REPO_ROOT]/work/django11999_stability/runs/standard/trial_03/orcar_cache/django__django/django/conf/__init__.py', lineno=82, funcname='__setattr__'), FuncScore(is_same_file_with_key_parent=True, layers_from_key_parent=1, absolute_calling_index=8, absolute_layer=3, called_by=[FuncSign(filename='[REPO_ROOT]/work/django11999_stability/runs/standard/trial_03/orcar_cache/django__django/django/conf/__init__.py', lineno=98, funcname='configure')])), (FuncSign(filename='[REPO_ROOT]/work/django11999_stability/runs/standard/trial_03/orcar_cache/django__django/django/conf/__init__.py', lineno=74, funcname='__getattr__'), FuncScore(is_same_file_with_key_parent=False, layers_from_key_parent=1, absolute_calling_index=11, absolute_layer=3, called_by=[FuncSign(filename='[REPO_ROOT]/work/django11999_stability/runs/standard/trial_03/orcar_cache/django__django/django/__init__.py', lineno=8, funcname='setup')])), (FuncSign(filename='[REPO_ROOT]/work/django11999_stability/runs/standard/trial_03/orcar_cache/django__django/django/utils/log.py', lineno=66, funcname='configure_logging'), FuncScore(is_same_file_with_key_parent=False, layers_from_key_parent=1, absolute_calling_index=15, absolute_layer=3, called_by=[FuncSign(filename='[REPO_ROOT]/work/django11999_stability/runs/standard/trial_03/orcar_cache/django__django/django/__init__.py', lineno=8, funcname='setup')])), (FuncSign(filename='[REPO_ROOT]/work/django11999_stability/runs/standard/trial_03/orcar_cache/django__django/django/urls/base.py', lineno=99, funcname='set_script_prefix'), FuncScore(is_same_file_with_key_parent=False, layers_from_key_parent=1, absolute_calling_index=379, absolute_layer=3, called_by=[FuncSign(filename='[REPO_ROOT]/work/django11999_stability/runs/standard/trial_03/orcar_cache/django__django/django/__init__.py', lineno=8, funcname='setup')])), (FuncSign(filename='[REPO_ROOT]/work/django11999_stability/runs/standard/trial_03/orcar_cache/django__django/django/apps/registry.py', lineno=61, funcname='populate'), FuncScore(is_same_file_with_key_parent=False, layers_from_key_parent=1, absolute_calling_index=434, absolute_layer=3, called_by=[FuncSign(filename='[REPO_ROOT]/work/django11999_stability/runs/standard/trial_03/orcar_cache/django__django/django/__init__.py', lineno=8, funcname='setup')])), (FuncSign(filename='[REPO_ROOT]/work/django11999_stability/runs/standard/trial_03/orcar_cache/django__django/django/utils/functional.py', lineno=182, funcname='__wrapper__'), FuncScore(is_same_file_with_key_parent=False, layers_from_key_parent=1, absolute_calling_index=847, absolute_layer=3, called_by=[FuncSign(filename='[REPO_ROOT]/work/django11999_stability/runs/standard/trial_03/orcar_cache/django__django/reproducer_django__django-11999.py', lineno=8, funcname='FooBar')])), (FuncSign(filename='[REPO_ROOT]/work/django11999_stability/runs/standard/trial_03/orcar_cache/django__django/django/db/models/fields/__init__.py', lineno=971, funcname='__init__'), FuncScore(is_same_file_with_key_parent=False, layers_from_key_parent=1, absolute_calling_index=849, absolute_layer=3, called_by=[FuncSign(filename='[REPO_ROOT]/work/django11999_stability/runs/standard/trial_03/orcar_cache/django__django/reproducer_django__django-11999.py', lineno=8, funcname='FooBar')])), (FuncSign(filename='[REPO_ROOT]/work/django11999_stability/runs/standard/trial_03/orcar_cache/django__django/django/utils/functional.py', lineno=260, funcname='__setattr__'), FuncScore(is_same_file_with_key_parent=False, layers_from_key_parent=2, absolute_calling_index=9, absolute_layer=4, called_by=[FuncSign(filename='[REPO_ROOT]/work/django11999_stability/runs/standard/trial_03/orcar_cache/django__django/django/conf/__init__.py', lineno=98, funcname='configure'), FuncSign(filename='[REPO_ROOT]/work/django11999_stability/runs/standard/trial_03/orcar_cache/django__django/django/conf/__init__.py', lineno=82, funcname='__setattr__')])), (FuncSign(filename='[REPO_ROOT]/work/django11999_stability/runs/standard/trial_03/orcar_cache/django__django/django/conf/__init__.py', lineno=237, funcname='__getattr__'), FuncScore(is_same_file_with_key_parent=False, layers_from_key_parent=2, absolute_calling_index=12, absolute_layer=4, called_by=[FuncSign(filename='[REPO_ROOT]/work/django11999_stability/runs/standard/trial_03/orcar_cache/django__django/django/__init__.py', lineno=8, funcname='setup'), FuncSign(filename='[REPO_ROOT]/work/django11999_stability/runs/standard/trial_03/orcar_cache/django__django/django/conf/__init__.py', lineno=74, funcname='__getattr__')])), (FuncSign(filename='[REPO_ROOT]/work/django11999_stability/runs/standard/trial_03/orcar_cache/django__django/django/utils/module_loading.py', lineno=7, funcname='import_string'), FuncScore(is_same_file_with_key_parent=False, layers_from_key_parent=2, absolute_calling_index=16, absolute_layer=4, called_by=[FuncSign(filename='[REPO_ROOT]/work/django11999_stability/runs/standard/trial_03/orcar_cache/django__django/django/__init__.py', lineno=8, funcname='setup'), FuncSign(filename='[REPO_ROOT]/work/django11999_stability/runs/standard/trial_03/orcar_cache/django__django/django/utils/log.py', lineno=66, funcname='configure_logging')])), (FuncSign(filename='[REPO_ROOT]/work/django11999_stability/runs/standard/trial_03/orcar_cache/django__django/django/apps/registry.py', lineno=362, funcname='clear_cache'), FuncScore(is_same_file_with_key_parent=False, layers_from_key_parent=2, absolute_calling_index=837, absolute_layer=4, called_by=[FuncSign(filename='[REPO_ROOT]/work/django11999_stability/runs/standard/trial_03/orcar_cache/django__django/django/__init__.py', lineno=8, funcname='setup'), FuncSign(filename='[REPO_ROOT]/work/django11999_stability/runs/standard/trial_03/orcar_cache/django__django/django/apps/registry.py', lineno=61, funcname='populate')])), (FuncSign(filename='[REPO_ROOT]/work/django11999_stability/runs/standard/trial_03/orcar_cache/django__django/django/apps/registry.py', lineno=142, funcname='get_app_configs'), FuncScore(is_same_file_with_key_parent=False, layers_from_key_parent=2, absolute_calling_index=838, absolute_layer=4, called_by=[FuncSign(filename='[REPO_ROOT]/work/django11999_stability/runs/standard/trial_03/orcar_cache/django__django/django/__init__.py', lineno=8, funcname='setup'), FuncSign(filename='[REPO_ROOT]/work/django11999_stability/runs/standard/trial_03/orcar_cache/django__django/django/apps/registry.py', lineno=61, funcname='populate')])), (FuncSign(filename='[REPO_ROOT]/work/django11999_stability/runs/standard/trial_03/orcar_cache/django__django/django/utils/functional.py', lineno=89, funcname='__init__'), FuncScore(is_same_file_with_key_parent=False, layers_from_key_parent=2, absolute_calling_index=848, absolute_layer=4, called_by=[FuncSign(filename='[REPO_ROOT]/work/django11999_stability/runs/standard/trial_03/orcar_cache/django__django/reproducer_django__django-11999.py', lineno=8, funcname='FooBar'), FuncSign(filename='[REPO_ROOT]/work/django11999_stability/runs/standard/trial_03/orcar_cache/django__django/django/utils/functional.py', lineno=182, funcname='__wrapper__')])), (FuncSign(filename='[REPO_ROOT]/work/django11999_stability/runs/standard/trial_03/orcar_cache/django__django/django/db/models/fields/__init__.py', lineno=131, funcname='__init__'), FuncScore(is_same_file_with_key_parent=False, layers_from_key_parent=2, absolute_calling_index=850, absolute_layer=4, called_by=[FuncSign(filename='[REPO_ROOT]/work/django11999_stability/runs/standard/trial_03/orcar_cache/django__django/reproducer_django__django-11999.py', lineno=8, funcname='FooBar'), FuncSign(filename='[REPO_ROOT]/work/django11999_stability/runs/standard/trial_03/orcar_cache/django__django/django/db/models/fields/__init__.py', lineno=971, funcname='__init__')])), (FuncSign(filename='[REPO_ROOT]/work/django11999_stability/runs/standard/trial_03/orcar_cache/django__django/django/utils/functional.py', lineno=40, funcname='__get__'), FuncScore(is_same_file_with_key_parent=False, layers_from_key_parent=2, absolute_calling_index=946, absolute_layer=4, called_by=[FuncSign(filename='[REPO_ROOT]/work/django11999_stability/runs/standard/trial_03/orcar_cache/django__django/reproducer_django__django-11999.py', lineno=8, funcname='FooBar'), FuncSign(filename='[REPO_ROOT]/work/django11999_stability/runs/standard/trial_03/orcar_cache/django__django/django/db/models/fields/__init__.py', lineno=971, funcname='__init__')])), (FuncSign(filename='[REPO_ROOT]/work/django11999_stability/runs/standard/trial_03/orcar_cache/django__django/django/utils/deconstruct.py', lineno=14, funcname='__new__'), FuncScore(is_same_file_with_key_parent=False, layers_from_key_parent=2, absolute_calling_index=948, absolute_layer=4, called_by=[FuncSign(filename='[REPO_ROOT]/work/django11999_stability/runs/standard/trial_03/orcar_cache/django__django/reproducer_django__django-11999.py', lineno=8, funcname='FooBar'), FuncSign(filename='[REPO_ROOT]/work/django11999_stability/runs/standard/trial_03/orcar_cache/django__django/django/db/models/fields/__init__.py', lineno=971, funcname='__init__')])), (FuncSign(filename='[REPO_ROOT]/work/django11999_stability/runs/standard/trial_03/orcar_cache/django__django/django/core/validators.py', lineno=302, funcname='__init__'), FuncScore(is_same_file_with_key_parent=False, layers_from_key_parent=2, absolute_calling_index=950, absolute_layer=4, called_by=[FuncSign(filename='[REPO_ROOT]/work/django11999_stability/runs/standard/trial_03/orcar_cache/django__django/reproducer_django__django-11999.py', lineno=8, funcname='FooBar'), FuncSign(filename='[REPO_ROOT]/work/django11999_stability/runs/standard/trial_03/orcar_cache/django__django/django/db/models/fields/__init__.py', lineno=971, funcname='__init__')])), (FuncSign(filename='[REPO_ROOT]/work/django11999_stability/runs/standard/trial_03/orcar_cache/django__django/django/utils/log.py', lineno=85, funcname='__init__'), FuncScore(is_same_file_with_key_parent=False, layers_from_key_parent=2, absolute_calling_index=254, absolute_layer=7, called_by=[FuncSign(filename='[REPO_ROOT]/work/django11999_stability/runs/standard/trial_03/orcar_cache/root/miniconda3/envs/django__django__3.1/lib/python3.6/logging/config.py', lineno=493, funcname='configure'), FuncSign(filename='[REPO_ROOT]/work/django11999_stability/runs/standard/trial_03/orcar_cache/root/miniconda3/envs/django__django__3.1/lib/python3.6/logging/config.py', lineno=696, funcname='configure_handler')])), (FuncSign(filename='[REPO_ROOT]/work/django11999_stability/runs/standard/trial_03/orcar_cache/django__django/django/apps/registry.py', lineno=127, funcname='check_apps_ready'), FuncScore(is_same_file_with_key_parent=False, layers_from_key_parent=3, absolute_calling_index=839, absolute_layer=5, called_by=[FuncSign(filename='[REPO_ROOT]/work/django11999_stability/runs/standard/trial_03/orcar_cache/django__django/django/__init__.py', lineno=8, funcname='setup'), FuncSign(filename='[REPO_ROOT]/work/django11999_stability/runs/standard/trial_03/orcar_cache/django__django/django/apps/registry.py', lineno=61, funcname='populate'), FuncSign(filename='[REPO_ROOT]/work/django11999_stability/runs/standard/trial_03/orcar_cache/django__django/django/apps/registry.py', lineno=142, funcname='get_app_configs')])), (FuncSign(filename='[REPO_ROOT]/work/django11999_stability/runs/standard/trial_03/orcar_cache/django__django/django/db/models/fields/__init__.py', lineno=583, funcname='validators'), FuncScore(is_same_file_with_key_parent=False, layers_from_key_parent=3, absolute_calling_index=947, absolute_layer=5, called_by=[FuncSign(filename='[REPO_ROOT]/work/django11999_stability/runs/standard/trial_03/orcar_cache/django__django/reproducer_django__django-11999.py', lineno=8, funcname='FooBar'), FuncSign(filename='[REPO_ROOT]/work/django11999_stability/runs/standard/trial_03/orcar_cache/django__django/django/db/models/fields/__init__.py', lineno=971, funcname='__init__'), FuncSign(filename='[REPO_ROOT]/work/django11999_stability/runs/standard/trial_03/orcar_cache/django__django/django/utils/functional.py', lineno=40, funcname='__get__')])), (FuncSign(filename='[REPO_ROOT]/work/django11999_stability/runs/standard/trial_03/orcar_cache/django__django/django/utils/log.py', lineno=163, funcname='__init__'), FuncScore(is_same_file_with_key_parent=False, layers_from_key_parent=3, absolute_calling_index=73, absolute_layer=8, called_by=[FuncSign(filename='[REPO_ROOT]/work/django11999_stability/runs/standard/trial_03/orcar_cache/root/miniconda3/envs/django__django__3.1/lib/python3.6/logging/config.py', lineno=493, funcname='configure'), FuncSign(filename='[REPO_ROOT]/work/django11999_stability/runs/standard/trial_03/orcar_cache/root/miniconda3/envs/django__django__3.1/lib/python3.6/logging/config.py', lineno=651, funcname='configure_formatter'), FuncSign(filename='[REPO_ROOT]/work/django11999_stability/runs/standard/trial_03/orcar_cache/root/miniconda3/envs/django__django__3.1/lib/python3.6/logging/config.py', lineno=467, funcname='configure_custom')]))]
[2026-07-29 15:06:18,477 - Orcar.code_scorer - INFO] Total batch chat time: 21.85s
[2026-07-29 15:06:18,477 - Orcar.code_scorer - INFO] in_token_cnt=421 out_token_cnt=1
[2026-07-29 15:06:18,477 - Orcar.code_scorer - INFO] in_token_cnt=433 out_token_cnt=1
[2026-07-29 15:06:18,478 - Orcar.code_scorer - INFO] in_token_cnt=355 out_token_cnt=1
[2026-07-29 15:06:18,478 - Orcar.code_scorer - INFO] in_token_cnt=380 out_token_cnt=1
[2026-07-29 15:06:18,478 - Orcar.code_scorer - INFO] in_token_cnt=382 out_token_cnt=1
[2026-07-29 15:06:18,478 - Orcar.code_scorer - INFO] in_token_cnt=364 out_token_cnt=1
[2026-07-29 15:06:18,478 - Orcar.code_scorer - INFO] in_token_cnt=363 out_token_cnt=1
[2026-07-29 15:06:18,478 - Orcar.code_scorer - INFO] in_token_cnt=338 out_token_cnt=1
[2026-07-29 15:06:18,478 - Orcar.code_scorer - INFO] in_token_cnt=729 out_token_cnt=1
[2026-07-29 15:06:18,478 - Orcar.code_scorer - INFO] in_token_cnt=337 out_token_cnt=1
[2026-07-29 15:06:18,478 - Orcar.code_scorer - INFO] in_token_cnt=335 out_token_cnt=1
[2026-07-29 15:06:18,478 - Orcar.code_scorer - INFO] in_token_cnt=377 out_token_cnt=1
[2026-07-29 15:06:18,478 - Orcar.code_scorer - INFO] in_token_cnt=343 out_token_cnt=1
[2026-07-29 15:06:18,478 - Orcar.code_scorer - INFO] in_token_cnt=448 out_token_cnt=1
[2026-07-29 15:06:18,478 - Orcar.code_scorer - INFO] in_token_cnt=432 out_token_cnt=1
[2026-07-29 15:06:18,479 - Orcar.code_scorer - INFO] in_token_cnt=335 out_token_cnt=1
[2026-07-29 15:06:18,479 - Orcar.code_scorer - INFO] in_token_cnt=351 out_token_cnt=1
[2026-07-29 15:06:18,479 - Orcar.code_scorer - INFO] in_token_cnt=747 out_token_cnt=1
[2026-07-29 15:06:18,479 - Orcar.code_scorer - INFO] in_token_cnt=388 out_token_cnt=1
[2026-07-29 15:06:18,479 - Orcar.code_scorer - INFO] in_token_cnt=357 out_token_cnt=1
[2026-07-29 15:06:18,479 - Orcar.code_scorer - INFO] in_token_cnt=335 out_token_cnt=1
[2026-07-29 15:06:18,479 - Orcar.code_scorer - INFO] in_token_cnt=362 out_token_cnt=1
[2026-07-29 15:06:18,479 - Orcar.code_scorer - INFO] in_token_cnt=398 out_token_cnt=1
[2026-07-29 15:06:18,479 - Orcar.code_scorer - INFO] in_token_cnt=360 out_token_cnt=1
[2026-07-29 15:06:18,479 - Orcar.code_scorer - INFO] in_token_cnt=338 out_token_cnt=1
[2026-07-29 15:06:18,479 - Orcar.tracer_reranker - INFO] Func 01/25
[2026-07-29 15:06:18,480 - Orcar.tracer_reranker - INFO] filename='[REPO_ROOT]/work/django11999_stability/runs/standard/trial_03/orcar_cache/django__django/django/conf/__init__.py' lineno=98 funcname='configure' classname='LazySettings'
[2026-07-29 15:06:18,480 - Orcar.tracer_reranker - INFO] LLM score: 2 / 100
[2026-07-29 15:06:18,480 - Orcar.tracer_reranker - INFO]     def configure(self, default_settings=global_settings, **options):
        """
        Called to manually configure the settings. The 'default_settings'
        parameter sets where to retrieve any unspecified values from (its
        argument must support attribute access (__getattr__)).
        """
        if self._wrapped is not empty:
            raise RuntimeError('Settings already configured.')
        holder = UserSettingsHolder(default_settings)
        for name, value in options.items():
            if not name.isupper():
                raise TypeError('Setting %r must be uppercase.' % name)
            setattr(holder, name, value)
        self._wrapped = holder

[2026-07-29 15:06:18,480 - Orcar.tracer_reranker - INFO] Func 02/25
[2026-07-29 15:06:18,480 - Orcar.tracer_reranker - INFO] filename='[REPO_ROOT]/work/django11999_stability/runs/standard/trial_03/orcar_cache/django__django/django/__init__.py' lineno=8 funcname='setup' classname=''
[2026-07-29 15:06:18,480 - Orcar.tracer_reranker - INFO] LLM score: 5 / 100
[2026-07-29 15:06:18,480 - Orcar.tracer_reranker - INFO] def setup(set_prefix=True):
    """
    Configure the settings (this happens as a side effect of accessing the
    first setting), configure logging and populate the app registry.
    Set the thread-local urlresolvers script prefix if `set_prefix` is True.
    """
    from django.apps import apps
    from django.conf import settings
    from django.urls import set_script_prefix
    from django.utils.log import configure_logging

    configure_logging(settings.LOGGING_CONFIG, settings.LOGGING)
    if set_prefix:
        set_script_prefix(
            '/' if settings.FORCE_SCRIPT_NAME is None else settings.FORCE_SCRIPT_NAME
        )
    apps.populate(settings.INSTALLED_APPS)

[2026-07-29 15:06:18,480 - Orcar.tracer_reranker - INFO] Func 03/25
[2026-07-29 15:06:18,480 - Orcar.tracer_reranker - INFO] filename='[REPO_ROOT]/work/django11999_stability/runs/standard/trial_03/orcar_cache/django__django/django/conf/__init__.py' lineno=229 funcname='__init__' classname='UserSettingsHolder'
[2026-07-29 15:06:18,480 - Orcar.tracer_reranker - INFO] LLM score: 1 / 100
[2026-07-29 15:06:18,480 - Orcar.tracer_reranker - INFO]     def __init__(self, default_settings):
        """
        Requests for configuration variables not in this class are satisfied
        from the module specified in default_settings (if possible).
        """
        self.__dict__['_deleted'] = set()
        self.default_settings = default_settings

[2026-07-29 15:06:18,481 - Orcar.tracer_reranker - INFO] Func 04/25
[2026-07-29 15:06:18,481 - Orcar.tracer_reranker - INFO] filename='[REPO_ROOT]/work/django11999_stability/runs/standard/trial_03/orcar_cache/django__django/django/conf/__init__.py' lineno=242 funcname='__setattr__' classname='UserSettingsHolder'
[2026-07-29 15:06:18,481 - Orcar.tracer_reranker - INFO] LLM score: 0 / 100
[2026-07-29 15:06:18,481 - Orcar.tracer_reranker - INFO]     def __setattr__(self, name, value):
        self._deleted.discard(name)
        if name == 'PASSWORD_RESET_TIMEOUT_DAYS':
            setattr(self, 'PASSWORD_RESET_TIMEOUT', value * 60 * 60 * 24)
            warnings.warn(PASSWORD_RESET_TIMEOUT_DAYS_DEPRECATED_MSG, RemovedInDjango40Warning)
        super().__setattr__(name, value)

[2026-07-29 15:06:18,481 - Orcar.tracer_reranker - INFO] Func 05/25
[2026-07-29 15:06:18,481 - Orcar.tracer_reranker - INFO] filename='[REPO_ROOT]/work/django11999_stability/runs/standard/trial_03/orcar_cache/django__django/django/conf/__init__.py' lineno=82 funcname='__setattr__' classname='LazySettings'
[2026-07-29 15:06:18,481 - Orcar.tracer_reranker - INFO] LLM score: 3 / 100
[2026-07-29 15:06:18,481 - Orcar.tracer_reranker - INFO]     def __setattr__(self, name, value):
        """
        Set the value of setting. Clear all cached values if _wrapped changes
        (@override_settings does this) or clear single values when set.
        """
        if name == '_wrapped':
            self.__dict__.clear()
        else:
            self.__dict__.pop(name, None)
        super().__setattr__(name, value)

[2026-07-29 15:06:18,481 - Orcar.tracer_reranker - INFO] Func 06/25
[2026-07-29 15:06:18,481 - Orcar.tracer_reranker - INFO] filename='[REPO_ROOT]/work/django11999_stability/runs/standard/trial_03/orcar_cache/django__django/django/conf/__init__.py' lineno=74 funcname='__getattr__' classname='LazySettings'
[2026-07-29 15:06:18,481 - Orcar.tracer_reranker - INFO] LLM score: 1 / 100
[2026-07-29 15:06:18,481 - Orcar.tracer_reranker - INFO]     def __getattr__(self, name):
        """Return the value of a setting and cache it in self.__dict__."""
        if self._wrapped is empty:
            self._setup(name)
        val = getattr(self._wrapped, name)
        self.__dict__[name] = val
        return val

[2026-07-29 15:06:18,481 - Orcar.tracer_reranker - INFO] Func 07/25
[2026-07-29 15:06:18,481 - Orcar.tracer_reranker - INFO] filename='[REPO_ROOT]/work/django11999_stability/runs/standard/trial_03/orcar_cache/django__django/django/utils/log.py' lineno=66 funcname='configure_logging' classname=''
[2026-07-29 15:06:18,482 - Orcar.tracer_reranker - INFO] LLM score: 5 / 100
[2026-07-29 15:06:18,482 - Orcar.tracer_reranker - INFO] def configure_logging(logging_config, logging_settings):
    if logging_config:
        # First find the logging configuration function ...
        logging_config_func = import_string(logging_config)

        logging.config.dictConfig(DEFAULT_LOGGING)

        # ... then invoke it with the logging settings
        if logging_settings:
            logging_config_func(logging_settings)

[2026-07-29 15:06:18,482 - Orcar.tracer_reranker - INFO] Func 08/25
[2026-07-29 15:06:18,482 - Orcar.tracer_reranker - INFO] filename='[REPO_ROOT]/work/django11999_stability/runs/standard/trial_03/orcar_cache/django__django/django/urls/base.py' lineno=99 funcname='set_script_prefix' classname=''
[2026-07-29 15:06:18,482 - Orcar.tracer_reranker - INFO] LLM score: 5 / 100
[2026-07-29 15:06:18,482 - Orcar.tracer_reranker - INFO] def set_script_prefix(prefix):
    """
    Set the script prefix for the current thread.
    """
    if not prefix.endswith('/'):
        prefix += '/'
    _prefixes.value = prefix

[2026-07-29 15:06:18,482 - Orcar.tracer_reranker - INFO] Func 09/25
[2026-07-29 15:06:18,482 - Orcar.tracer_reranker - INFO] filename='[REPO_ROOT]/work/django11999_stability/runs/standard/trial_03/orcar_cache/django__django/django/apps/registry.py' lineno=61 funcname='populate' classname='Apps'
[2026-07-29 15:06:18,482 - Orcar.tracer_reranker - INFO] LLM score: 8 / 100
[2026-07-29 15:06:18,482 - Orcar.tracer_reranker - INFO]     def populate(self, installed_apps=None):
        """
        Load application configurations and models.

        Import each application module and then each model module.

        It is thread-safe and idempotent, but not reentrant.
        """
        if self.ready:
            return

        # populate() might be called by two threads in parallel on servers
        # that create threads before initializing the WSGI callable.
        with self._lock:
            if self.ready:
                return

            # An RLock prevents other threads from entering this section. The
            # compare and set operation below is atomic.
            if self.loading:
                # Prevent reentrant calls to avoid running AppConfig.ready()
                # methods twice.
                raise RuntimeError("populate() isn't reentrant")
            self.loading = True

            # Phase 1: initialize app configs and import app modules.
            for entry in installed_apps:
                if isinstance(entry, AppConfig):
                    app_config = entry
                else:
                    app_config = AppConfig.create(entry)
                if app_config.label in self.app_configs:
                    raise ImproperlyConfigured(
                        "Application labels aren't unique, "
                        "duplicates: %s" % app_config.label)

                self.app_configs[app_config.label] = app_config
                app_config.apps = self

            # Check for duplicate app names.
            counts = Counter(
                app_config.name for app_config in self.app_configs.values())
            duplicates = [
                name for name, count in counts.most_common() if count > 1]
            if duplicates:
                raise ImproperlyConfigured(
                    "Application names aren't unique, "
                    "duplicates: %s" % ", ".join(duplicates))

            self.apps_ready = True

            # Phase 2: import models modules.
            for app_config in self.app_configs.values():
                app_config.import_models()

            self.clear_cache()

            self.models_ready = True

            # Phase 3: run ready() methods of app configs.
            for app_config in self.get_app_configs():
                app_config.ready()

            self.ready = True
            self.ready_event.set()

[2026-07-29 15:06:18,482 - Orcar.tracer_reranker - INFO] Func 10/25
[2026-07-29 15:06:18,482 - Orcar.tracer_reranker - INFO] filename='[REPO_ROOT]/work/django11999_stability/runs/standard/trial_03/orcar_cache/django__django/django/utils/functional.py' lineno=182 funcname='__wrapper__' classname='__proxy__'
[2026-07-29 15:06:18,482 - Orcar.tracer_reranker - INFO] LLM score: 12 / 100
[2026-07-29 15:06:18,482 - Orcar.tracer_reranker - INFO]     @wraps(func)
    def __wrapper__(*args, **kw):
        # Creates the proxy object, instead of the actual value.
        return __proxy__(args, kw)

[2026-07-29 15:06:18,482 - Orcar.tracer_reranker - INFO] Func 11/25
[2026-07-29 15:06:18,482 - Orcar.tracer_reranker - INFO] filename='[REPO_ROOT]/work/django11999_stability/runs/standard/trial_03/orcar_cache/django__django/django/db/models/fields/__init__.py' lineno=971 funcname='__init__' classname='CharField'
[2026-07-29 15:06:18,483 - Orcar.tracer_reranker - INFO] LLM score: 12 / 100
[2026-07-29 15:06:18,483 - Orcar.tracer_reranker - INFO]     def __init__(self, *args, **kwargs):
        super().__init__(*args, **kwargs)
        self.validators.append(validators.MaxLengthValidator(self.max_length))

[2026-07-29 15:06:18,483 - Orcar.tracer_reranker - INFO] Func 12/25
[2026-07-29 15:06:18,483 - Orcar.tracer_reranker - INFO] filename='[REPO_ROOT]/work/django11999_stability/runs/standard/trial_03/orcar_cache/django__django/django/utils/functional.py' lineno=260 funcname='__setattr__' classname='LazyObject'
[2026-07-29 15:06:18,483 - Orcar.tracer_reranker - INFO] LLM score: 12 / 100
[2026-07-29 15:06:18,483 - Orcar.tracer_reranker - INFO]     def __setattr__(self, name, value):
        if name == "_wrapped":
            # Assign to __dict__ to avoid infinite __setattr__ loops.
            self.__dict__["_wrapped"] = value
        else:
            if self._wrapped is empty:
                self._setup()
            setattr(self._wrapped, name, value)

[2026-07-29 15:06:18,483 - Orcar.tracer_reranker - INFO] Func 13/25
[2026-07-29 15:06:18,483 - Orcar.tracer_reranker - INFO] filename='[REPO_ROOT]/work/django11999_stability/runs/standard/trial_03/orcar_cache/django__django/django/conf/__init__.py' lineno=237 funcname='__getattr__' classname='UserSettingsHolder'
[2026-07-29 15:06:18,483 - Orcar.tracer_reranker - INFO] LLM score: 5 / 100
[2026-07-29 15:06:18,483 - Orcar.tracer_reranker - INFO]     def __getattr__(self, name):
        if not name.isupper() or name in self._deleted:
            raise AttributeError
        return getattr(self.default_settings, name)

[2026-07-29 15:06:18,483 - Orcar.tracer_reranker - INFO] Func 14/25
[2026-07-29 15:06:18,483 - Orcar.tracer_reranker - INFO] filename='[REPO_ROOT]/work/django11999_stability/runs/standard/trial_03/orcar_cache/django__django/django/utils/module_loading.py' lineno=7 funcname='import_string' classname=''
[2026-07-29 15:06:18,483 - Orcar.tracer_reranker - INFO] LLM score: 5 / 100
[2026-07-29 15:06:18,483 - Orcar.tracer_reranker - INFO] def import_string(dotted_path):
    """
    Import a dotted module path and return the attribute/class designated by the
    last name in the path. Raise ImportError if the import failed.
    """
    try:
        module_path, class_name = dotted_path.rsplit('.', 1)
    except ValueError as err:
        raise ImportError("%s doesn't look like a module path" % dotted_path) from err

    module = import_module(module_path)

    try:
        return getattr(module, class_name)
    except AttributeError as err:
        raise ImportError('Module "%s" does not define a "%s" attribute/class' % (
            module_path, class_name)
        ) from err

[2026-07-29 15:06:18,484 - Orcar.tracer_reranker - INFO] Func 15/25
[2026-07-29 15:06:18,484 - Orcar.tracer_reranker - INFO] filename='[REPO_ROOT]/work/django11999_stability/runs/standard/trial_03/orcar_cache/django__django/django/apps/registry.py' lineno=362 funcname='clear_cache' classname='Apps'
[2026-07-29 15:06:18,484 - Orcar.tracer_reranker - INFO] LLM score: 5 / 100
[2026-07-29 15:06:18,484 - Orcar.tracer_reranker - INFO]     def clear_cache(self):
        """
        Clear all internal caches, for methods that alter the app registry.

        This is mostly used in tests.
        """
        # Call expire cache on each model. This will purge
        # the relation tree and the fields cache.
        self.get_models.cache_clear()
        if self.ready:
            # Circumvent self.get_models() to prevent that the cache is refilled.
            # This particularly prevents that an empty value is cached while cloning.
            for app_config in self.app_configs.values():
                for model in app_config.get_models(include_auto_created=True):
                    model._meta._expire_cache()

[2026-07-29 15:06:18,484 - Orcar.tracer_reranker - INFO] Func 16/25
[2026-07-29 15:06:18,484 - Orcar.tracer_reranker - INFO] filename='[REPO_ROOT]/work/django11999_stability/runs/standard/trial_03/orcar_cache/django__django/django/apps/registry.py' lineno=142 funcname='get_app_configs' classname='Apps'
[2026-07-29 15:06:18,484 - Orcar.tracer_reranker - INFO] LLM score: 9 / 100
[2026-07-29 15:06:18,484 - Orcar.tracer_reranker - INFO]     def get_app_configs(self):
        """Import applications and return an iterable of app configs."""
        self.check_apps_ready()
        return self.app_configs.values()

[2026-07-29 15:06:18,484 - Orcar.tracer_reranker - INFO] Func 17/25
[2026-07-29 15:06:18,484 - Orcar.tracer_reranker - INFO] filename='[REPO_ROOT]/work/django11999_stability/runs/standard/trial_03/orcar_cache/django__django/django/utils/functional.py' lineno=89 funcname='__init__' classname='__proxy__'
[2026-07-29 15:06:18,484 - Orcar.tracer_reranker - INFO] LLM score: 8 / 100
[2026-07-29 15:06:18,484 - Orcar.tracer_reranker - INFO]         def __init__(self, args, kw):
            self.__args = args
            self.__kw = kw
            if not self.__prepared:
                self.__prepare_class__()
            self.__class__.__prepared = True

[2026-07-29 15:06:18,484 - Orcar.tracer_reranker - INFO] Func 18/25
[2026-07-29 15:06:18,484 - Orcar.tracer_reranker - INFO] filename='[REPO_ROOT]/work/django11999_stability/runs/standard/trial_03/orcar_cache/django__django/django/db/models/fields/__init__.py' lineno=131 funcname='__init__' classname='Field'
[2026-07-29 15:06:18,484 - Orcar.tracer_reranker - INFO] LLM score: 4 / 100
[2026-07-29 15:06:18,485 - Orcar.tracer_reranker - INFO]     def __init__(self, verbose_name=None, name=None, primary_key=False,
                 max_length=None, unique=False, blank=False, null=False,
                 db_index=False, rel=None, default=NOT_PROVIDED, editable=True,
                 serialize=True, unique_for_date=None, unique_for_month=None,
                 unique_for_year=None, choices=None, help_text='', db_column=None,
                 db_tablespace=None, auto_created=False, validators=(),
                 error_messages=None):
        self.name = name
        self.verbose_name = verbose_name  # May be set by set_attributes_from_name
        self._verbose_name = verbose_name  # Store original for deconstruction
        self.primary_key = primary_key
        self.max_length, self._unique = max_length, unique
        self.blank, self.null = blank, null
        self.remote_field = rel
        self.is_relation = self.remote_field is not None
        self.default = default
        self.editable = editable
        self.serialize = serialize
        self.unique_for_date = unique_for_date
        self.unique_for_month = unique_for_month
        self.unique_for_year = unique_for_year
        if isinstance(choices, collections.abc.Iterator):
            choices = list(choices)
        self.choices = choices
        self.help_text = help_text
        self.db_index = db_index
        self.db_column = db_column
        self._db_tablespace = db_tablespace
        self.auto_created = auto_created

        # Adjust the appropriate creation counter, and save our local copy.
        if auto_created:
            self.creation_counter = Field.auto_creation_counter
            Field.auto_creation_counter -= 1
        else:
            self.creation_counter = Field.creation_counter
            Field.creation_counter += 1

        self._validators = list(validators)  # Store for deconstruction later

        messages = {}
        for c in reversed(self.__class__.__mro__):
            messages.update(getattr(c, 'default_error_messages', {}))
        messages.update(error_messages or {})
        self._error_messages = error_messages  # Store for deconstruction later
        self.error_messages = messages

[2026-07-29 15:06:18,485 - Orcar.tracer_reranker - INFO] Func 19/25
[2026-07-29 15:06:18,485 - Orcar.tracer_reranker - INFO] filename='[REPO_ROOT]/work/django11999_stability/runs/standard/trial_03/orcar_cache/django__django/django/utils/functional.py' lineno=40 funcname='__get__' classname='cached_property'
[2026-07-29 15:06:18,485 - Orcar.tracer_reranker - INFO] LLM score: 86 / 100
[2026-07-29 15:06:18,485 - Orcar.tracer_reranker - INFO]     def __get__(self, instance, cls=None):
        """
        Call the function and put the return value in instance.__dict__ so that
        subsequent attribute access on the instance returns the cached value
        instead of calling cached_property.__get__().
        """
        if instance is None:
            return self
        res = instance.__dict__[self.name] = self.func(instance)
        return res

[2026-07-29 15:06:18,485 - Orcar.tracer_reranker - INFO] Func 20/25
[2026-07-29 15:06:18,485 - Orcar.tracer_reranker - INFO] filename='[REPO_ROOT]/work/django11999_stability/runs/standard/trial_03/orcar_cache/django__django/django/utils/deconstruct.py' lineno=14 funcname='__new__' classname=''
[2026-07-29 15:06:18,485 - Orcar.tracer_reranker - INFO] LLM score: 8 / 100
[2026-07-29 15:06:18,485 - Orcar.tracer_reranker - INFO]         def __new__(cls, *args, **kwargs):
            # We capture the arguments to make returning them trivial
            obj = super(klass, cls).__new__(cls)
            obj._constructor_args = (args, kwargs)
            return obj

[2026-07-29 15:06:18,485 - Orcar.tracer_reranker - INFO] Func 21/25
[2026-07-29 15:06:18,485 - Orcar.tracer_reranker - INFO] filename='[REPO_ROOT]/work/django11999_stability/runs/standard/trial_03/orcar_cache/django__django/django/core/validators.py' lineno=302 funcname='__init__' classname='BaseValidator'
[2026-07-29 15:06:18,485 - Orcar.tracer_reranker - INFO] LLM score: 5 / 100
[2026-07-29 15:06:18,485 - Orcar.tracer_reranker - INFO]     def __init__(self, limit_value, message=None):
        self.limit_value = limit_value
        if message:
            self.message = message

[2026-07-29 15:06:18,486 - Orcar.tracer_reranker - INFO] Func 22/25
[2026-07-29 15:06:18,486 - Orcar.tracer_reranker - INFO] filename='[REPO_ROOT]/work/django11999_stability/runs/standard/trial_03/orcar_cache/django__django/django/utils/log.py' lineno=85 funcname='__init__' classname='AdminEmailHandler'
[2026-07-29 15:06:18,486 - Orcar.tracer_reranker - INFO] LLM score: 3 / 100
[2026-07-29 15:06:18,486 - Orcar.tracer_reranker - INFO]     def __init__(self, include_html=False, email_backend=None, reporter_class=None):
        super().__init__()
        self.include_html = include_html
        self.email_backend = email_backend
        self.reporter_class = import_string(reporter_class or 'django.views.debug.ExceptionReporter')

[2026-07-29 15:06:18,486 - Orcar.tracer_reranker - INFO] Func 23/25
[2026-07-29 15:06:18,486 - Orcar.tracer_reranker - INFO] filename='[REPO_ROOT]/work/django11999_stability/runs/standard/trial_03/orcar_cache/django__django/django/apps/registry.py' lineno=127 funcname='check_apps_ready' classname='Apps'
[2026-07-29 15:06:18,486 - Orcar.tracer_reranker - INFO] LLM score: 1 / 100
[2026-07-29 15:06:18,486 - Orcar.tracer_reranker - INFO]     def check_apps_ready(self):
        """Raise an exception if all apps haven't been imported yet."""
        if not self.apps_ready:
            from django.conf import settings
            # If "not ready" is due to unconfigured settings, accessing
            # INSTALLED_APPS raises a more helpful ImproperlyConfigured
            # exception.
            settings.INSTALLED_APPS
            raise AppRegistryNotReady("Apps aren't loaded yet.")

[2026-07-29 15:06:18,486 - Orcar.tracer_reranker - INFO] Func 24/25
[2026-07-29 15:06:18,486 - Orcar.tracer_reranker - INFO] filename='[REPO_ROOT]/work/django11999_stability/runs/standard/trial_03/orcar_cache/django__django/django/db/models/fields/__init__.py' lineno=583 funcname='validators' classname='Field'
[2026-07-29 15:06:18,486 - Orcar.tracer_reranker - INFO] LLM score: 5 / 100
[2026-07-29 15:06:18,486 - Orcar.tracer_reranker - INFO]     @cached_property
    def validators(self):
        """
        Some validators can't be created at field initialization time.
        This method provides a way to delay their creation until required.
        """
        return [*self.default_validators, *self._validators]

[2026-07-29 15:06:18,486 - Orcar.tracer_reranker - INFO] Func 25/25
[2026-07-29 15:06:18,486 - Orcar.tracer_reranker - INFO] filename='[REPO_ROOT]/work/django11999_stability/runs/standard/trial_03/orcar_cache/django__django/django/utils/log.py' lineno=163 funcname='__init__' classname='ServerFormatter'
[2026-07-29 15:06:18,487 - Orcar.tracer_reranker - INFO] LLM score: 1 / 100
[2026-07-29 15:06:18,487 - Orcar.tracer_reranker - INFO]     def __init__(self, *args, **kwargs):
        self.style = color_style()
        super().__init__(*args, **kwargs)

[2026-07-29 15:06:18,487 - Orcar.code_scorer - INFO] Total Scorer cnt         : in  10008 tokens, out     25 tokens
[2026-07-29 15:06:18,487 - Orcar.tracer_reranker - INFO] ['configure', 'setup', '__init__', '__setattr__', '__setattr__', '__getattr__', 'configure_logging', 'set_script_prefix', 'populate', '__wrapper__', '__init__', '__setattr__', '__getattr__', 'import_string', 'clear_cache', 'get_app_configs', '__init__', '__init__', '__get__', '__new__', '__init__', '__init__', 'check_apps_ready', 'validators', '__init__']
[2026-07-29 15:06:18,487 - Orcar.tracer_reranker - INFO] ----------------Before sort-----------------------
[2026-07-29 15:06:18,487 - Orcar.tracer_reranker - INFO] [('configure', 2), ('setup', 5), ('__init__', 1), ('__setattr__', 0), ('__setattr__', 3), ('__getattr__', 1), ('configure_logging', 5), ('set_script_prefix', 5), ('populate', 8), ('__wrapper__', 12), ('__init__', 12), ('__setattr__', 12), ('__getattr__', 5), ('import_string', 5), ('clear_cache', 5), ('get_app_configs', 9), ('__init__', 8), ('__init__', 4), ('__get__', 86), ('__new__', 8), ('__init__', 5), ('__init__', 3), ('check_apps_ready', 1), ('validators', 5), ('__init__', 1)]
[2026-07-29 15:06:18,488 - Orcar.tracer_reranker - INFO] ----------------After sort------------------------
[2026-07-29 15:06:18,488 - Orcar.tracer_reranker - INFO] [('__get__', 86), ('setup', 5), ('configure', 2), ('__setattr__', 3), ('__init__', 1), ('__setattr__', 0), ('__wrapper__', 12), ('__init__', 12), ('populate', 8), ('configure_logging', 5), ('set_script_prefix', 5), ('__getattr__', 1), ('__setattr__', 12), ('get_app_configs', 9), ('__init__', 8), ('__new__', 8), ('__getattr__', 5), ('import_string', 5), ('clear_cache', 5), ('__init__', 5), ('__init__', 4), ('__init__', 3), ('validators', 5), ('check_apps_ready', 1), ('__init__', 1)]
[2026-07-29 15:06:18,488 - Orcar.tracer_reranker - INFO] ----------------After filter------------------------
[2026-07-29 15:06:18,488 - Orcar.tracer_reranker - INFO] [('__get__', 86)]
[2026-07-29 15:06:18,488 - Orcar.trace_analysis_agent - INFO] After limit size & parse: [CodeInfoWithClass(keyword='__get__', file_path='django/utils/functional.py', class_name='cached_property')]
[2026-07-29 15:06:18,490 - Orcar.trace_analysis_agent - INFO] slice                    : in    989 tokens, out    125 tokens
[2026-07-29 15:06:18,490 - Orcar.trace_analysis_agent - INFO] reproduce_judge          : in   1042 tokens, out    201 tokens
[2026-07-29 15:06:18,490 - Orcar.trace_analysis_agent - INFO] reproduce_judge          : in    830 tokens, out     19 tokens
[2026-07-29 15:06:18,490 - Orcar.trace_analysis_agent - INFO] reproduce_code_parse     : in    733 tokens, out    171 tokens
[2026-07-29 15:06:18,490 - Orcar.trace_analysis_agent - INFO] reproduce_log_parse      : in    775 tokens, out      9 tokens
[2026-07-29 15:06:18,490 - Orcar.trace_analysis_agent - INFO] tracer_rerank            : in  10008 tokens, out     25 tokens
[2026-07-29 15:06:18,490 - Orcar.trace_analysis_agent - INFO] Total cnt                : in  14377 tokens, out    550 tokens
[2026-07-29 15:06:18,491 - Orcar.agent - INFO] Raw Trace Analysis output:
[2026-07-29 15:06:18,491 - Orcar.agent - INFO] summary='' suspicious_code=[CodeInfo(keyword='settings', file_path=''), CodeInfo(keyword='models', file_path=''), CodeInfo(keyword='Meta', file_path=''), CodeInfo(keyword='get_foo_bar_display', file_path=''), CodeInfo(keyword='setup', file_path=''), CodeInfo(keyword='gettext_lazy', file_path=''), CodeInfo(keyword='__str__', file_path=''), CodeInfo(keyword='configure', file_path=''), CodeInfo(keyword='FooBar', file_path='')] suspicious_code_from_tracer=[CodeInfoWithClass(keyword='__get__', file_path='django/utils/functional.py', class_name='cached_property')] related_source_code='' is_reproduce_pass=True reproduce_code='from django.conf import settings\nsettings.configure(INSTALLED_APPS=[], SECRET_KEY=\'x\')\nimport django\ndjango.setup()\nfrom django.db import models\nfrom django.utils.translation import gettext_lazy as _\n\nclass FooBar(models.Model):\n    foo_bar = models.CharField(_("foo"), choices=[(1, \'foo\'), (2, \'bar\')])\n\n    class Meta:\n        app_label = \'tests\'\n\n    def __str__(self):\n        return self.get_foo_bar_display()  # This returns \'foo\' or \'bar\' in 2.2, but \'something\' in 2.1\n\n    def get_foo_bar_display(self):\n        return \'something\'\n\nobj = FooBar(foo_bar=1)\nprint(obj.get_foo_bar_display())' env_reproduce_path='/django__django/reproducer_django__django-11999.py'
[2026-07-29 15:06:18,492 - Orcar.agent - INFO] Current container subprocess: 1182825
[2026-07-29 15:06:28,557 - Orcar.search_agent - INFO] Configuration loaded from [REPO_ROOT]/work/django11999_stability/runs/standard/trial_03/OrcaLoca/Orcar/search.cfg
[2026-07-29 15:06:28,558 - Orcar.formatter - INFO] Found tokenizer for model 'gpt-5.4-mini'
[2026-07-29 15:06:28,569 - Orcar.search_agent - DEBUG] Search content: []
[2026-07-29 15:06:28,569 - Orcar.search_agent - INFO] Search cache: []
[2026-07-29 15:06:38,964 - Orcar.search_agent - INFO] in_token_cnt=2648 out_token_cnt=498
[2026-07-29 15:06:38,965 - Orcar.search_agent - INFO] Chat response: assistant: {"observation_feedback":"The reported regression is about Django model field display methods no longer being overrideable in 2.2+, and the tracer points at descriptor lookup via __get__. The most likely code path is the model field choices display helper and the model attribute/descriptor machinery that resolves get_FOO_display. We need to inspect the model options/field implementation and the descriptor or cached method generation around __get__ to see where the override started being bypassed.","potential_bug_locations":[{"file_path":"django/db/models/fields/__init__.py","class_name":"Field","method_name":"contribute_to_class"},{"file_path":"django/db/models/base.py","class_name":"ModelBase","method_name":"__new__"},{"file_path":"django/db/models/base.py","class_name":"Model","method_name":"__getattribute__"}],"new_search_actions":[{"action":"search_class","action_input":{"class_name":"Field","file_path":"django/db/models/fields/__init__.py"}},{"action":"search_class","action_input":{"class_name":"ModelBase","file_path":"django/db/models/base.py"}},{"action":"search_class","action_input":{"class_name":"Model","file_path":"django/db/models/base.py"}}]}{"observation_feedback":"The reported regression is about Django model field display methods no longer being overrideable in 2.2+, and the tracer points at descriptor lookup via __get__. The most likely code path is the model field choices display helper and the model attribute/descriptor machinery that resolves get_FOO_display. We need to inspect the model options/field implementation and the descriptor or cached method generation around __get__ to see where the override started being bypassed.","potential_bug_locations":[{"file_path":"django/db/models/fields/__init__.py","class_name":"Field","method_name":"contribute_to_class"},{"file_path":"django/db/models/base.py","class_name":"ModelBase","method_name":"__new__"},{"file_path":"django/db/models/base.py","class_name":"Model","method_name":"__getattribute__"}],"new_search_actions":[{"action":"search_class","action_input":{"class_name":"Field","file_path":"django/db/models/fields/__init__.py"}},{"action":"search_class","action_input":{"class_name":"ModelBase","file_path":"django/db/models/base.py"}},{"action":"search_class","action_input":{"class_name":"Model","file_path":"django/db/models/base.py"}}]}
[2026-07-29 15:06:38,966 - action_history - DEBUG] Action history: 
 SearchActionHistory(
  Search Action: search_method_in_class
Search Action Input: {'class_name': 'cached_property', 'method_name': '__get__', 'file_path': 'django/utils/functional.py'}: 1
  Search Action: search_class
Search Action Input: {'class_name': 'Field', 'file_path': 'django/db/models/fields/__init__.py'}: 1
  Search Action: search_class
Search Action Input: {'class_name': 'ModelBase', 'file_path': 'django/db/models/base.py'}: 1
  Search Action: search_class
Search Action Input: {'class_name': 'Model', 'file_path': 'django/db/models/base.py'}: 1
)
[2026-07-29 15:06:38,966 - Orcar.search_agent - INFO] Current search queue size: 4
[2026-07-29 15:06:48,270 - Orcar.search_agent - INFO] Is early stop: False similarity: False
[2026-07-29 15:06:48,271 - Orcar.search_agent - INFO] Is complete: False
[2026-07-29 15:06:48,271 - search_queue - DEBUG] search queue: 
 SearchQueue(
  Value: 1, Action: Search Action: search_method_in_class
Search Action Input: {'class_name': 'cached_property', 'method_name': '__get__', 'file_path': 'django/utils/functional.py'}
  Value: 1, Action: Search Action: search_class
Search Action Input: {'class_name': 'Field', 'file_path': 'django/db/models/fields/__init__.py'}
  Value: 1, Action: Search Action: search_class
Search Action Input: {'class_name': 'ModelBase', 'file_path': 'django/db/models/base.py'}
  Value: 1, Action: Search Action: search_class
Search Action Input: {'class_name': 'Model', 'file_path': 'django/db/models/base.py'}
)
[2026-07-29 15:06:48,280 - Orcar.search_agent - INFO] File search: django/utils/functional.py
[2026-07-29 15:06:48,302 - Orcar.search_agent - DEBUG] Search content: [ChatMessage(role=<MessageRole.USER: 'user'>, additional_kwargs={}, blocks=[TextBlock(block_type='text', text='Please provide observation feedback and new_search_actions on the search results below. \n<New Info>\n\n            Search Action: search_method_in_class\n\n            Search Action Input: {\'class_name\': \'cached_property\', \'method_name\': \'__get__\', \'file_path\': \'django/utils/functional.py\'}\n\n            File Path: django/utils/functional.py \nMethod Content: \n    def __get__(self, instance, cls=None):\n        """\n        Call the function and put the return value in instance.__dict__ so that\n        subsequent attribute access on the instance returns the cached value\n        instead of calling cached_property.__get__().\n        """\n        if instance is None:\n            return self\n        res = instance.__dict__[self.name] = self.func(instance)\n        return res\n\n</New Info>\n')])]
[2026-07-29 15:06:48,302 - Orcar.search_agent - INFO] Search cache: [SearchResult(search_action='search_method_in_class', search_action_input={'class_name': 'cached_property', 'method_name': '__get__', 'file_path': 'django/utils/functional.py'}, search_content='File Path: django/utils/functional.py \nMethod Content: \n    def __get__(self, instance, cls=None):\n        """\n        Call the function and put the return value in instance.__dict__ so that\n        subsequent attribute access on the instance returns the cached value\n        instead of calling cached_property.__get__().\n        """\n        if instance is None:\n            return self\n        res = instance.__dict__[self.name] = self.func(instance)\n        return res\n')]
[2026-07-29 15:07:21,062 - Orcar.search_agent - INFO] in_token_cnt=3203 out_token_cnt=334
[2026-07-29 15:07:21,062 - Orcar.search_agent - INFO] Chat response: assistant: {
  "observation_feedback": "The cached_property __get__ implementation confirms Django is using descriptor-based caching, so the regression is likely where the model display method is installed on the class rather than in the generic descriptor itself. The user-defined get_foo_bar_display() is probably being shadowed during model class construction or field contribution, which would explain why the override is ignored in 2.2+.",
  "potential_bug_locations": [
    {
      "file_path": "django/db/models/fields/__init__.py",
      "class_name": "Field",
      "method_name": "contribute_to_class"
    },
    {
      "file_path": "django/db/models/base.py",
      "class_name": "ModelBase",
      "method_name": "__new__"
    },
    {
      "file_path": "django/db/models/base.py",
      "class_name": "Model",
      "method_name": "_get_FIELD_display"
    }
  ],
  "new_search_actions": [
    {
      "action": "search_class",
      "action_input": {
        "class_name": "Field",
        "file_path": "django/db/models/fields/__init__.py"
      }
    },
    {
      "action": "search_class",
      "action_input": {
        "class_name": "ModelBase",
        "file_path": "django/db/models/base.py"
      }
    },
    {
      "action": "search_class",
      "action_input": {
        "class_name": "Model",
        "file_path": "django/db/models/base.py"
      }
    }
  ]
}
[2026-07-29 15:07:21,063 - action_history - DEBUG] Action history: 
 SearchActionHistory(
  Search Action: search_method_in_class
Search Action Input: {'class_name': 'cached_property', 'method_name': '__get__', 'file_path': 'django/utils/functional.py'}: 1
  Search Action: search_class
Search Action Input: {'class_name': 'Field', 'file_path': 'django/db/models/fields/__init__.py'}: 2
  Search Action: search_class
Search Action Input: {'class_name': 'ModelBase', 'file_path': 'django/db/models/base.py'}: 2
  Search Action: search_class
Search Action Input: {'class_name': 'Model', 'file_path': 'django/db/models/base.py'}: 2
  Search Action: search_file_contents
Search Action Input: {'file_name': 'functional.py', 'directory_path': 'django/utils'}: 1
)
[2026-07-29 15:07:21,063 - Orcar.search_agent - INFO] Current search queue size: 4
[2026-07-29 15:07:22,032 - Orcar.search_agent - INFO] Is early stop: False similarity: False
[2026-07-29 15:07:22,033 - Orcar.search_agent - INFO] Is complete: False
[2026-07-29 15:07:22,033 - search_queue - DEBUG] search queue: 
 SearchQueue(
  Value: 2, Action: Search Action: search_class
Search Action Input: {'class_name': 'Field', 'file_path': 'django/db/models/fields/__init__.py'}
  Value: 2, Action: Search Action: search_class
Search Action Input: {'class_name': 'ModelBase', 'file_path': 'django/db/models/base.py'}
  Value: 2, Action: Search Action: search_class
Search Action Input: {'class_name': 'Model', 'file_path': 'django/db/models/base.py'}
  Value: 2, Action: Search Action: search_file_contents
Search Action Input: {'file_name': 'functional.py', 'directory_path': 'django/utils'}
)
[2026-07-29 15:07:22,076 - Orcar.search_agent - INFO] Class methods number: 60
[2026-07-29 15:07:22,077 - Orcar.formatter - INFO] Found tokenizer for model 'gpt-5.4-mini'
[2026-07-29 15:07:59,429 - Orcar.code_scorer - INFO] Total batch chat time: 37.35s
[2026-07-29 15:07:59,429 - Orcar.code_scorer - INFO] in_token_cnt=296 out_token_cnt=1
[2026-07-29 15:07:59,430 - Orcar.code_scorer - INFO] in_token_cnt=706 out_token_cnt=1
[2026-07-29 15:07:59,430 - Orcar.code_scorer - INFO] in_token_cnt=344 out_token_cnt=1
[2026-07-29 15:07:59,430 - Orcar.code_scorer - INFO] in_token_cnt=349 out_token_cnt=1
[2026-07-29 15:07:59,430 - Orcar.code_scorer - INFO] in_token_cnt=338 out_token_cnt=1
[2026-07-29 15:07:59,430 - Orcar.code_scorer - INFO] in_token_cnt=458 out_token_cnt=1
[2026-07-29 15:07:59,430 - Orcar.code_scorer - INFO] in_token_cnt=720 out_token_cnt=1
[2026-07-29 15:07:59,430 - Orcar.code_scorer - INFO] in_token_cnt=286 out_token_cnt=1
[2026-07-29 15:07:59,430 - Orcar.code_scorer - INFO] in_token_cnt=326 out_token_cnt=1
[2026-07-29 15:07:59,430 - Orcar.code_scorer - INFO] in_token_cnt=395 out_token_cnt=1
[2026-07-29 15:07:59,430 - Orcar.code_scorer - INFO] in_token_cnt=329 out_token_cnt=1
[2026-07-29 15:07:59,430 - Orcar.code_scorer - INFO] in_token_cnt=371 out_token_cnt=1
[2026-07-29 15:07:59,431 - Orcar.code_scorer - INFO] in_token_cnt=451 out_token_cnt=1
[2026-07-29 15:07:59,431 - Orcar.code_scorer - INFO] in_token_cnt=333 out_token_cnt=1
[2026-07-29 15:07:59,431 - Orcar.code_scorer - INFO] in_token_cnt=291 out_token_cnt=1
[2026-07-29 15:07:59,431 - Orcar.code_scorer - INFO] in_token_cnt=325 out_token_cnt=1
[2026-07-29 15:07:59,431 - Orcar.code_scorer - INFO] in_token_cnt=1048 out_token_cnt=1
[2026-07-29 15:07:59,431 - Orcar.code_scorer - INFO] in_token_cnt=321 out_token_cnt=1
[2026-07-29 15:07:59,431 - Orcar.code_scorer - INFO] in_token_cnt=303 out_token_cnt=1
[2026-07-29 15:07:59,431 - Orcar.code_scorer - INFO] in_token_cnt=309 out_token_cnt=1
[2026-07-29 15:07:59,431 - Orcar.code_scorer - INFO] in_token_cnt=277 out_token_cnt=1
[2026-07-29 15:07:59,431 - Orcar.code_scorer - INFO] in_token_cnt=366 out_token_cnt=1
[2026-07-29 15:07:59,431 - Orcar.code_scorer - INFO] in_token_cnt=322 out_token_cnt=1
[2026-07-29 15:07:59,432 - Orcar.code_scorer - INFO] in_token_cnt=475 out_token_cnt=1
[2026-07-29 15:07:59,432 - Orcar.code_scorer - INFO] in_token_cnt=344 out_token_cnt=1
[2026-07-29 15:07:59,432 - Orcar.code_scorer - INFO] in_token_cnt=318 out_token_cnt=1
[2026-07-29 15:07:59,432 - Orcar.code_scorer - INFO] in_token_cnt=310 out_token_cnt=1
[2026-07-29 15:07:59,432 - Orcar.code_scorer - INFO] in_token_cnt=353 out_token_cnt=1
[2026-07-29 15:07:59,432 - Orcar.code_scorer - INFO] in_token_cnt=492 out_token_cnt=1
[2026-07-29 15:07:59,432 - Orcar.code_scorer - INFO] in_token_cnt=340 out_token_cnt=1
[2026-07-29 15:07:59,432 - Orcar.code_scorer - INFO] in_token_cnt=289 out_token_cnt=1
[2026-07-29 15:07:59,432 - Orcar.code_scorer - INFO] in_token_cnt=357 out_token_cnt=1
[2026-07-29 15:07:59,432 - Orcar.code_scorer - INFO] in_token_cnt=524 out_token_cnt=1
[2026-07-29 15:07:59,432 - Orcar.code_scorer - INFO] in_token_cnt=324 out_token_cnt=1
[2026-07-29 15:07:59,432 - Orcar.code_scorer - INFO] in_token_cnt=324 out_token_cnt=1
[2026-07-29 15:07:59,432 - Orcar.code_scorer - INFO] in_token_cnt=349 out_token_cnt=1
[2026-07-29 15:07:59,433 - Orcar.code_scorer - INFO] in_token_cnt=284 out_token_cnt=1
[2026-07-29 15:07:59,433 - Orcar.code_scorer - INFO] in_token_cnt=294 out_token_cnt=1
[2026-07-29 15:07:59,433 - Orcar.code_scorer - INFO] in_token_cnt=278 out_token_cnt=1
[2026-07-29 15:07:59,433 - Orcar.code_scorer - INFO] in_token_cnt=284 out_token_cnt=1
[2026-07-29 15:07:59,433 - Orcar.code_scorer - INFO] in_token_cnt=306 out_token_cnt=1
[2026-07-29 15:07:59,433 - Orcar.code_scorer - INFO] in_token_cnt=331 out_token_cnt=1
[2026-07-29 15:07:59,433 - Orcar.code_scorer - INFO] in_token_cnt=466 out_token_cnt=1
[2026-07-29 15:07:59,433 - Orcar.code_scorer - INFO] in_token_cnt=322 out_token_cnt=1
[2026-07-29 15:07:59,433 - Orcar.code_scorer - INFO] in_token_cnt=275 out_token_cnt=1
[2026-07-29 15:07:59,433 - Orcar.code_scorer - INFO] in_token_cnt=297 out_token_cnt=1
[2026-07-29 15:07:59,433 - Orcar.code_scorer - INFO] in_token_cnt=278 out_token_cnt=1
[2026-07-29 15:07:59,434 - Orcar.code_scorer - INFO] in_token_cnt=294 out_token_cnt=1
[2026-07-29 15:07:59,434 - Orcar.code_scorer - INFO] in_token_cnt=305 out_token_cnt=1
[2026-07-29 15:07:59,434 - Orcar.code_scorer - INFO] in_token_cnt=328 out_token_cnt=1
[2026-07-29 15:07:59,434 - Orcar.code_scorer - INFO] in_token_cnt=306 out_token_cnt=1
[2026-07-29 15:07:59,434 - Orcar.code_scorer - INFO] in_token_cnt=294 out_token_cnt=1
[2026-07-29 15:07:59,434 - Orcar.code_scorer - INFO] in_token_cnt=286 out_token_cnt=1
[2026-07-29 15:07:59,434 - Orcar.code_scorer - INFO] in_token_cnt=331 out_token_cnt=1
[2026-07-29 15:07:59,434 - Orcar.code_scorer - INFO] in_token_cnt=498 out_token_cnt=1
[2026-07-29 15:07:59,434 - Orcar.code_scorer - INFO] in_token_cnt=307 out_token_cnt=1
[2026-07-29 15:07:59,434 - Orcar.code_scorer - INFO] in_token_cnt=337 out_token_cnt=1
[2026-07-29 15:07:59,435 - Orcar.code_scorer - INFO] in_token_cnt=283 out_token_cnt=1
[2026-07-29 15:07:59,435 - Orcar.code_scorer - INFO] in_token_cnt=608 out_token_cnt=1
[2026-07-29 15:07:59,435 - Orcar.code_scorer - INFO] in_token_cnt=295 out_token_cnt=1
[2026-07-29 15:07:59,436 - action_history - INFO] Top class methods: [SearchActionStep(search_action='search_method_in_class', search_action_input={'class_name': 'Field', 'method_name': 'contribute_to_class', 'file_path': 'django/db/models/fields/__init__.py'}), SearchActionStep(search_action='search_method_in_class', search_action_input={'class_name': 'Field', 'method_name': 'value_from_object', 'file_path': 'django/db/models/fields/__init__.py'})]
[2026-07-29 15:07:59,440 - Orcar.search_agent - INFO] File search: django/db/models/fields/__init__.py
[2026-07-29 15:07:59,459 - Orcar.search_agent - DEBUG] Search content: [ChatMessage(role=<MessageRole.USER: 'user'>, additional_kwargs={}, blocks=[TextBlock(block_type='text', text='Please provide observation feedback and new_search_actions on the search results below. \n<New Info>\n\n            Search Action: search_class\n\n            Search Action Input: {\'class_name\': \'Field\', \'file_path\': \'django/db/models/fields/__init__.py\'}\n\n            File Path: django/db/models/fields/__init__.py \nClass Skeleton: \nClass Signature: Field\nDocstring: Base class for all field types\n\nMethod: _description\nMethod Signature: _description(self)\nDocstring: None\n\nMethod: __init__\nMethod Signature: __init__(self, verbose_name, name, primary_key, max_length, unique, blank, null, db_index, rel, default, editable, serialize, unique_for_date, unique_for_month, unique_for_year, choices, help_text, db_column, db_tablespace, auto_created, validators, error_messages)\nDocstring: None\n\nMethod: __str__\nMethod Signature: __str__(self)\nDocstring: Return "app_label.model_label.field_name" for fields attached to\nmodels.\n\nMethod: __repr__\nMethod Signature: __repr__(self)\nDocstring: Display the module, class, and name of the field.\n\nMethod: check\nMethod Signature: check(self)\nDocstring: None\n\nMethod: _check_field_name\nMethod Signature: _check_field_name(self)\nDocstring: Check if field name is valid, i.e. 1) does not end with an\nunderscore, 2) does not contain "__" and 3) is not "pk".\n\nMethod: _check_choices\nMethod Signature: _check_choices(self)\nDocstring: None\n\nMethod: is_value\nMethod Signature: is_value(value)\nDocstring: None\n\nMethod: _check_db_index\nMethod Signature: _check_db_index(self)\nDocstring: None\n\nMethod: _check_null_allowed_for_primary_keys\nMethod Signature: _check_null_allowed_for_primary_keys(self)\nDocstring: None\n\nMethod: _check_backend_specific_checks\nMethod Signature: _check_backend_specific_checks(self)\nDocstring: None\n\nMethod: _check_validators\nMethod Signature: _check_validators(self)\nDocstring: None\n\nMethod: _check_deprecation_details\nMethod Signature: _check_deprecation_details(self)\nDocstring: None\n\nMethod: get_col\nMethod Signature: get_col(self, alias, output_field)\nDocstring: None\n\nMethod: cached_col\nMethod Signature: cached_col(self)\nDocstring: None\n\nMethod: select_format\nMethod Signature: select_format(self, compiler, sql, params)\nDocstring: Custom format for select clauses. For example, GIS columns need to be\nselected as AsText(table.col) on MySQL as the table.col data can\'t be\nused by Django.\n\nMethod: deconstruct\nMethod Signature: deconstruct(self)\nDocstring: Return enough information to recreate the field as a 4-tuple:\n\n * The name of the field on the model, if contribute_to_class() has\n   been run.\n * The import path of the field, including the class:e.g.\n   django.db.models.IntegerField This should be the most portable\n   version, so less specific may be better.\n * A list of positional arguments.\n * A dict of keyword arguments.\n\nNote that the positional or keyword arguments must contain values of\nthe following types (including inner values of collection types):\n\n * None, bool, str, int, float, complex, set, frozenset, list, tuple,\n   dict\n * UUID\n * datetime.datetime (naive), datetime.date\n * top-level classes, top-level functions - will be referenced by their\n   full import path\n * Storage instances - these have their own deconstruct() method\n\nThis is because the values here must be serialized into a text format\n(possibly new Python code, possibly JSON) and these are the only types\nwith encoding handlers defined.\n\nThere\'s no need to return the exact way the field was instantiated this\ntime, just ensure that the resulting field is the same - prefer keyword\narguments over positional ones, and omit parameters with their default\nvalues.\n\nMethod: clone\nMethod Signature: clone(self)\nDocstring: Uses deconstruct() to clone a new copy of this Field.\nWill not preserve any class attachments/attribute names.\n\nMethod: __eq__\nMethod Signature: __eq__(self, other)\nDocstring: None\n\nMethod: __lt__\nMethod Signature: __lt__(self, other)\nDocstring: None\n\nMethod: __hash__\nMethod Signature: __hash__(self)\nDocstring: None\n\nMethod: __deepcopy__\nMethod Signature: __deepcopy__(self, memodict)\nDocstring: None\n\nMethod: __copy__\nMethod Signature: __copy__(self)\nDocstring: None\n\nMethod: __reduce__\nMethod Signature: __reduce__(self)\nDocstring: Pickling should return the model._meta.fields instance of the field,\nnot a new copy of that field. So, use the app registry to load the\nmodel and then the field back.\n\nMethod: get_pk_value_on_save\nMethod Signature: get_pk_value_on_save(self, instance)\nDocstring: Hook to generate new PK values on save. This method is called when\nsaving instances with no primary key value set. If this method returns\nsomething else than None, then the returned value is used when saving\nthe new instance.\n\nMethod: to_python\nMethod Signature: to_python(self, value)\nDocstring: Convert the input value into the expected Python data type, raising\ndjango.core.exceptions.ValidationError if the data can\'t be converted.\nReturn the converted value. Subclasses should override this.\n\nMethod: validators\nMethod Signature: validators(self)\nDocstring: Some validators can\'t be created at field initialization time.\nThis method provides a way to delay their creation until required.\n\nMethod: run_validators\nMethod Signature: run_validators(self, value)\nDocstring: None\n\nMethod: validate\nMethod Signature: validate(self, value, model_instance)\nDocstring: Validate value and raise ValidationError if necessary. Subclasses\nshould override this to provide validation logic.\n\nMethod: clean\nMethod Signature: clean(self, value, model_instance)\nDocstring: Convert the value\'s type and run validation. Validation errors\nfrom to_python() and validate() are propagated. Return the correct\nvalue if no error is raised.\n\nMethod: db_type_parameters\nMethod Signature: db_type_parameters(self, connection)\nDocstring: None\n\nMethod: db_check\nMethod Signature: db_check(self, connection)\nDocstring: Return the database column check constraint for this field, for the\nprovided connection. Works the same way as db_type() for the case that\nget_internal_type() does not map to a preexisting model field.\n\nMethod: db_type\nMethod Signature: db_type(self, connection)\nDocstring: Return the database column data type for this field, for the provided\nconnection.\n\nMethod: rel_db_type\nMethod Signature: rel_db_type(self, connection)\nDocstring: Return the data type that a related field pointing to this field should\nuse. For example, this method is called by ForeignKey and OneToOneField\nto determine its data type.\n\nMethod: cast_db_type\nMethod Signature: cast_db_type(self, connection)\nDocstring: Return the data type to use in the Cast() function.\n\nMethod: db_parameters\nMethod Signature: db_parameters(self, connection)\nDocstring: Extension of db_type(), providing a range of different return values\n(type, checks). This will look at db_type(), allowing custom model\nfields to override it.\n\nMethod: db_type_suffix\nMethod Signature: db_type_suffix(self, connection)\nDocstring: None\n\nMethod: get_db_converters\nMethod Signature: get_db_converters(self, connection)\nDocstring: None\n\nMethod: unique\nMethod Signature: unique(self)\nDocstring: None\n\nMethod: db_tablespace\nMethod Signature: db_tablespace(self)\nDocstring: None\n\nMethod: db_returning\nMethod Signature: db_returning(self)\nDocstring: Private API intended only to be used by Django itself. Currently only\nthe PostgreSQL backend supports returning multiple fields on a model.\n\nMethod: set_attributes_from_name\nMethod Signature: set_attributes_from_name(self, name)\nDocstring: None\n\nMethod: contribute_to_class\nMethod Signature: contribute_to_class(self, cls, name, private_only)\nDocstring: Register the field with the model class it belongs to.\n\nIf private_only is True, create a separate instance of this field\nfor every subclass of cls, even if cls is not an abstract model.\n\nMethod: get_filter_kwargs_for_object\nMethod Signature: get_filter_kwargs_for_object(self, obj)\nDocstring: Return a dict that when passed as kwargs to self.model.filter(), would\nyield all instances having the same value for this field as obj has.\n\nMethod: get_attname\nMethod Signature: get_attname(self)\nDocstring: None\n\nMethod: get_attname_column\nMethod Signature: get_attname_column(self)\nDocstring: None\n\nMethod: get_internal_type\nMethod Signature: get_internal_type(self)\nDocstring: None\n\nMethod: pre_save\nMethod Signature: pre_save(self, model_instance, add)\nDocstring: Return field\'s value just before saving.\n\nMethod: get_prep_value\nMethod Signature: get_prep_value(self, value)\nDocstring: Perform preliminary non-db specific value checks and conversions.\n\nMethod: get_db_prep_value\nMethod Signature: get_db_prep_value(self, value, connection, prepared)\nDocstring: Return field\'s value prepared for interacting with the database backend.\n\nUsed by the default implementations of get_db_prep_save().\n\nMethod: get_db_prep_save\nMethod Signature: get_db_prep_save(self, value, connection)\nDocstring: Return field\'s value prepared for saving into a database.\n\nMethod: has_default\nMethod Signature: has_default(self)\nDocstring: Return a boolean of whether this field has a default value.\n\nMethod: get_default\nMethod Signature: get_default(self)\nDocstring: Return the default value for this field.\n\nMethod: _get_default\nMethod Signature: _get_default(self)\nDocstring: None\n\nMethod: get_choices\nMethod Signature: get_choices(self, include_blank, blank_choice, limit_choices_to, ordering)\nDocstring: Return choices with a default blank choices included, for use\nas <select> choices for this field.\n\nMethod: value_to_string\nMethod Signature: value_to_string(self, obj)\nDocstring: Return a string value of this field from the passed obj.\nThis is used by the serialization framework.\n\nMethod: _get_flatchoices\nMethod Signature: _get_flatchoices(self)\nDocstring: Flattened version of choices tuple.\n\nMethod: save_form_data\nMethod Signature: save_form_data(self, instance, data)\nDocstring: None\n\nMethod: formfield\nMethod Signature: formfield(self, form_class, choices_form_class)\nDocstring: Return a django.forms.Field instance for this field.\n\nMethod: value_from_object\nMethod Signature: value_from_object(self, obj)\nDocstring: Return the value of this field in the given model instance.\n\n</New Info>\n')])]
[2026-07-29 15:07:59,459 - Orcar.search_agent - INFO] Search cache: [SearchResult(search_action='search_method_in_class', search_action_input={'class_name': 'cached_property', 'method_name': '__get__', 'file_path': 'django/utils/functional.py'}, search_content='File Path: django/utils/functional.py \nMethod Content: \n    def __get__(self, instance, cls=None):\n        """\n        Call the function and put the return value in instance.__dict__ so that\n        subsequent attribute access on the instance returns the cached value\n        instead of calling cached_property.__get__().\n        """\n        if instance is None:\n            return self\n        res = instance.__dict__[self.name] = self.func(instance)\n        return res\n')]
[2026-07-29 15:08:26,595 - Orcar.search_agent - INFO] in_token_cnt=5505 out_token_cnt=335
[2026-07-29 15:08:26,595 - Orcar.search_agent - INFO] Chat response: assistant: {
  "observation_feedback": "The cached_property __get__ result is not the likely source of the regression; it only shows normal descriptor caching behavior. The bug is more likely in Django's model class construction path, where the auto-generated `get_FOO_display()` for choice fields may be injected in a way that overrides a user-defined method. The strongest suspects are the field contribution hook and the model metaclass logic that installs class attributes during model creation.",
  "potential_bug_locations": [
    {
      "file_path": "django/db/models/fields/__init__.py",
      "class_name": "Field",
      "method_name": "contribute_to_class"
    },
    {
      "file_path": "django/db/models/base.py",
      "class_name": "ModelBase",
      "method_name": "__new__"
    }
  ],
  "new_search_actions": [
    {
      "action": "search_class",
      "action_input": {
        "class_name": "ModelBase",
        "file_path": "django/db/models/base.py"
      }
    },
    {
      "action": "search_method_in_class",
      "action_input": {
        "class_name": "ModelBase",
        "method_name": "__new__",
        "file_path": "django/db/models/base.py"
      }
    },
    {
      "action": "search_method_in_class",
      "action_input": {
        "class_name": "Field",
        "method_name": "contribute_to_class",
        "file_path": "django/db/models/fields/__init__.py"
      }
    }
  ]
}
[2026-07-29 15:08:26,595 - action_history - DEBUG] Action history: 
 SearchActionHistory(
  Search Action: search_method_in_class
Search Action Input: {'class_name': 'cached_property', 'method_name': '__get__', 'file_path': 'django/utils/functional.py'}: 1
  Search Action: search_class
Search Action Input: {'class_name': 'Field', 'file_path': 'django/db/models/fields/__init__.py'}: 2
  Search Action: search_class
Search Action Input: {'class_name': 'ModelBase', 'file_path': 'django/db/models/base.py'}: 3
  Search Action: search_class
Search Action Input: {'class_name': 'Model', 'file_path': 'django/db/models/base.py'}: 2
  Search Action: search_file_contents
Search Action Input: {'file_name': 'functional.py', 'directory_path': 'django/utils'}: 1
  Search Action: search_method_in_class
Search Action Input: {'class_name': 'Field', 'method_name': 'contribute_to_class', 'file_path': 'django/db/models/fields/__init__.py'}: 2
  Search Action: search_method_in_class
Search Action Input: {'class_name': 'Field', 'method_name': 'value_from_object', 'file_path': 'django/db/models/fields/__init__.py'}: 1
  Search Action: search_file_contents
Search Action Input: {'file_name': '__init__.py', 'directory_path': 'django/db/models/fields'}: 1
  Search Action: search_method_in_class
Search Action Input: {'class_name': 'ModelBase', 'method_name': '__new__', 'file_path': 'django/db/models/base.py'}: 1
)
[2026-07-29 15:08:26,595 - Orcar.search_agent - INFO] Current search queue size: 7
[2026-07-29 15:08:29,232 - Orcar.search_agent - INFO] Is early stop: False similarity: False
[2026-07-29 15:08:29,232 - Orcar.search_agent - INFO] Is complete: False
[2026-07-29 15:08:29,233 - search_queue - DEBUG] search queue: 
 SearchQueue(
  Value: 3, Action: Search Action: search_class
Search Action Input: {'class_name': 'ModelBase', 'file_path': 'django/db/models/base.py'}
  Value: 2, Action: Search Action: search_class
Search Action Input: {'class_name': 'Model', 'file_path': 'django/db/models/base.py'}
  Value: 2, Action: Search Action: search_file_contents
Search Action Input: {'file_name': 'functional.py', 'directory_path': 'django/utils'}
  Value: 2, Action: Search Action: search_method_in_class
Search Action Input: {'class_name': 'Field', 'method_name': 'contribute_to_class', 'file_path': 'django/db/models/fields/__init__.py'}
  Value: 2, Action: Search Action: search_method_in_class
Search Action Input: {'class_name': 'Field', 'method_name': 'value_from_object', 'file_path': 'django/db/models/fields/__init__.py'}
  Value: 2, Action: Search Action: search_file_contents
Search Action Input: {'file_name': '__init__.py', 'directory_path': 'django/db/models/fields'}
  Value: 1, Action: Search Action: search_method_in_class
Search Action Input: {'class_name': 'ModelBase', 'method_name': '__new__', 'file_path': 'django/db/models/base.py'}
)
[2026-07-29 15:08:29,241 - Orcar.search_agent - INFO] Class methods number: 5
[2026-07-29 15:08:29,242 - Orcar.formatter - INFO] Found tokenizer for model 'gpt-5.4-mini'
[2026-07-29 15:08:57,215 - Orcar.code_scorer - INFO] Total batch chat time: 27.97s
[2026-07-29 15:08:57,216 - Orcar.code_scorer - INFO] in_token_cnt=2301 out_token_cnt=1
[2026-07-29 15:08:57,216 - Orcar.code_scorer - INFO] in_token_cnt=305 out_token_cnt=1
[2026-07-29 15:08:57,216 - Orcar.code_scorer - INFO] in_token_cnt=703 out_token_cnt=1
[2026-07-29 15:08:57,216 - Orcar.code_scorer - INFO] in_token_cnt=278 out_token_cnt=1
[2026-07-29 15:08:57,216 - Orcar.code_scorer - INFO] in_token_cnt=278 out_token_cnt=1
[2026-07-29 15:08:57,217 - action_history - INFO] Top class methods: [SearchActionStep(search_action='search_method_in_class', search_action_input={'class_name': 'ModelBase', 'method_name': '_base_manager', 'file_path': 'django/db/models/base.py'}), SearchActionStep(search_action='search_method_in_class', search_action_input={'class_name': 'ModelBase', 'method_name': '__new__', 'file_path': 'django/db/models/base.py'})]
[2026-07-29 15:08:57,221 - Orcar.search_agent - INFO] File search: django/db/models/base.py
[2026-07-29 15:08:57,241 - Orcar.search_agent - DEBUG] Search content: [ChatMessage(role=<MessageRole.USER: 'user'>, additional_kwargs={}, blocks=[TextBlock(block_type='text', text="Please provide observation feedback and new_search_actions on the search results below. \n<New Info>\n\n            Search Action: search_class\n\n            Search Action Input: {'class_name': 'ModelBase', 'file_path': 'django/db/models/base.py'}\n\n            File Path: django/db/models/base.py \nClass Skeleton: \nClass Signature: ModelBase\nDocstring: Metaclass for all models.\n\nMethod: __new__\nMethod Signature: __new__(cls, name, bases, attrs)\nDocstring: None\n\nMethod: add_to_class\nMethod Signature: add_to_class(cls, name, value)\nDocstring: None\n\nMethod: _prepare\nMethod Signature: _prepare(cls)\nDocstring: Create some methods once self._meta has been populated.\n\nMethod: _base_manager\nMethod Signature: _base_manager(cls)\nDocstring: None\n\nMethod: _default_manager\nMethod Signature: _default_manager(cls)\nDocstring: None\n\n</New Info>\n")])]
[2026-07-29 15:08:57,241 - Orcar.search_agent - INFO] Search cache: [SearchResult(search_action='search_method_in_class', search_action_input={'class_name': 'cached_property', 'method_name': '__get__', 'file_path': 'django/utils/functional.py'}, search_content='File Path: django/utils/functional.py \nMethod Content: \n    def __get__(self, instance, cls=None):\n        """\n        Call the function and put the return value in instance.__dict__ so that\n        subsequent attribute access on the instance returns the cached value\n        instead of calling cached_property.__get__().\n        """\n        if instance is None:\n            return self\n        res = instance.__dict__[self.name] = self.func(instance)\n        return res\n')]
[2026-07-29 15:09:11,492 - Orcar.search_agent - INFO] in_token_cnt=3586 out_token_cnt=362
[2026-07-29 15:09:11,493 - Orcar.search_agent - INFO] Chat response: assistant: {
  "observation_feedback": "ModelBase is the metaclass that assembles model classes, so the regression is most likely in class construction rather than in cached_property itself. The descriptor result only confirms normal cached lookup behavior; the override is probably being shadowed when Django injects the auto-generated get_FOO_display method during model field contribution or class setup.",
  "potential_bug_locations": [
    {
      "file_path": "django/db/models/base.py",
      "class_name": "ModelBase",
      "method_name": "__new__"
    },
    {
      "file_path": "django/db/models/base.py",
      "class_name": "ModelBase",
      "method_name": "add_to_class"
    },
    {
      "file_path": "django/db/models/fields/__init__.py",
      "class_name": "Field",
      "method_name": "contribute_to_class"
    }
  ],
  "new_search_actions": [
    {
      "action": "search_method_in_class",
      "action_input": {
        "class_name": "Field",
        "method_name": "contribute_to_class",
        "file_path": "django/db/models/fields/__init__.py"
      }
    },
    {
      "action": "search_method_in_class",
      "action_input": {
        "class_name": "ModelBase",
        "method_name": "__new__",
        "file_path": "django/db/models/base.py"
      }
    },
    {
      "action": "search_method_in_class",
      "action_input": {
        "class_name": "ModelBase",
        "method_name": "add_to_class",
        "file_path": "django/db/models/base.py"
      }
    }
  ]
}
[2026-07-29 15:09:11,493 - action_history - DEBUG] Action history: 
 SearchActionHistory(
  Search Action: search_method_in_class
Search Action Input: {'class_name': 'cached_property', 'method_name': '__get__', 'file_path': 'django/utils/functional.py'}: 1
  Search Action: search_class
Search Action Input: {'class_name': 'Field', 'file_path': 'django/db/models/fields/__init__.py'}: 2
  Search Action: search_class
Search Action Input: {'class_name': 'ModelBase', 'file_path': 'django/db/models/base.py'}: 3
  Search Action: search_class
Search Action Input: {'class_name': 'Model', 'file_path': 'django/db/models/base.py'}: 2
  Search Action: search_file_contents
Search Action Input: {'file_name': 'functional.py', 'directory_path': 'django/utils'}: 1
  Search Action: search_method_in_class
Search Action Input: {'class_name': 'Field', 'method_name': 'contribute_to_class', 'file_path': 'django/db/models/fields/__init__.py'}: 3
  Search Action: search_method_in_class
Search Action Input: {'class_name': 'Field', 'method_name': 'value_from_object', 'file_path': 'django/db/models/fields/__init__.py'}: 1
  Search Action: search_file_contents
Search Action Input: {'file_name': '__init__.py', 'directory_path': 'django/db/models/fields'}: 1
  Search Action: search_method_in_class
Search Action Input: {'class_name': 'ModelBase', 'method_name': '__new__', 'file_path': 'django/db/models/base.py'}: 2
  Search Action: search_method_in_class
Search Action Input: {'class_name': 'ModelBase', 'method_name': '_base_manager', 'file_path': 'django/db/models/base.py'}: 1
  Search Action: search_file_contents
Search Action Input: {'file_name': 'base.py', 'directory_path': 'django/db/models'}: 1
  Search Action: search_method_in_class
Search Action Input: {'class_name': 'ModelBase', 'method_name': 'add_to_class', 'file_path': 'django/db/models/base.py'}: 1
)
[2026-07-29 15:09:11,493 - Orcar.search_agent - INFO] Current search queue size: 9
[2026-07-29 15:09:14,105 - Orcar.search_agent - INFO] Is early stop: False similarity: True
[2026-07-29 15:09:14,106 - Orcar.search_agent - INFO] Is complete: False
[2026-07-29 15:09:14,106 - search_queue - DEBUG] search queue: 
 SearchQueue(
  Value: 3, Action: Search Action: search_method_in_class
Search Action Input: {'class_name': 'Field', 'method_name': 'contribute_to_class', 'file_path': 'django/db/models/fields/__init__.py'}
  Value: 2, Action: Search Action: search_class
Search Action Input: {'class_name': 'Model', 'file_path': 'django/db/models/base.py'}
  Value: 2, Action: Search Action: search_file_contents
Search Action Input: {'file_name': 'functional.py', 'directory_path': 'django/utils'}
  Value: 2, Action: Search Action: search_method_in_class
Search Action Input: {'class_name': 'Field', 'method_name': 'value_from_object', 'file_path': 'django/db/models/fields/__init__.py'}
  Value: 2, Action: Search Action: search_file_contents
Search Action Input: {'file_name': '__init__.py', 'directory_path': 'django/db/models/fields'}
  Value: 2, Action: Search Action: search_method_in_class
Search Action Input: {'class_name': 'ModelBase', 'method_name': '__new__', 'file_path': 'django/db/models/base.py'}
  Value: 2, Action: Search Action: search_method_in_class
Search Action Input: {'class_name': 'ModelBase', 'method_name': '_base_manager', 'file_path': 'django/db/models/base.py'}
  Value: 2, Action: Search Action: search_file_contents
Search Action Input: {'file_name': 'base.py', 'directory_path': 'django/db/models'}
  Value: 1, Action: Search Action: search_method_in_class
Search Action Input: {'class_name': 'ModelBase', 'method_name': 'add_to_class', 'file_path': 'django/db/models/base.py'}
)
[2026-07-29 15:09:14,137 - Orcar.search_agent - DEBUG] Search content: [ChatMessage(role=<MessageRole.USER: 'user'>, additional_kwargs={}, blocks=[TextBlock(block_type='text', text='Please provide observation feedback and new_search_actions on the search results below. \n<New Info>\n\n            Search Action: search_method_in_class\n\n            Search Action Input: {\'class_name\': \'Field\', \'method_name\': \'contribute_to_class\', \'file_path\': \'django/db/models/fields/__init__.py\'}\n\n            File Path: django/db/models/fields/__init__.py \nMethod Content: \n    def contribute_to_class(self, cls, name, private_only=False):\n        """\n        Register the field with the model class it belongs to.\n\n        If private_only is True, create a separate instance of this field\n        for every subclass of cls, even if cls is not an abstract model.\n        """\n        self.set_attributes_from_name(name)\n        self.model = cls\n        cls._meta.add_field(self, private=private_only)\n        if self.column:\n            # Don\'t override classmethods with the descriptor. This means that\n            # if you have a classmethod and a field with the same name, then\n            # such fields can\'t be deferred (we don\'t have a check for this).\n            if not getattr(cls, self.attname, None):\n                setattr(cls, self.attname, self.descriptor_class(self))\n        if self.choices is not None:\n            setattr(cls, \'get_%s_display\' % self.name,\n                    partialmethod(cls._get_FIELD_display, field=self))\n\n</New Info>\n')])]
[2026-07-29 15:09:14,137 - Orcar.search_agent - INFO] Search cache: [SearchResult(search_action='search_method_in_class', search_action_input={'class_name': 'Field', 'method_name': 'contribute_to_class', 'file_path': 'django/db/models/fields/__init__.py'}, search_content='File Path: django/db/models/fields/__init__.py \nMethod Content: \n    def contribute_to_class(self, cls, name, private_only=False):\n        """\n        Register the field with the model class it belongs to.\n\n        If private_only is True, create a separate instance of this field\n        for every subclass of cls, even if cls is not an abstract model.\n        """\n        self.set_attributes_from_name(name)\n        self.model = cls\n        cls._meta.add_field(self, private=private_only)\n        if self.column:\n            # Don\'t override classmethods with the descriptor. This means that\n            # if you have a classmethod and a field with the same name, then\n            # such fields can\'t be deferred (we don\'t have a check for this).\n            if not getattr(cls, self.attname, None):\n                setattr(cls, self.attname, self.descriptor_class(self))\n        if self.choices is not None:\n            setattr(cls, \'get_%s_display\' % self.name,\n                    partialmethod(cls._get_FIELD_display, field=self))\n'), SearchResult(search_action='search_method_in_class', search_action_input={'class_name': 'cached_property', 'method_name': '__get__', 'file_path': 'django/utils/functional.py'}, search_content='File Path: django/utils/functional.py \nMethod Content: \n    def __get__(self, instance, cls=None):\n        """\n        Call the function and put the return value in instance.__dict__ so that\n        subsequent attribute access on the instance returns the cached value\n        instead of calling cached_property.__get__().\n        """\n        if instance is None:\n            return self\n        res = instance.__dict__[self.name] = self.func(instance)\n        return res\n')]
[2026-07-29 15:09:17,672 - Orcar.search_agent - INFO] in_token_cnt=4028 out_token_cnt=391
[2026-07-29 15:09:17,672 - Orcar.search_agent - INFO] Chat response: assistant: {
  "observation_feedback": "The field contribution code clearly injects an auto-generated `get_%s_display` onto the model class whenever `choices` is set, using `setattr(cls, 'get_%s_display' % self.name, partialmethod(...))`. This is the most likely place where a user-defined `get_foo_bar_display()` gets shadowed during model class construction in Django 2.2+. The cached_property `__get__` result is unrelated to the override loss, so the remaining likely suspects are `ModelBase.__new__` and `ModelBase.add_to_class`, which control how class attributes are installed and may determine whether the user method is preserved or overwritten.",
  "potential_bug_locations": [
    {
      "file_path": "django/db/models/fields/__init__.py",
      "class_name": "Field",
      "method_name": "contribute_to_class"
    },
    {
      "file_path": "django/db/models/base.py",
      "class_name": "ModelBase",
      "method_name": "__new__"
    },
    {
      "file_path": "django/db/models/base.py",
      "class_name": "ModelBase",
      "method_name": "add_to_class"
    }
  ],
  "new_search_actions": [
    {
      "action": "search_method_in_class",
      "action_input": {
        "class_name": "ModelBase",
        "method_name": "__new__"
      }
    },
    {
      "action": "search_method_in_class",
      "action_input": {
        "class_name": "ModelBase",
        "method_name": "add_to_class"
      }
    },
    {
      "action": "search_method_in_class",
      "action_input": {
        "class_name": "Model",
        "method_name": "_get_FIELD_display"
      }
    }
  ]
}
[2026-07-29 15:09:17,673 - action_history - DEBUG] Action history: 
 SearchActionHistory(
  Search Action: search_method_in_class
Search Action Input: {'class_name': 'cached_property', 'method_name': '__get__', 'file_path': 'django/utils/functional.py'}: 1
  Search Action: search_class
Search Action Input: {'class_name': 'Field', 'file_path': 'django/db/models/fields/__init__.py'}: 2
  Search Action: search_class
Search Action Input: {'class_name': 'ModelBase', 'file_path': 'django/db/models/base.py'}: 3
  Search Action: search_class
Search Action Input: {'class_name': 'Model', 'file_path': 'django/db/models/base.py'}: 2
  Search Action: search_file_contents
Search Action Input: {'file_name': 'functional.py', 'directory_path': 'django/utils'}: 1
  Search Action: search_method_in_class
Search Action Input: {'class_name': 'Field', 'method_name': 'contribute_to_class', 'file_path': 'django/db/models/fields/__init__.py'}: 3
  Search Action: search_method_in_class
Search Action Input: {'class_name': 'Field', 'method_name': 'value_from_object', 'file_path': 'django/db/models/fields/__init__.py'}: 1
  Search Action: search_file_contents
Search Action Input: {'file_name': '__init__.py', 'directory_path': 'django/db/models/fields'}: 1
  Search Action: search_method_in_class
Search Action Input: {'class_name': 'ModelBase', 'method_name': '__new__', 'file_path': 'django/db/models/base.py'}: 2
  Search Action: search_method_in_class
Search Action Input: {'class_name': 'ModelBase', 'method_name': '_base_manager', 'file_path': 'django/db/models/base.py'}: 1
  Search Action: search_file_contents
Search Action Input: {'file_name': 'base.py', 'directory_path': 'django/db/models'}: 1
  Search Action: search_method_in_class
Search Action Input: {'class_name': 'ModelBase', 'method_name': 'add_to_class', 'file_path': 'django/db/models/base.py'}: 1
  Search Action: search_method_in_class
Search Action Input: {'class_name': 'ModelBase', 'method_name': '__new__'}: 1
  Search Action: search_method_in_class
Search Action Input: {'class_name': 'ModelBase', 'method_name': 'add_to_class'}: 1
  Search Action: search_method_in_class
Search Action Input: {'class_name': 'Model', 'method_name': '_get_FIELD_display'}: 1
)
[2026-07-29 15:09:17,673 - Orcar.search_agent - INFO] Current search queue size: 11
[2026-07-29 15:09:20,275 - Orcar.search_agent - INFO] Is early stop: False similarity: False
[2026-07-29 15:09:20,275 - Orcar.search_agent - INFO] Is complete: False
[2026-07-29 15:09:20,275 - search_queue - DEBUG] search queue: 
 SearchQueue(
  Value: 2, Action: Search Action: search_class
Search Action Input: {'class_name': 'Model', 'file_path': 'django/db/models/base.py'}
  Value: 2, Action: Search Action: search_file_contents
Search Action Input: {'file_name': 'functional.py', 'directory_path': 'django/utils'}
  Value: 2, Action: Search Action: search_method_in_class
Search Action Input: {'class_name': 'Field', 'method_name': 'value_from_object', 'file_path': 'django/db/models/fields/__init__.py'}
  Value: 2, Action: Search Action: search_file_contents
Search Action Input: {'file_name': '__init__.py', 'directory_path': 'django/db/models/fields'}
  Value: 2, Action: Search Action: search_method_in_class
Search Action Input: {'class_name': 'ModelBase', 'method_name': '__new__', 'file_path': 'django/db/models/base.py'}
  Value: 2, Action: Search Action: search_method_in_class
Search Action Input: {'class_name': 'ModelBase', 'method_name': '_base_manager', 'file_path': 'django/db/models/base.py'}
  Value: 2, Action: Search Action: search_file_contents
Search Action Input: {'file_name': 'base.py', 'directory_path': 'django/db/models'}
  Value: 1, Action: Search Action: search_method_in_class
Search Action Input: {'class_name': 'ModelBase', 'method_name': 'add_to_class', 'file_path': 'django/db/models/base.py'}
  Value: 1, Action: Search Action: search_method_in_class
Search Action Input: {'class_name': 'ModelBase', 'method_name': '__new__'}
  Value: 1, Action: Search Action: search_method_in_class
Search Action Input: {'class_name': 'ModelBase', 'method_name': 'add_to_class'}
  Value: 1, Action: Search Action: search_method_in_class
Search Action Input: {'class_name': 'Model', 'method_name': '_get_FIELD_display'}
)
[2026-07-29 15:09:20,302 - Orcar.search_agent - INFO] Class methods number: 53
[2026-07-29 15:09:20,302 - Orcar.formatter - INFO] Found tokenizer for model 'gpt-5.4-mini'
[2026-07-29 15:09:57,341 - Orcar.code_scorer - INFO] Total batch chat time: 37.04s
[2026-07-29 15:09:57,341 - Orcar.code_scorer - INFO] in_token_cnt=1118 out_token_cnt=1
[2026-07-29 15:09:57,341 - Orcar.code_scorer - INFO] in_token_cnt=359 out_token_cnt=1
[2026-07-29 15:09:57,342 - Orcar.code_scorer - INFO] in_token_cnt=289 out_token_cnt=1
[2026-07-29 15:09:57,342 - Orcar.code_scorer - INFO] in_token_cnt=289 out_token_cnt=1
[2026-07-29 15:09:57,342 - Orcar.code_scorer - INFO] in_token_cnt=333 out_token_cnt=1
[2026-07-29 15:09:57,342 - Orcar.code_scorer - INFO] in_token_cnt=299 out_token_cnt=1
[2026-07-29 15:09:57,342 - Orcar.code_scorer - INFO] in_token_cnt=320 out_token_cnt=1
[2026-07-29 15:09:57,342 - Orcar.code_scorer - INFO] in_token_cnt=288 out_token_cnt=1
[2026-07-29 15:09:57,342 - Orcar.code_scorer - INFO] in_token_cnt=396 out_token_cnt=1
[2026-07-29 15:09:57,342 - Orcar.code_scorer - INFO] in_token_cnt=293 out_token_cnt=1
[2026-07-29 15:09:57,343 - Orcar.code_scorer - INFO] in_token_cnt=287 out_token_cnt=1
[2026-07-29 15:09:57,343 - Orcar.code_scorer - INFO] in_token_cnt=318 out_token_cnt=1
[2026-07-29 15:09:57,343 - Orcar.code_scorer - INFO] in_token_cnt=786 out_token_cnt=1
[2026-07-29 15:09:57,343 - Orcar.code_scorer - INFO] in_token_cnt=407 out_token_cnt=1
[2026-07-29 15:09:57,343 - Orcar.code_scorer - INFO] in_token_cnt=1082 out_token_cnt=1
[2026-07-29 15:09:57,343 - Orcar.code_scorer - INFO] in_token_cnt=702 out_token_cnt=1
[2026-07-29 15:09:57,343 - Orcar.code_scorer - INFO] in_token_cnt=553 out_token_cnt=1
[2026-07-29 15:09:57,343 - Orcar.code_scorer - INFO] in_token_cnt=895 out_token_cnt=1
[2026-07-29 15:09:57,343 - Orcar.code_scorer - INFO] in_token_cnt=570 out_token_cnt=1
[2026-07-29 15:09:57,343 - Orcar.code_scorer - INFO] in_token_cnt=342 out_token_cnt=1
[2026-07-29 15:09:57,344 - Orcar.code_scorer - INFO] in_token_cnt=363 out_token_cnt=1
[2026-07-29 15:09:57,344 - Orcar.code_scorer - INFO] in_token_cnt=314 out_token_cnt=1
[2026-07-29 15:09:57,344 - Orcar.code_scorer - INFO] in_token_cnt=470 out_token_cnt=1
[2026-07-29 15:09:57,344 - Orcar.code_scorer - INFO] in_token_cnt=435 out_token_cnt=1
[2026-07-29 15:09:57,344 - Orcar.code_scorer - INFO] in_token_cnt=316 out_token_cnt=1
[2026-07-29 15:09:57,344 - Orcar.code_scorer - INFO] in_token_cnt=336 out_token_cnt=1
[2026-07-29 15:09:57,344 - Orcar.code_scorer - INFO] in_token_cnt=362 out_token_cnt=1
[2026-07-29 15:09:57,344 - Orcar.code_scorer - INFO] in_token_cnt=828 out_token_cnt=1
[2026-07-29 15:09:57,344 - Orcar.code_scorer - INFO] in_token_cnt=659 out_token_cnt=1
[2026-07-29 15:09:57,344 - Orcar.code_scorer - INFO] in_token_cnt=540 out_token_cnt=1
[2026-07-29 15:09:57,344 - Orcar.code_scorer - INFO] in_token_cnt=393 out_token_cnt=1
[2026-07-29 15:09:57,344 - Orcar.code_scorer - INFO] in_token_cnt=469 out_token_cnt=1
[2026-07-29 15:09:57,345 - Orcar.code_scorer - INFO] in_token_cnt=489 out_token_cnt=1
[2026-07-29 15:09:57,345 - Orcar.code_scorer - INFO] in_token_cnt=429 out_token_cnt=1
[2026-07-29 15:09:57,345 - Orcar.code_scorer - INFO] in_token_cnt=494 out_token_cnt=1
[2026-07-29 15:09:57,345 - Orcar.code_scorer - INFO] in_token_cnt=437 out_token_cnt=1
[2026-07-29 15:09:57,345 - Orcar.code_scorer - INFO] in_token_cnt=336 out_token_cnt=1
[2026-07-29 15:09:57,345 - Orcar.code_scorer - INFO] in_token_cnt=307 out_token_cnt=1
[2026-07-29 15:09:57,345 - Orcar.code_scorer - INFO] in_token_cnt=331 out_token_cnt=1
[2026-07-29 15:09:57,345 - Orcar.code_scorer - INFO] in_token_cnt=494 out_token_cnt=1
[2026-07-29 15:09:57,345 - Orcar.code_scorer - INFO] in_token_cnt=403 out_token_cnt=1
[2026-07-29 15:09:57,345 - Orcar.code_scorer - INFO] in_token_cnt=740 out_token_cnt=1
[2026-07-29 15:09:57,345 - Orcar.code_scorer - INFO] in_token_cnt=427 out_token_cnt=1
[2026-07-29 15:09:57,345 - Orcar.code_scorer - INFO] in_token_cnt=423 out_token_cnt=1
[2026-07-29 15:09:57,346 - Orcar.code_scorer - INFO] in_token_cnt=396 out_token_cnt=1
[2026-07-29 15:09:57,346 - Orcar.code_scorer - INFO] in_token_cnt=345 out_token_cnt=1
[2026-07-29 15:09:57,346 - Orcar.code_scorer - INFO] in_token_cnt=434 out_token_cnt=1
[2026-07-29 15:09:57,346 - Orcar.code_scorer - INFO] in_token_cnt=434 out_token_cnt=1
[2026-07-29 15:09:57,346 - Orcar.code_scorer - INFO] in_token_cnt=488 out_token_cnt=1
[2026-07-29 15:09:57,346 - Orcar.code_scorer - INFO] in_token_cnt=604 out_token_cnt=1
[2026-07-29 15:09:57,346 - Orcar.code_scorer - INFO] in_token_cnt=970 out_token_cnt=1
[2026-07-29 15:09:57,346 - Orcar.code_scorer - INFO] in_token_cnt=817 out_token_cnt=1
[2026-07-29 15:09:57,346 - Orcar.code_scorer - INFO] in_token_cnt=426 out_token_cnt=1
[2026-07-29 15:09:57,373 - Orcar.search_agent - DEBUG] Search content: [ChatMessage(role=<MessageRole.USER: 'user'>, additional_kwargs={}, blocks=[TextBlock(block_type='text', text='Please provide observation feedback and new_search_actions on the search results below. \n<New Info>\n\n            Search Action: search_class\n\n            Search Action Input: {\'class_name\': \'Model\', \'file_path\': \'django/db/models/base.py\'}\n\n            File Path: django/db/models/base.py \nClass Skeleton: \nClass Signature: Model\nDocstring: None\n\nMethod: __init__\nMethod Signature: __init__(self)\nDocstring: None\n\nMethod: from_db\nMethod Signature: from_db(cls, db, field_names, values)\nDocstring: None\n\nMethod: __repr__\nMethod Signature: __repr__(self)\nDocstring: None\n\nMethod: __str__\nMethod Signature: __str__(self)\nDocstring: None\n\nMethod: __eq__\nMethod Signature: __eq__(self, other)\nDocstring: None\n\nMethod: __hash__\nMethod Signature: __hash__(self)\nDocstring: None\n\nMethod: __reduce__\nMethod Signature: __reduce__(self)\nDocstring: None\n\nMethod: __getstate__\nMethod Signature: __getstate__(self)\nDocstring: Hook to allow choosing the attributes to pickle.\n\nMethod: __setstate__\nMethod Signature: __setstate__(self, state)\nDocstring: None\n\nMethod: _get_pk_val\nMethod Signature: _get_pk_val(self, meta)\nDocstring: None\n\nMethod: _set_pk_val\nMethod Signature: _set_pk_val(self, value)\nDocstring: None\n\nMethod: get_deferred_fields\nMethod Signature: get_deferred_fields(self)\nDocstring: Return a set containing names of deferred fields for this instance.\n\nMethod: refresh_from_db\nMethod Signature: refresh_from_db(self, using, fields)\nDocstring: Reload field values from the database.\n\nBy default, the reloading happens from the database this instance was\nloaded from, or by the read router if this instance wasn\'t loaded from\nany database. The using parameter will override the default.\n\nFields can be used to specify which fields to reload. The fields\nshould be an iterable of field attnames. If fields is None, then\nall non-deferred fields are reloaded.\n\nWhen accessing deferred fields of an instance, the deferred loading\nof the field will call this method.\n\nMethod: serializable_value\nMethod Signature: serializable_value(self, field_name)\nDocstring: Return the value of the field name for this instance. If the field is\na foreign key, return the id value instead of the object. If there\'s\nno Field object with this name on the model, return the model\nattribute\'s value.\n\nUsed to serialize a field\'s value (in the serializer, or form output,\nfor example). Normally, you would just access the attribute directly\nand not use this method.\n\nMethod: save\nMethod Signature: save(self, force_insert, force_update, using, update_fields)\nDocstring: Save the current instance. Override this in a subclass if you want to\ncontrol the saving process.\n\nThe \'force_insert\' and \'force_update\' parameters can be used to insist\nthat the "save" must be an SQL insert or update (or equivalent for\nnon-SQL backends), respectively. Normally, they should not be set.\n\nMethod: save_base\nMethod Signature: save_base(self, raw, force_insert, force_update, using, update_fields)\nDocstring: Handle the parts of saving which should be done only once per save,\nyet need to be done in raw saves, too. This includes some sanity\nchecks and signal sending.\n\nThe \'raw\' argument is telling save_base not to save any parent\nmodels and not to do any changes to the values before save. This\nis used by fixture loading.\n\nMethod: _save_parents\nMethod Signature: _save_parents(self, cls, using, update_fields)\nDocstring: Save all the parents of cls using values from self.\n\nMethod: _save_table\nMethod Signature: _save_table(self, raw, cls, force_insert, force_update, using, update_fields)\nDocstring: Do the heavy-lifting involved in saving. Update or insert the data\nfor a single table.\n\nMethod: _do_update\nMethod Signature: _do_update(self, base_qs, using, pk_val, values, update_fields, forced_update)\nDocstring: Try to update the model. Return True if the model was updated (if an\nupdate query was done and a matching row was found in the DB).\n\nMethod: _do_insert\nMethod Signature: _do_insert(self, manager, using, fields, returning_fields, raw)\nDocstring: Do an INSERT. If returning_fields is defined then this method should\nreturn the newly created data for the model.\n\nMethod: delete\nMethod Signature: delete(self, using, keep_parents)\nDocstring: None\n\nMethod: _get_FIELD_display\nMethod Signature: _get_FIELD_display(self, field)\nDocstring: None\n\nMethod: _get_next_or_previous_by_FIELD\nMethod Signature: _get_next_or_previous_by_FIELD(self, field, is_next)\nDocstring: None\n\nMethod: _get_next_or_previous_in_order\nMethod Signature: _get_next_or_previous_in_order(self, is_next)\nDocstring: None\n\nMethod: prepare_database_save\nMethod Signature: prepare_database_save(self, field)\nDocstring: None\n\nMethod: clean\nMethod Signature: clean(self)\nDocstring: Hook for doing any extra model-wide validation after clean() has been\ncalled on every field by self.clean_fields. Any ValidationError raised\nby this method will not be associated with a particular field; it will\nhave a special-case association with the field defined by NON_FIELD_ERRORS.\n\nMethod: validate_unique\nMethod Signature: validate_unique(self, exclude)\nDocstring: Check unique constraints on the model and raise ValidationError if any\nfailed.\n\nMethod: _get_unique_checks\nMethod Signature: _get_unique_checks(self, exclude)\nDocstring: Return a list of checks to perform. Since validate_unique() could be\ncalled from a ModelForm, some fields may have been excluded; we can\'t\nperform a unique check on a model that is missing fields involved\nin that check. Fields that did not validate should also be excluded,\nbut they need to be passed in via the exclude argument.\n\nMethod: _perform_unique_checks\nMethod Signature: _perform_unique_checks(self, unique_checks)\nDocstring: None\n\nMethod: _perform_date_checks\nMethod Signature: _perform_date_checks(self, date_checks)\nDocstring: None\n\nMethod: date_error_message\nMethod Signature: date_error_message(self, lookup_type, field_name, unique_for)\nDocstring: None\n\nMethod: unique_error_message\nMethod Signature: unique_error_message(self, model_class, unique_check)\nDocstring: None\n\nMethod: full_clean\nMethod Signature: full_clean(self, exclude, validate_unique)\nDocstring: Call clean_fields(), clean(), and validate_unique() on the model.\nRaise a ValidationError for any errors that occur.\n\nMethod: clean_fields\nMethod Signature: clean_fields(self, exclude)\nDocstring: Clean all fields and raise a ValidationError containing a dict\nof all validation errors if any occur.\n\nMethod: check\nMethod Signature: check(cls)\nDocstring: None\n\nMethod: _check_swappable\nMethod Signature: _check_swappable(cls)\nDocstring: Check if the swapped model exists.\n\nMethod: _check_model\nMethod Signature: _check_model(cls)\nDocstring: None\n\nMethod: _check_managers\nMethod Signature: _check_managers(cls)\nDocstring: Perform all manager checks.\n\nMethod: _check_fields\nMethod Signature: _check_fields(cls)\nDocstring: Perform all field checks.\n\nMethod: _check_m2m_through_same_relationship\nMethod Signature: _check_m2m_through_same_relationship(cls)\nDocstring: Check if no relationship model is used by more than one m2m field.\n        \n\nMethod: _check_id_field\nMethod Signature: _check_id_field(cls)\nDocstring: Check if `id` field is a primary key.\n\nMethod: _check_field_name_clashes\nMethod Signature: _check_field_name_clashes(cls)\nDocstring: Forbid field shadowing in multi-table inheritance.\n\nMethod: _check_column_name_clashes\nMethod Signature: _check_column_name_clashes(cls)\nDocstring: None\n\nMethod: _check_model_name_db_lookup_clashes\nMethod Signature: _check_model_name_db_lookup_clashes(cls)\nDocstring: None\n\nMethod: _check_property_name_related_field_accessor_clashes\nMethod Signature: _check_property_name_related_field_accessor_clashes(cls)\nDocstring: None\n\nMethod: _check_single_primary_key\nMethod Signature: _check_single_primary_key(cls)\nDocstring: None\n\nMethod: _check_index_together\nMethod Signature: _check_index_together(cls)\nDocstring: Check the value of "index_together" option.\n\nMethod: _check_unique_together\nMethod Signature: _check_unique_together(cls)\nDocstring: Check the value of "unique_together" option.\n\nMethod: _check_indexes\nMethod Signature: _check_indexes(cls)\nDocstring: Check the fields and names of indexes.\n\nMethod: _check_local_fields\nMethod Signature: _check_local_fields(cls, fields, option)\nDocstring: None\n\nMethod: _check_ordering\nMethod Signature: _check_ordering(cls)\nDocstring: Check "ordering" option -- is it a list of strings and do all fields\nexist?\n\nMethod: _check_long_column_names\nMethod Signature: _check_long_column_names(cls)\nDocstring: Check that any auto-generated column names are shorter than the limits\nfor each database in which the model will be created.\n\nMethod: _check_constraints\nMethod Signature: _check_constraints(cls)\nDocstring: None\n\n</New Info>\n')])]
[2026-07-29 15:09:57,374 - Orcar.search_agent - INFO] Search cache: [SearchResult(search_action='search_method_in_class', search_action_input={'class_name': 'Field', 'method_name': 'contribute_to_class', 'file_path': 'django/db/models/fields/__init__.py'}, search_content='File Path: django/db/models/fields/__init__.py \nMethod Content: \n    def contribute_to_class(self, cls, name, private_only=False):\n        """\n        Register the field with the model class it belongs to.\n\n        If private_only is True, create a separate instance of this field\n        for every subclass of cls, even if cls is not an abstract model.\n        """\n        self.set_attributes_from_name(name)\n        self.model = cls\n        cls._meta.add_field(self, private=private_only)\n        if self.column:\n            # Don\'t override classmethods with the descriptor. This means that\n            # if you have a classmethod and a field with the same name, then\n            # such fields can\'t be deferred (we don\'t have a check for this).\n            if not getattr(cls, self.attname, None):\n                setattr(cls, self.attname, self.descriptor_class(self))\n        if self.choices is not None:\n            setattr(cls, \'get_%s_display\' % self.name,\n                    partialmethod(cls._get_FIELD_display, field=self))\n'), SearchResult(search_action='search_method_in_class', search_action_input={'class_name': 'cached_property', 'method_name': '__get__', 'file_path': 'django/utils/functional.py'}, search_content='File Path: django/utils/functional.py \nMethod Content: \n    def __get__(self, instance, cls=None):\n        """\n        Call the function and put the return value in instance.__dict__ so that\n        subsequent attribute access on the instance returns the cached value\n        instead of calling cached_property.__get__().\n        """\n        if instance is None:\n            return self\n        res = instance.__dict__[self.name] = self.func(instance)\n        return res\n')]
[2026-07-29 15:10:11,059 - Orcar.search_agent - INFO] in_token_cnt=5952 out_token_cnt=427
[2026-07-29 15:10:11,060 - Orcar.search_agent - INFO] Chat response: assistant: {
  "observation_feedback": "The current evidence points to model class construction as the regression point. `Field.contribute_to_class()` unconditionally installs `get_%s_display` on the model with `setattr(...)`, which would shadow a user-defined `get_foo_bar_display()` during class setup. The `cached_property.__get__` path looks unrelated; the remaining likely code paths are `Model._get_FIELD_display()` and the `ModelBase` class-assembly logic that decides how attributes are added to the model class.",
  "potential_bug_locations": [
    {
      "file_path": "django/db/models/fields/__init__.py",
      "class_name": "Field",
      "method_name": "contribute_to_class"
    },
    {
      "file_path": "django/db/models/base.py",
      "class_name": "Model",
      "method_name": "_get_FIELD_display"
    },
    {
      "file_path": "django/db/models/base.py",
      "class_name": "ModelBase",
      "method_name": "__new__"
    },
    {
      "file_path": "django/db/models/base.py",
      "class_name": "ModelBase",
      "method_name": "add_to_class"
    }
  ],
  "new_search_actions": [
    {
      "action": "search_method_in_class",
      "action_input": {
        "class_name": "ModelBase",
        "method_name": "__new__",
        "file_path": "django/db/models/base.py"
      }
    },
    {
      "action": "search_method_in_class",
      "action_input": {
        "class_name": "ModelBase",
        "method_name": "add_to_class",
        "file_path": "django/db/models/base.py"
      }
    },
    {
      "action": "search_method_in_class",
      "action_input": {
        "class_name": "Model",
        "method_name": "_get_FIELD_display",
        "file_path": "django/db/models/base.py"
      }
    }
  ]
}
[2026-07-29 15:10:11,060 - action_history - DEBUG] Action history: 
 SearchActionHistory(
  Search Action: search_method_in_class
Search Action Input: {'class_name': 'cached_property', 'method_name': '__get__', 'file_path': 'django/utils/functional.py'}: 1
  Search Action: search_class
Search Action Input: {'class_name': 'Field', 'file_path': 'django/db/models/fields/__init__.py'}: 2
  Search Action: search_class
Search Action Input: {'class_name': 'ModelBase', 'file_path': 'django/db/models/base.py'}: 3
  Search Action: search_class
Search Action Input: {'class_name': 'Model', 'file_path': 'django/db/models/base.py'}: 2
  Search Action: search_file_contents
Search Action Input: {'file_name': 'functional.py', 'directory_path': 'django/utils'}: 1
  Search Action: search_method_in_class
Search Action Input: {'class_name': 'Field', 'method_name': 'contribute_to_class', 'file_path': 'django/db/models/fields/__init__.py'}: 3
  Search Action: search_method_in_class
Search Action Input: {'class_name': 'Field', 'method_name': 'value_from_object', 'file_path': 'django/db/models/fields/__init__.py'}: 1
  Search Action: search_file_contents
Search Action Input: {'file_name': '__init__.py', 'directory_path': 'django/db/models/fields'}: 1
  Search Action: search_method_in_class
Search Action Input: {'class_name': 'ModelBase', 'method_name': '__new__', 'file_path': 'django/db/models/base.py'}: 3
  Search Action: search_method_in_class
Search Action Input: {'class_name': 'ModelBase', 'method_name': '_base_manager', 'file_path': 'django/db/models/base.py'}: 1
  Search Action: search_file_contents
Search Action Input: {'file_name': 'base.py', 'directory_path': 'django/db/models'}: 1
  Search Action: search_method_in_class
Search Action Input: {'class_name': 'ModelBase', 'method_name': 'add_to_class', 'file_path': 'django/db/models/base.py'}: 2
  Search Action: search_method_in_class
Search Action Input: {'class_name': 'ModelBase', 'method_name': '__new__'}: 1
  Search Action: search_method_in_class
Search Action Input: {'class_name': 'ModelBase', 'method_name': 'add_to_class'}: 1
  Search Action: search_method_in_class
Search Action Input: {'class_name': 'Model', 'method_name': '_get_FIELD_display'}: 1
  Search Action: search_method_in_class
Search Action Input: {'class_name': 'Model', 'method_name': '_get_FIELD_display', 'file_path': 'django/db/models/base.py'}: 1
)
[2026-07-29 15:10:11,061 - Orcar.search_agent - INFO] Current search queue size: 11
[2026-07-29 15:10:12,300 - Orcar.search_agent - INFO] Is early stop: False similarity: True
[2026-07-29 15:10:12,301 - Orcar.search_agent - INFO] Is complete: False
[2026-07-29 15:10:12,301 - search_queue - DEBUG] search queue: 
 SearchQueue(
  Value: 3, Action: Search Action: search_method_in_class
Search Action Input: {'class_name': 'ModelBase', 'method_name': '__new__', 'file_path': 'django/db/models/base.py'}
  Value: 2, Action: Search Action: search_file_contents
Search Action Input: {'file_name': 'functional.py', 'directory_path': 'django/utils'}
  Value: 2, Action: Search Action: search_method_in_class
Search Action Input: {'class_name': 'Field', 'method_name': 'value_from_object', 'file_path': 'django/db/models/fields/__init__.py'}
  Value: 2, Action: Search Action: search_file_contents
Search Action Input: {'file_name': '__init__.py', 'directory_path': 'django/db/models/fields'}
  Value: 2, Action: Search Action: search_method_in_class
Search Action Input: {'class_name': 'ModelBase', 'method_name': '_base_manager', 'file_path': 'django/db/models/base.py'}
  Value: 2, Action: Search Action: search_file_contents
Search Action Input: {'file_name': 'base.py', 'directory_path': 'django/db/models'}
  Value: 2, Action: Search Action: search_method_in_class
Search Action Input: {'class_name': 'ModelBase', 'method_name': 'add_to_class', 'file_path': 'django/db/models/base.py'}
  Value: 1, Action: Search Action: search_method_in_class
Search Action Input: {'class_name': 'ModelBase', 'method_name': '__new__'}
  Value: 1, Action: Search Action: search_method_in_class
Search Action Input: {'class_name': 'ModelBase', 'method_name': 'add_to_class'}
  Value: 1, Action: Search Action: search_method_in_class
Search Action Input: {'class_name': 'Model', 'method_name': '_get_FIELD_display'}
  Value: 1, Action: Search Action: search_method_in_class
Search Action Input: {'class_name': 'Model', 'method_name': '_get_FIELD_display', 'file_path': 'django/db/models/base.py'}
)
[2026-07-29 15:10:12,346 - Orcar.search_agent - DEBUG] Search content: [ChatMessage(role=<MessageRole.USER: 'user'>, additional_kwargs={}, blocks=[TextBlock(block_type='text', text='Please provide observation feedback and new_search_actions on the search results below. \n<New Info>\n\n            Search Action: search_method_in_class\n\n            Search Action Input: {\'class_name\': \'ModelBase\', \'method_name\': \'__new__\', \'file_path\': \'django/db/models/base.py\'}\n\n            File Path: django/db/models/base.py \nMethod Content: \n    def __new__(cls, name, bases, attrs, **kwargs):\n        super_new = super().__new__\n\n        # Also ensure initialization is only performed for subclasses of Model\n        # (excluding Model class itself).\n        parents = [b for b in bases if isinstance(b, ModelBase)]\n        if not parents:\n            return super_new(cls, name, bases, attrs)\n\n        # Create the class.\n        module = attrs.pop(\'__module__\')\n        new_attrs = {\'__module__\': module}\n        classcell = attrs.pop(\'__classcell__\', None)\n        if classcell is not None:\n            new_attrs[\'__classcell__\'] = classcell\n        attr_meta = attrs.pop(\'Meta\', None)\n        # Pass all attrs without a (Django-specific) contribute_to_class()\n        # method to type.__new__() so that they\'re properly initialized\n        # (i.e. __set_name__()).\n        contributable_attrs = {}\n        for obj_name, obj in list(attrs.items()):\n            if _has_contribute_to_class(obj):\n                contributable_attrs[obj_name] = obj\n            else:\n                new_attrs[obj_name] = obj\n        new_class = super_new(cls, name, bases, new_attrs, **kwargs)\n\n        abstract = getattr(attr_meta, \'abstract\', False)\n        meta = attr_meta or getattr(new_class, \'Meta\', None)\n        base_meta = getattr(new_class, \'_meta\', None)\n\n        app_label = None\n\n        # Look for an application configuration to attach the model to.\n        app_config = apps.get_containing_app_config(module)\n\n        if getattr(meta, \'app_label\', None) is None:\n            if app_config is None:\n                if not abstract:\n                    raise RuntimeError(\n                        "Model class %s.%s doesn\'t declare an explicit "\n                        "app_label and isn\'t in an application in "\n                        "INSTALLED_APPS." % (module, name)\n                    )\n\n            else:\n                app_label = app_config.label\n\n        new_class.add_to_class(\'_meta\', Options(meta, app_label))\n        if not abstract:\n            new_class.add_to_class(\n                \'DoesNotExist\',\n                subclass_exception(\n                    \'DoesNotExist\',\n                    tuple(\n                        x.DoesNotExist for x in parents if hasattr(x, \'_meta\') and not x._meta.abstract\n                    ) or (ObjectDoesNotExist,),\n                    module,\n                    attached_to=new_class))\n            new_class.add_to_class(\n                \'MultipleObjectsReturned\',\n                subclass_exception(\n                    \'MultipleObjectsReturned\',\n                    tuple(\n                        x.MultipleObjectsReturned for x in parents if hasattr(x, \'_meta\') and not x._meta.abstract\n                    ) or (MultipleObjectsReturned,),\n                    module,\n                    attached_to=new_class))\n            if base_meta and not base_meta.abstract:\n                # Non-abstract child classes inherit some attributes from their\n                # non-abstract parent (unless an ABC comes before it in the\n                # method resolution order).\n                if not hasattr(meta, \'ordering\'):\n                    new_class._meta.ordering = base_meta.ordering\n                if not hasattr(meta, \'get_latest_by\'):\n                    new_class._meta.get_latest_by = base_meta.get_latest_by\n\n        is_proxy = new_class._meta.proxy\n\n        # If the model is a proxy, ensure that the base class\n        # hasn\'t been swapped out.\n        if is_proxy and base_meta and base_meta.swapped:\n            raise TypeError("%s cannot proxy the swapped model \'%s\'." % (name, base_meta.swapped))\n\n        # Add remaining attributes (those with a contribute_to_class() method)\n        # to the class.\n        for obj_name, obj in contributable_attrs.items():\n            new_class.add_to_class(obj_name, obj)\n\n        # All the fields of any type declared on this model\n        new_fields = chain(\n            new_class._meta.local_fields,\n            new_class._meta.local_many_to_many,\n            new_class._meta.private_fields\n        )\n        field_names = {f.name for f in new_fields}\n\n        # Basic setup for proxy models.\n        if is_proxy:\n            base = None\n            for parent in [kls for kls in parents if hasattr(kls, \'_meta\')]:\n                if parent._meta.abstract:\n                    if parent._meta.fields:\n                        raise TypeError(\n                            "Abstract base class containing model fields not "\n                            "permitted for proxy model \'%s\'." % name\n                        )\n                    else:\n                        continue\n                if base is None:\n                    base = parent\n                elif parent._meta.concrete_model is not base._meta.concrete_model:\n                    raise TypeError("Proxy model \'%s\' has more than one non-abstract model base class." % name)\n            if base is None:\n                raise TypeError("Proxy model \'%s\' has no non-abstract model base class." % name)\n            new_class._meta.setup_proxy(base)\n            new_class._meta.concrete_model = base._meta.concrete_model\n        else:\n            new_class._meta.concrete_model = new_class\n\n        # Collect the parent links for multi-table inheritance.\n        parent_links = {}\n        for base in reversed([new_class] + parents):\n            # Conceptually equivalent to `if base is Model`.\n            if not hasattr(base, \'_meta\'):\n                continue\n            # Skip concrete parent classes.\n            if base != new_class and not base._meta.abstract:\n                continue\n            # Locate OneToOneField instances.\n            for field in base._meta.local_fields:\n                if isinstance(field, OneToOneField):\n                    related = resolve_relation(new_class, field.remote_field.model)\n                    parent_links[make_model_tuple(related)] = field\n\n        # Track fields inherited from base models.\n        inherited_attributes = set()\n        # Do the appropriate setup for any model parents.\n        for base in new_class.mro():\n            if base not in parents or not hasattr(base, \'_meta\'):\n                # Things without _meta aren\'t functional models, so they\'re\n                # uninteresting parents.\n                inherited_attributes.update(base.__dict__)\n                continue\n\n            parent_fields = base._meta.local_fields + base._meta.local_many_to_many\n            if not base._meta.abstract:\n                # Check for clashes between locally declared fields and those\n                # on the base classes.\n                for field in parent_fields:\n                    if field.name in field_names:\n                        raise FieldError(\n                            \'Local field %r in class %r clashes with field of \'\n                            \'the same name from base class %r.\' % (\n                                field.name,\n                                name,\n                                base.__name__,\n                            )\n                        )\n                    else:\n                        inherited_attributes.add(field.name)\n\n                # Concrete classes...\n                base = base._meta.concrete_model\n                base_key = make_model_tuple(base)\n                if base_key in parent_links:\n                    field = parent_links[base_key]\n                elif not is_proxy:\n                    attr_name = \'%s_ptr\' % base._meta.model_name\n                    field = OneToOneField(\n                        base,\n                        on_delete=CASCADE,\n                        name=attr_name,\n                        auto_created=True,\n                        parent_link=True,\n                    )\n\n                    if attr_name in field_names:\n                        raise FieldError(\n                            "Auto-generated field \'%s\' in class %r for "\n                            "parent_link to base class %r clashes with "\n                            "declared field of the same name." % (\n                                attr_name,\n                                name,\n                                base.__name__,\n                            )\n                        )\n\n                    # Only add the ptr field if it\'s not already present;\n                    # e.g. migrations will already have it specified\n                    if not hasattr(new_class, attr_name):\n                        new_class.add_to_class(attr_name, field)\n                else:\n                    field = None\n                new_class._meta.parents[base] = field\n            else:\n                base_parents = base._meta.parents.copy()\n\n                # Add fields from abstract base class if it wasn\'t overridden.\n                for field in parent_fields:\n                    if (field.name not in field_names and\n                            field.name not in new_class.__dict__ and\n                            field.name not in inherited_attributes):\n                        new_field = copy.deepcopy(field)\n                        new_class.add_to_class(field.name, new_field)\n                        # Replace parent links defined on this base by the new\n                        # field. It will be appropriately resolved if required.\n                        if field.one_to_one:\n                            for parent, parent_link in base_parents.items():\n                                if field == parent_link:\n                                    base_parents[parent] = new_field\n\n                # Pass any non-abstract parent classes onto child.\n                new_class._meta.parents.update(base_parents)\n\n            # Inherit private fields (like GenericForeignKey) from the parent\n            # class\n            for field in base._meta.private_fields:\n                if field.name in field_names:\n                    if not base._meta.abstract:\n                        raise FieldError(\n                            \'Local field %r in class %r clashes with field of \'\n                            \'the same name from base class %r.\' % (\n                                field.name,\n                                name,\n                                base.__name__,\n                            )\n                        )\n                else:\n                    field = copy.deepcopy(field)\n                    if not base._meta.abstract:\n                        field.mti_inherited = True\n                    new_class.add_to_class(field.name, field)\n\n        # Copy indexes so that index names are unique when models extend an\n        # abstract model.\n        new_class._meta.indexes = [copy.deepcopy(idx) for idx in new_class._meta.indexes]\n\n        if abstract:\n            # Abstract base models can\'t be instantiated and don\'t appear in\n            # the list of models for an app. We do the final setup for them a\n            # little differently from normal models.\n            attr_meta.abstract = False\n            new_class.Meta = attr_meta\n            return new_class\n\n        new_class._prepare()\n        new_class._meta.apps.register_model(new_class._meta.app_label, new_class)\n        return new_class\n\n</New Info>\n')])]
[2026-07-29 15:10:12,347 - Orcar.search_agent - INFO] Search cache: [SearchResult(search_action='search_method_in_class', search_action_input={'class_name': 'Field', 'method_name': 'contribute_to_class', 'file_path': 'django/db/models/fields/__init__.py'}, search_content='File Path: django/db/models/fields/__init__.py \nMethod Content: \n    def contribute_to_class(self, cls, name, private_only=False):\n        """\n        Register the field with the model class it belongs to.\n\n        If private_only is True, create a separate instance of this field\n        for every subclass of cls, even if cls is not an abstract model.\n        """\n        self.set_attributes_from_name(name)\n        self.model = cls\n        cls._meta.add_field(self, private=private_only)\n        if self.column:\n            # Don\'t override classmethods with the descriptor. This means that\n            # if you have a classmethod and a field with the same name, then\n            # such fields can\'t be deferred (we don\'t have a check for this).\n            if not getattr(cls, self.attname, None):\n                setattr(cls, self.attname, self.descriptor_class(self))\n        if self.choices is not None:\n            setattr(cls, \'get_%s_display\' % self.name,\n                    partialmethod(cls._get_FIELD_display, field=self))\n'), SearchResult(search_action='search_method_in_class', search_action_input={'class_name': 'ModelBase', 'method_name': '__new__', 'file_path': 'django/db/models/base.py'}, search_content='File Path: django/db/models/base.py \nMethod Content: \n    def __new__(cls, name, bases, attrs, **kwargs):\n        super_new = super().__new__\n\n        # Also ensure initialization is only performed for subclasses of Model\n        # (excluding Model class itself).\n        parents = [b for b in bases if isinstance(b, ModelBase)]\n        if not parents:\n            return super_new(cls, name, bases, attrs)\n\n        # Create the class.\n        module = attrs.pop(\'__module__\')\n        new_attrs = {\'__module__\': module}\n        classcell = attrs.pop(\'__classcell__\', None)\n        if classcell is not None:\n            new_attrs[\'__classcell__\'] = classcell\n        attr_meta = attrs.pop(\'Meta\', None)\n        # Pass all attrs without a (Django-specific) contribute_to_class()\n        # method to type.__new__() so that they\'re properly initialized\n        # (i.e. __set_name__()).\n        contributable_attrs = {}\n        for obj_name, obj in list(attrs.items()):\n            if _has_contribute_to_class(obj):\n                contributable_attrs[obj_name] = obj\n            else:\n                new_attrs[obj_name] = obj\n        new_class = super_new(cls, name, bases, new_attrs, **kwargs)\n\n        abstract = getattr(attr_meta, \'abstract\', False)\n        meta = attr_meta or getattr(new_class, \'Meta\', None)\n        base_meta = getattr(new_class, \'_meta\', None)\n\n        app_label = None\n\n        # Look for an application configuration to attach the model to.\n        app_config = apps.get_containing_app_config(module)\n\n        if getattr(meta, \'app_label\', None) is None:\n            if app_config is None:\n                if not abstract:\n                    raise RuntimeError(\n                        "Model class %s.%s doesn\'t declare an explicit "\n                        "app_label and isn\'t in an application in "\n                        "INSTALLED_APPS." % (module, name)\n                    )\n\n            else:\n                app_label = app_config.label\n\n        new_class.add_to_class(\'_meta\', Options(meta, app_label))\n        if not abstract:\n            new_class.add_to_class(\n                \'DoesNotExist\',\n                subclass_exception(\n                    \'DoesNotExist\',\n                    tuple(\n                        x.DoesNotExist for x in parents if hasattr(x, \'_meta\') and not x._meta.abstract\n                    ) or (ObjectDoesNotExist,),\n                    module,\n                    attached_to=new_class))\n            new_class.add_to_class(\n                \'MultipleObjectsReturned\',\n                subclass_exception(\n                    \'MultipleObjectsReturned\',\n                    tuple(\n                        x.MultipleObjectsReturned for x in parents if hasattr(x, \'_meta\') and not x._meta.abstract\n                    ) or (MultipleObjectsReturned,),\n                    module,\n                    attached_to=new_class))\n            if base_meta and not base_meta.abstract:\n                # Non-abstract child classes inherit some attributes from their\n                # non-abstract parent (unless an ABC comes before it in the\n                # method resolution order).\n                if not hasattr(meta, \'ordering\'):\n                    new_class._meta.ordering = base_meta.ordering\n                if not hasattr(meta, \'get_latest_by\'):\n                    new_class._meta.get_latest_by = base_meta.get_latest_by\n\n        is_proxy = new_class._meta.proxy\n\n        # If the model is a proxy, ensure that the base class\n        # hasn\'t been swapped out.\n        if is_proxy and base_meta and base_meta.swapped:\n            raise TypeError("%s cannot proxy the swapped model \'%s\'." % (name, base_meta.swapped))\n\n        # Add remaining attributes (those with a contribute_to_class() method)\n        # to the class.\n        for obj_name, obj in contributable_attrs.items():\n            new_class.add_to_class(obj_name, obj)\n\n        # All the fields of any type declared on this model\n        new_fields = chain(\n            new_class._meta.local_fields,\n            new_class._meta.local_many_to_many,\n            new_class._meta.private_fields\n        )\n        field_names = {f.name for f in new_fields}\n\n        # Basic setup for proxy models.\n        if is_proxy:\n            base = None\n            for parent in [kls for kls in parents if hasattr(kls, \'_meta\')]:\n                if parent._meta.abstract:\n                    if parent._meta.fields:\n                        raise TypeError(\n                            "Abstract base class containing model fields not "\n                            "permitted for proxy model \'%s\'." % name\n                        )\n                    else:\n                        continue\n                if base is None:\n                    base = parent\n                elif parent._meta.concrete_model is not base._meta.concrete_model:\n                    raise TypeError("Proxy model \'%s\' has more than one non-abstract model base class." % name)\n            if base is None:\n                raise TypeError("Proxy model \'%s\' has no non-abstract model base class." % name)\n            new_class._meta.setup_proxy(base)\n            new_class._meta.concrete_model = base._meta.concrete_model\n        else:\n            new_class._meta.concrete_model = new_class\n\n        # Collect the parent links for multi-table inheritance.\n        parent_links = {}\n        for base in reversed([new_class] + parents):\n            # Conceptually equivalent to `if base is Model`.\n            if not hasattr(base, \'_meta\'):\n                continue\n            # Skip concrete parent classes.\n            if base != new_class and not base._meta.abstract:\n                continue\n            # Locate OneToOneField instances.\n            for field in base._meta.local_fields:\n                if isinstance(field, OneToOneField):\n                    related = resolve_relation(new_class, field.remote_field.model)\n                    parent_links[make_model_tuple(related)] = field\n\n        # Track fields inherited from base models.\n        inherited_attributes = set()\n        # Do the appropriate setup for any model parents.\n        for base in new_class.mro():\n            if base not in parents or not hasattr(base, \'_meta\'):\n                # Things without _meta aren\'t functional models, so they\'re\n                # uninteresting parents.\n                inherited_attributes.update(base.__dict__)\n                continue\n\n            parent_fields = base._meta.local_fields + base._meta.local_many_to_many\n            if not base._meta.abstract:\n                # Check for clashes between locally declared fields and those\n                # on the base classes.\n                for field in parent_fields:\n                    if field.name in field_names:\n                        raise FieldError(\n                            \'Local field %r in class %r clashes with field of \'\n                            \'the same name from base class %r.\' % (\n                                field.name,\n                                name,\n                                base.__name__,\n                            )\n                        )\n                    else:\n                        inherited_attributes.add(field.name)\n\n                # Concrete classes...\n                base = base._meta.concrete_model\n                base_key = make_model_tuple(base)\n                if base_key in parent_links:\n                    field = parent_links[base_key]\n                elif not is_proxy:\n                    attr_name = \'%s_ptr\' % base._meta.model_name\n                    field = OneToOneField(\n                        base,\n                        on_delete=CASCADE,\n                        name=attr_name,\n                        auto_created=True,\n                        parent_link=True,\n                    )\n\n                    if attr_name in field_names:\n                        raise FieldError(\n                            "Auto-generated field \'%s\' in class %r for "\n                            "parent_link to base class %r clashes with "\n                            "declared field of the same name." % (\n                                attr_name,\n                                name,\n                                base.__name__,\n                            )\n                        )\n\n                    # Only add the ptr field if it\'s not already present;\n                    # e.g. migrations will already have it specified\n                    if not hasattr(new_class, attr_name):\n                        new_class.add_to_class(attr_name, field)\n                else:\n                    field = None\n                new_class._meta.parents[base] = field\n            else:\n                base_parents = base._meta.parents.copy()\n\n                # Add fields from abstract base class if it wasn\'t overridden.\n                for field in parent_fields:\n                    if (field.name not in field_names and\n                            field.name not in new_class.__dict__ and\n                            field.name not in inherited_attributes):\n                        new_field = copy.deepcopy(field)\n                        new_class.add_to_class(field.name, new_field)\n                        # Replace parent links defined on this base by the new\n                        # field. It will be appropriately resolved if required.\n                        if field.one_to_one:\n                            for parent, parent_link in base_parents.items():\n                                if field == parent_link:\n                                    base_parents[parent] = new_field\n\n                # Pass any non-abstract parent classes onto child.\n                new_class._meta.parents.update(base_parents)\n\n            # Inherit private fields (like GenericForeignKey) from the parent\n            # class\n            for field in base._meta.private_fields:\n                if field.name in field_names:\n                    if not base._meta.abstract:\n                        raise FieldError(\n                            \'Local field %r in class %r clashes with field of \'\n                            \'the same name from base class %r.\' % (\n                                field.name,\n                                name,\n                                base.__name__,\n                            )\n                        )\n                else:\n                    field = copy.deepcopy(field)\n                    if not base._meta.abstract:\n                        field.mti_inherited = True\n                    new_class.add_to_class(field.name, field)\n\n        # Copy indexes so that index names are unique when models extend an\n        # abstract model.\n        new_class._meta.indexes = [copy.deepcopy(idx) for idx in new_class._meta.indexes]\n\n        if abstract:\n            # Abstract base models can\'t be instantiated and don\'t appear in\n            # the list of models for an app. We do the final setup for them a\n            # little differently from normal models.\n            attr_meta.abstract = False\n            new_class.Meta = attr_meta\n            return new_class\n\n        new_class._prepare()\n        new_class._meta.apps.register_model(new_class._meta.app_label, new_class)\n        return new_class\n'), SearchResult(search_action='search_method_in_class', search_action_input={'class_name': 'cached_property', 'method_name': '__get__', 'file_path': 'django/utils/functional.py'}, search_content='File Path: django/utils/functional.py \nMethod Content: \n    def __get__(self, instance, cls=None):\n        """\n        Call the function and put the return value in instance.__dict__ so that\n        subsequent attribute access on the instance returns the cached value\n        instead of calling cached_property.__get__().\n        """\n        if instance is None:\n            return self\n        res = instance.__dict__[self.name] = self.func(instance)\n        return res\n')]
[2026-07-29 15:10:21,318 - Orcar.search_agent - INFO] in_token_cnt=8272 out_token_cnt=342
[2026-07-29 15:10:21,318 - Orcar.search_agent - INFO] Chat response: assistant: {
  "observation_feedback": "The regression is most likely caused by Django injecting the auto-generated `get_%s_display` method during field contribution, which would shadow any user-defined override on the model class. `Field.contribute_to_class()` is the strongest suspect because it unconditionally assigns `get_<field>_display` when `choices` is present. `ModelBase.__new__()` is also relevant because it controls how class attributes are installed during model construction. The `cached_property.__get__()` result does not appear to be the bug source.",
  "potential_bug_locations": [
    {
      "file_path": "django/db/models/fields/__init__.py",
      "class_name": "Field",
      "method_name": "contribute_to_class"
    },
    {
      "file_path": "django/db/models/base.py",
      "class_name": "ModelBase",
      "method_name": "__new__"
    }
  ],
  "new_search_actions": [
    {
      "action": "search_method_in_class",
      "action_input": {
        "class_name": "ModelBase",
        "method_name": "add_to_class",
        "file_path": "django/db/models/base.py"
      }
    },
    {
      "action": "search_method_in_class",
      "action_input": {
        "class_name": "Model",
        "method_name": "_get_FIELD_display",
        "file_path": "django/db/models/base.py"
      }
    },
    {
      "action": "search_callable",
      "action_input": {
        "query_name": "get_FOO_display"
      }
    }
  ]
}
[2026-07-29 15:10:21,319 - action_history - DEBUG] Action history: 
 SearchActionHistory(
  Search Action: search_method_in_class
Search Action Input: {'class_name': 'cached_property', 'method_name': '__get__', 'file_path': 'django/utils/functional.py'}: 1
  Search Action: search_class
Search Action Input: {'class_name': 'Field', 'file_path': 'django/db/models/fields/__init__.py'}: 2
  Search Action: search_class
Search Action Input: {'class_name': 'ModelBase', 'file_path': 'django/db/models/base.py'}: 3
  Search Action: search_class
Search Action Input: {'class_name': 'Model', 'file_path': 'django/db/models/base.py'}: 2
  Search Action: search_file_contents
Search Action Input: {'file_name': 'functional.py', 'directory_path': 'django/utils'}: 1
  Search Action: search_method_in_class
Search Action Input: {'class_name': 'Field', 'method_name': 'contribute_to_class', 'file_path': 'django/db/models/fields/__init__.py'}: 3
  Search Action: search_method_in_class
Search Action Input: {'class_name': 'Field', 'method_name': 'value_from_object', 'file_path': 'django/db/models/fields/__init__.py'}: 1
  Search Action: search_file_contents
Search Action Input: {'file_name': '__init__.py', 'directory_path': 'django/db/models/fields'}: 1
  Search Action: search_method_in_class
Search Action Input: {'class_name': 'ModelBase', 'method_name': '__new__', 'file_path': 'django/db/models/base.py'}: 3
  Search Action: search_method_in_class
Search Action Input: {'class_name': 'ModelBase', 'method_name': '_base_manager', 'file_path': 'django/db/models/base.py'}: 1
  Search Action: search_file_contents
Search Action Input: {'file_name': 'base.py', 'directory_path': 'django/db/models'}: 1
  Search Action: search_method_in_class
Search Action Input: {'class_name': 'ModelBase', 'method_name': 'add_to_class', 'file_path': 'django/db/models/base.py'}: 3
  Search Action: search_method_in_class
Search Action Input: {'class_name': 'ModelBase', 'method_name': '__new__'}: 1
  Search Action: search_method_in_class
Search Action Input: {'class_name': 'ModelBase', 'method_name': 'add_to_class'}: 1
  Search Action: search_method_in_class
Search Action Input: {'class_name': 'Model', 'method_name': '_get_FIELD_display'}: 1
  Search Action: search_method_in_class
Search Action Input: {'class_name': 'Model', 'method_name': '_get_FIELD_display', 'file_path': 'django/db/models/base.py'}: 2
  Search Action: search_callable
Search Action Input: {'query_name': 'get_FOO_display'}: 1
)
[2026-07-29 15:10:21,319 - Orcar.search_agent - INFO] Current search queue size: 11
[2026-07-29 15:10:22,460 - Orcar.search_agent - INFO] Is early stop: False similarity: True
[2026-07-29 15:10:22,460 - Orcar.search_agent - INFO] Is complete: False
[2026-07-29 15:10:22,460 - search_queue - DEBUG] search queue: 
 SearchQueue(
  Value: 3, Action: Search Action: search_method_in_class
Search Action Input: {'class_name': 'ModelBase', 'method_name': 'add_to_class', 'file_path': 'django/db/models/base.py'}
  Value: 2, Action: Search Action: search_file_contents
Search Action Input: {'file_name': 'functional.py', 'directory_path': 'django/utils'}
  Value: 2, Action: Search Action: search_method_in_class
Search Action Input: {'class_name': 'Field', 'method_name': 'value_from_object', 'file_path': 'django/db/models/fields/__init__.py'}
  Value: 2, Action: Search Action: search_file_contents
Search Action Input: {'file_name': '__init__.py', 'directory_path': 'django/db/models/fields'}
  Value: 2, Action: Search Action: search_method_in_class
Search Action Input: {'class_name': 'ModelBase', 'method_name': '_base_manager', 'file_path': 'django/db/models/base.py'}
  Value: 2, Action: Search Action: search_file_contents
Search Action Input: {'file_name': 'base.py', 'directory_path': 'django/db/models'}
  Value: 2, Action: Search Action: search_method_in_class
Search Action Input: {'class_name': 'Model', 'method_name': '_get_FIELD_display', 'file_path': 'django/db/models/base.py'}
  Value: 1, Action: Search Action: search_method_in_class
Search Action Input: {'class_name': 'ModelBase', 'method_name': '__new__'}
  Value: 1, Action: Search Action: search_method_in_class
Search Action Input: {'class_name': 'ModelBase', 'method_name': 'add_to_class'}
  Value: 1, Action: Search Action: search_method_in_class
Search Action Input: {'class_name': 'Model', 'method_name': '_get_FIELD_display'}
  Value: 1, Action: Search Action: search_callable
Search Action Input: {'query_name': 'get_FOO_display'}
)
[2026-07-29 15:10:22,509 - Orcar.search_agent - DEBUG] Search content: [ChatMessage(role=<MessageRole.USER: 'user'>, additional_kwargs={}, blocks=[TextBlock(block_type='text', text="Please provide observation feedback and new_search_actions on the search results below. \n<New Info>\n\n            Search Action: search_method_in_class\n\n            Search Action Input: {'class_name': 'ModelBase', 'method_name': 'add_to_class', 'file_path': 'django/db/models/base.py'}\n\n            File Path: django/db/models/base.py \nMethod Content: \n    def add_to_class(cls, name, value):\n        if _has_contribute_to_class(value):\n            value.contribute_to_class(cls, name)\n        else:\n            setattr(cls, name, value)\n\n</New Info>\n")])]
[2026-07-29 15:10:22,509 - Orcar.search_agent - INFO] Search cache: [SearchResult(search_action='search_method_in_class', search_action_input={'class_name': 'Field', 'method_name': 'contribute_to_class', 'file_path': 'django/db/models/fields/__init__.py'}, search_content='File Path: django/db/models/fields/__init__.py \nMethod Content: \n    def contribute_to_class(self, cls, name, private_only=False):\n        """\n        Register the field with the model class it belongs to.\n\n        If private_only is True, create a separate instance of this field\n        for every subclass of cls, even if cls is not an abstract model.\n        """\n        self.set_attributes_from_name(name)\n        self.model = cls\n        cls._meta.add_field(self, private=private_only)\n        if self.column:\n            # Don\'t override classmethods with the descriptor. This means that\n            # if you have a classmethod and a field with the same name, then\n            # such fields can\'t be deferred (we don\'t have a check for this).\n            if not getattr(cls, self.attname, None):\n                setattr(cls, self.attname, self.descriptor_class(self))\n        if self.choices is not None:\n            setattr(cls, \'get_%s_display\' % self.name,\n                    partialmethod(cls._get_FIELD_display, field=self))\n'), SearchResult(search_action='search_method_in_class', search_action_input={'class_name': 'ModelBase', 'method_name': '__new__', 'file_path': 'django/db/models/base.py'}, search_content='File Path: django/db/models/base.py \nMethod Content: \n    def __new__(cls, name, bases, attrs, **kwargs):\n        super_new = super().__new__\n\n        # Also ensure initialization is only performed for subclasses of Model\n        # (excluding Model class itself).\n        parents = [b for b in bases if isinstance(b, ModelBase)]\n        if not parents:\n            return super_new(cls, name, bases, attrs)\n\n        # Create the class.\n        module = attrs.pop(\'__module__\')\n        new_attrs = {\'__module__\': module}\n        classcell = attrs.pop(\'__classcell__\', None)\n        if classcell is not None:\n            new_attrs[\'__classcell__\'] = classcell\n        attr_meta = attrs.pop(\'Meta\', None)\n        # Pass all attrs without a (Django-specific) contribute_to_class()\n        # method to type.__new__() so that they\'re properly initialized\n        # (i.e. __set_name__()).\n        contributable_attrs = {}\n        for obj_name, obj in list(attrs.items()):\n            if _has_contribute_to_class(obj):\n                contributable_attrs[obj_name] = obj\n            else:\n                new_attrs[obj_name] = obj\n        new_class = super_new(cls, name, bases, new_attrs, **kwargs)\n\n        abstract = getattr(attr_meta, \'abstract\', False)\n        meta = attr_meta or getattr(new_class, \'Meta\', None)\n        base_meta = getattr(new_class, \'_meta\', None)\n\n        app_label = None\n\n        # Look for an application configuration to attach the model to.\n        app_config = apps.get_containing_app_config(module)\n\n        if getattr(meta, \'app_label\', None) is None:\n            if app_config is None:\n                if not abstract:\n                    raise RuntimeError(\n                        "Model class %s.%s doesn\'t declare an explicit "\n                        "app_label and isn\'t in an application in "\n                        "INSTALLED_APPS." % (module, name)\n                    )\n\n            else:\n                app_label = app_config.label\n\n        new_class.add_to_class(\'_meta\', Options(meta, app_label))\n        if not abstract:\n            new_class.add_to_class(\n                \'DoesNotExist\',\n                subclass_exception(\n                    \'DoesNotExist\',\n                    tuple(\n                        x.DoesNotExist for x in parents if hasattr(x, \'_meta\') and not x._meta.abstract\n                    ) or (ObjectDoesNotExist,),\n                    module,\n                    attached_to=new_class))\n            new_class.add_to_class(\n                \'MultipleObjectsReturned\',\n                subclass_exception(\n                    \'MultipleObjectsReturned\',\n                    tuple(\n                        x.MultipleObjectsReturned for x in parents if hasattr(x, \'_meta\') and not x._meta.abstract\n                    ) or (MultipleObjectsReturned,),\n                    module,\n                    attached_to=new_class))\n            if base_meta and not base_meta.abstract:\n                # Non-abstract child classes inherit some attributes from their\n                # non-abstract parent (unless an ABC comes before it in the\n                # method resolution order).\n                if not hasattr(meta, \'ordering\'):\n                    new_class._meta.ordering = base_meta.ordering\n                if not hasattr(meta, \'get_latest_by\'):\n                    new_class._meta.get_latest_by = base_meta.get_latest_by\n\n        is_proxy = new_class._meta.proxy\n\n        # If the model is a proxy, ensure that the base class\n        # hasn\'t been swapped out.\n        if is_proxy and base_meta and base_meta.swapped:\n            raise TypeError("%s cannot proxy the swapped model \'%s\'." % (name, base_meta.swapped))\n\n        # Add remaining attributes (those with a contribute_to_class() method)\n        # to the class.\n        for obj_name, obj in contributable_attrs.items():\n            new_class.add_to_class(obj_name, obj)\n\n        # All the fields of any type declared on this model\n        new_fields = chain(\n            new_class._meta.local_fields,\n            new_class._meta.local_many_to_many,\n            new_class._meta.private_fields\n        )\n        field_names = {f.name for f in new_fields}\n\n        # Basic setup for proxy models.\n        if is_proxy:\n            base = None\n            for parent in [kls for kls in parents if hasattr(kls, \'_meta\')]:\n                if parent._meta.abstract:\n                    if parent._meta.fields:\n                        raise TypeError(\n                            "Abstract base class containing model fields not "\n                            "permitted for proxy model \'%s\'." % name\n                        )\n                    else:\n                        continue\n                if base is None:\n                    base = parent\n                elif parent._meta.concrete_model is not base._meta.concrete_model:\n                    raise TypeError("Proxy model \'%s\' has more than one non-abstract model base class." % name)\n            if base is None:\n                raise TypeError("Proxy model \'%s\' has no non-abstract model base class." % name)\n            new_class._meta.setup_proxy(base)\n            new_class._meta.concrete_model = base._meta.concrete_model\n        else:\n            new_class._meta.concrete_model = new_class\n\n        # Collect the parent links for multi-table inheritance.\n        parent_links = {}\n        for base in reversed([new_class] + parents):\n            # Conceptually equivalent to `if base is Model`.\n            if not hasattr(base, \'_meta\'):\n                continue\n            # Skip concrete parent classes.\n            if base != new_class and not base._meta.abstract:\n                continue\n            # Locate OneToOneField instances.\n            for field in base._meta.local_fields:\n                if isinstance(field, OneToOneField):\n                    related = resolve_relation(new_class, field.remote_field.model)\n                    parent_links[make_model_tuple(related)] = field\n\n        # Track fields inherited from base models.\n        inherited_attributes = set()\n        # Do the appropriate setup for any model parents.\n        for base in new_class.mro():\n            if base not in parents or not hasattr(base, \'_meta\'):\n                # Things without _meta aren\'t functional models, so they\'re\n                # uninteresting parents.\n                inherited_attributes.update(base.__dict__)\n                continue\n\n            parent_fields = base._meta.local_fields + base._meta.local_many_to_many\n            if not base._meta.abstract:\n                # Check for clashes between locally declared fields and those\n                # on the base classes.\n                for field in parent_fields:\n                    if field.name in field_names:\n                        raise FieldError(\n                            \'Local field %r in class %r clashes with field of \'\n                            \'the same name from base class %r.\' % (\n                                field.name,\n                                name,\n                                base.__name__,\n                            )\n                        )\n                    else:\n                        inherited_attributes.add(field.name)\n\n                # Concrete classes...\n                base = base._meta.concrete_model\n                base_key = make_model_tuple(base)\n                if base_key in parent_links:\n                    field = parent_links[base_key]\n                elif not is_proxy:\n                    attr_name = \'%s_ptr\' % base._meta.model_name\n                    field = OneToOneField(\n                        base,\n                        on_delete=CASCADE,\n                        name=attr_name,\n                        auto_created=True,\n                        parent_link=True,\n                    )\n\n                    if attr_name in field_names:\n                        raise FieldError(\n                            "Auto-generated field \'%s\' in class %r for "\n                            "parent_link to base class %r clashes with "\n                            "declared field of the same name." % (\n                                attr_name,\n                                name,\n                                base.__name__,\n                            )\n                        )\n\n                    # Only add the ptr field if it\'s not already present;\n                    # e.g. migrations will already have it specified\n                    if not hasattr(new_class, attr_name):\n                        new_class.add_to_class(attr_name, field)\n                else:\n                    field = None\n                new_class._meta.parents[base] = field\n            else:\n                base_parents = base._meta.parents.copy()\n\n                # Add fields from abstract base class if it wasn\'t overridden.\n                for field in parent_fields:\n                    if (field.name not in field_names and\n                            field.name not in new_class.__dict__ and\n                            field.name not in inherited_attributes):\n                        new_field = copy.deepcopy(field)\n                        new_class.add_to_class(field.name, new_field)\n                        # Replace parent links defined on this base by the new\n                        # field. It will be appropriately resolved if required.\n                        if field.one_to_one:\n                            for parent, parent_link in base_parents.items():\n                                if field == parent_link:\n                                    base_parents[parent] = new_field\n\n                # Pass any non-abstract parent classes onto child.\n                new_class._meta.parents.update(base_parents)\n\n            # Inherit private fields (like GenericForeignKey) from the parent\n            # class\n            for field in base._meta.private_fields:\n                if field.name in field_names:\n                    if not base._meta.abstract:\n                        raise FieldError(\n                            \'Local field %r in class %r clashes with field of \'\n                            \'the same name from base class %r.\' % (\n                                field.name,\n                                name,\n                                base.__name__,\n                            )\n                        )\n                else:\n                    field = copy.deepcopy(field)\n                    if not base._meta.abstract:\n                        field.mti_inherited = True\n                    new_class.add_to_class(field.name, field)\n\n        # Copy indexes so that index names are unique when models extend an\n        # abstract model.\n        new_class._meta.indexes = [copy.deepcopy(idx) for idx in new_class._meta.indexes]\n\n        if abstract:\n            # Abstract base models can\'t be instantiated and don\'t appear in\n            # the list of models for an app. We do the final setup for them a\n            # little differently from normal models.\n            attr_meta.abstract = False\n            new_class.Meta = attr_meta\n            return new_class\n\n        new_class._prepare()\n        new_class._meta.apps.register_model(new_class._meta.app_label, new_class)\n        return new_class\n'), SearchResult(search_action='search_method_in_class', search_action_input={'class_name': 'cached_property', 'method_name': '__get__', 'file_path': 'django/utils/functional.py'}, search_content='File Path: django/utils/functional.py \nMethod Content: \n    def __get__(self, instance, cls=None):\n        """\n        Call the function and put the return value in instance.__dict__ so that\n        subsequent attribute access on the instance returns the cached value\n        instead of calling cached_property.__get__().\n        """\n        if instance is None:\n            return self\n        res = instance.__dict__[self.name] = self.func(instance)\n        return res\n'), SearchResult(search_action='search_method_in_class', search_action_input={'class_name': 'ModelBase', 'method_name': 'add_to_class', 'file_path': 'django/db/models/base.py'}, search_content='File Path: django/db/models/base.py \nMethod Content: \n    def add_to_class(cls, name, value):\n        if _has_contribute_to_class(value):\n            value.contribute_to_class(cls, name)\n        else:\n            setattr(cls, name, value)\n')]
[2026-07-29 15:10:44,387 - Orcar.search_agent - INFO] in_token_cnt=6479 out_token_cnt=352
[2026-07-29 15:10:44,388 - Orcar.search_agent - INFO] Chat response: assistant: {
  "observation_feedback": "The strongest regression point is `Field.contribute_to_class()`: it unconditionally assigns `get_%s_display` with `setattr(...)` whenever `choices` is set, so a user-defined `get_foo_bar_display()` can be shadowed during model construction. `ModelBase.__new__()` and `ModelBase.add_to_class()` are the surrounding class-assembly paths that decide when this overwrite happens. The `cached_property.__get__()` result looks unrelated to the override loss.",
  "potential_bug_locations": [
    {
      "file_path": "django/db/models/fields/__init__.py",
      "class_name": "Field",
      "method_name": "contribute_to_class"
    },
    {
      "file_path": "django/db/models/base.py",
      "class_name": "ModelBase",
      "method_name": "add_to_class"
    },
    {
      "file_path": "django/db/models/base.py",
      "class_name": "ModelBase",
      "method_name": "__new__"
    },
    {
      "file_path": "django/db/models/base.py",
      "class_name": "Model",
      "method_name": "_get_FIELD_display"
    }
  ],
  "new_search_actions": [
    {
      "action": "search_method_in_class",
      "action_input": {
        "class_name": "Model",
        "method_name": "_get_FIELD_display",
        "file_path": "django/db/models/base.py"
      }
    },
    {
      "action": "search_callable",
      "action_input": {
        "query_name": "get_FOO_display"
      }
    }
  ]
}
[2026-07-29 15:10:44,388 - action_history - DEBUG] Action history: 
 SearchActionHistory(
  Search Action: search_method_in_class
Search Action Input: {'class_name': 'cached_property', 'method_name': '__get__', 'file_path': 'django/utils/functional.py'}: 1
  Search Action: search_class
Search Action Input: {'class_name': 'Field', 'file_path': 'django/db/models/fields/__init__.py'}: 2
  Search Action: search_class
Search Action Input: {'class_name': 'ModelBase', 'file_path': 'django/db/models/base.py'}: 3
  Search Action: search_class
Search Action Input: {'class_name': 'Model', 'file_path': 'django/db/models/base.py'}: 2
  Search Action: search_file_contents
Search Action Input: {'file_name': 'functional.py', 'directory_path': 'django/utils'}: 1
  Search Action: search_method_in_class
Search Action Input: {'class_name': 'Field', 'method_name': 'contribute_to_class', 'file_path': 'django/db/models/fields/__init__.py'}: 3
  Search Action: search_method_in_class
Search Action Input: {'class_name': 'Field', 'method_name': 'value_from_object', 'file_path': 'django/db/models/fields/__init__.py'}: 1
  Search Action: search_file_contents
Search Action Input: {'file_name': '__init__.py', 'directory_path': 'django/db/models/fields'}: 1
  Search Action: search_method_in_class
Search Action Input: {'class_name': 'ModelBase', 'method_name': '__new__', 'file_path': 'django/db/models/base.py'}: 3
  Search Action: search_method_in_class
Search Action Input: {'class_name': 'ModelBase', 'method_name': '_base_manager', 'file_path': 'django/db/models/base.py'}: 1
  Search Action: search_file_contents
Search Action Input: {'file_name': 'base.py', 'directory_path': 'django/db/models'}: 1
  Search Action: search_method_in_class
Search Action Input: {'class_name': 'ModelBase', 'method_name': 'add_to_class', 'file_path': 'django/db/models/base.py'}: 3
  Search Action: search_method_in_class
Search Action Input: {'class_name': 'ModelBase', 'method_name': '__new__'}: 1
  Search Action: search_method_in_class
Search Action Input: {'class_name': 'ModelBase', 'method_name': 'add_to_class'}: 1
  Search Action: search_method_in_class
Search Action Input: {'class_name': 'Model', 'method_name': '_get_FIELD_display'}: 1
  Search Action: search_method_in_class
Search Action Input: {'class_name': 'Model', 'method_name': '_get_FIELD_display', 'file_path': 'django/db/models/base.py'}: 3
  Search Action: search_callable
Search Action Input: {'query_name': 'get_FOO_display'}: 2
)
[2026-07-29 15:10:44,388 - Orcar.search_agent - INFO] Current search queue size: 10
[2026-07-29 15:10:46,189 - Orcar.search_agent - INFO] Is early stop: False similarity: False
[2026-07-29 15:10:46,189 - Orcar.search_agent - INFO] Is complete: False
[2026-07-29 15:10:46,190 - search_queue - DEBUG] search queue: 
 SearchQueue(
  Value: 3, Action: Search Action: search_method_in_class
Search Action Input: {'class_name': 'Model', 'method_name': '_get_FIELD_display', 'file_path': 'django/db/models/base.py'}
  Value: 2, Action: Search Action: search_file_contents
Search Action Input: {'file_name': 'functional.py', 'directory_path': 'django/utils'}
  Value: 2, Action: Search Action: search_method_in_class
Search Action Input: {'class_name': 'Field', 'method_name': 'value_from_object', 'file_path': 'django/db/models/fields/__init__.py'}
  Value: 2, Action: Search Action: search_file_contents
Search Action Input: {'file_name': '__init__.py', 'directory_path': 'django/db/models/fields'}
  Value: 2, Action: Search Action: search_method_in_class
Search Action Input: {'class_name': 'ModelBase', 'method_name': '_base_manager', 'file_path': 'django/db/models/base.py'}
  Value: 2, Action: Search Action: search_file_contents
Search Action Input: {'file_name': 'base.py', 'directory_path': 'django/db/models'}
  Value: 2, Action: Search Action: search_callable
Search Action Input: {'query_name': 'get_FOO_display'}
  Value: 1, Action: Search Action: search_method_in_class
Search Action Input: {'class_name': 'ModelBase', 'method_name': '__new__'}
  Value: 1, Action: Search Action: search_method_in_class
Search Action Input: {'class_name': 'ModelBase', 'method_name': 'add_to_class'}
  Value: 1, Action: Search Action: search_method_in_class
Search Action Input: {'class_name': 'Model', 'method_name': '_get_FIELD_display'}
)
[2026-07-29 15:10:46,239 - Orcar.search_agent - DEBUG] Search content: [ChatMessage(role=<MessageRole.USER: 'user'>, additional_kwargs={}, blocks=[TextBlock(block_type='text', text="Please provide observation feedback and new_search_actions on the search results below. \n<New Info>\n\n            Search Action: search_method_in_class\n\n            Search Action Input: {'class_name': 'Model', 'method_name': '_get_FIELD_display', 'file_path': 'django/db/models/base.py'}\n\n            File Path: django/db/models/base.py \nMethod Content: \n    def _get_FIELD_display(self, field):\n        value = getattr(self, field.attname)\n        # force_str() to coerce lazy strings.\n        return force_str(dict(field.flatchoices).get(value, value), strings_only=True)\n\n</New Info>\n")])]
[2026-07-29 15:10:46,240 - Orcar.search_agent - INFO] Search cache: [SearchResult(search_action='search_method_in_class', search_action_input={'class_name': 'Field', 'method_name': 'contribute_to_class', 'file_path': 'django/db/models/fields/__init__.py'}, search_content='File Path: django/db/models/fields/__init__.py \nMethod Content: \n    def contribute_to_class(self, cls, name, private_only=False):\n        """\n        Register the field with the model class it belongs to.\n\n        If private_only is True, create a separate instance of this field\n        for every subclass of cls, even if cls is not an abstract model.\n        """\n        self.set_attributes_from_name(name)\n        self.model = cls\n        cls._meta.add_field(self, private=private_only)\n        if self.column:\n            # Don\'t override classmethods with the descriptor. This means that\n            # if you have a classmethod and a field with the same name, then\n            # such fields can\'t be deferred (we don\'t have a check for this).\n            if not getattr(cls, self.attname, None):\n                setattr(cls, self.attname, self.descriptor_class(self))\n        if self.choices is not None:\n            setattr(cls, \'get_%s_display\' % self.name,\n                    partialmethod(cls._get_FIELD_display, field=self))\n'), SearchResult(search_action='search_method_in_class', search_action_input={'class_name': 'ModelBase', 'method_name': '__new__', 'file_path': 'django/db/models/base.py'}, search_content='File Path: django/db/models/base.py \nMethod Content: \n    def __new__(cls, name, bases, attrs, **kwargs):\n        super_new = super().__new__\n\n        # Also ensure initialization is only performed for subclasses of Model\n        # (excluding Model class itself).\n        parents = [b for b in bases if isinstance(b, ModelBase)]\n        if not parents:\n            return super_new(cls, name, bases, attrs)\n\n        # Create the class.\n        module = attrs.pop(\'__module__\')\n        new_attrs = {\'__module__\': module}\n        classcell = attrs.pop(\'__classcell__\', None)\n        if classcell is not None:\n            new_attrs[\'__classcell__\'] = classcell\n        attr_meta = attrs.pop(\'Meta\', None)\n        # Pass all attrs without a (Django-specific) contribute_to_class()\n        # method to type.__new__() so that they\'re properly initialized\n        # (i.e. __set_name__()).\n        contributable_attrs = {}\n        for obj_name, obj in list(attrs.items()):\n            if _has_contribute_to_class(obj):\n                contributable_attrs[obj_name] = obj\n            else:\n                new_attrs[obj_name] = obj\n        new_class = super_new(cls, name, bases, new_attrs, **kwargs)\n\n        abstract = getattr(attr_meta, \'abstract\', False)\n        meta = attr_meta or getattr(new_class, \'Meta\', None)\n        base_meta = getattr(new_class, \'_meta\', None)\n\n        app_label = None\n\n        # Look for an application configuration to attach the model to.\n        app_config = apps.get_containing_app_config(module)\n\n        if getattr(meta, \'app_label\', None) is None:\n            if app_config is None:\n                if not abstract:\n                    raise RuntimeError(\n                        "Model class %s.%s doesn\'t declare an explicit "\n                        "app_label and isn\'t in an application in "\n                        "INSTALLED_APPS." % (module, name)\n                    )\n\n            else:\n                app_label = app_config.label\n\n        new_class.add_to_class(\'_meta\', Options(meta, app_label))\n        if not abstract:\n            new_class.add_to_class(\n                \'DoesNotExist\',\n                subclass_exception(\n                    \'DoesNotExist\',\n                    tuple(\n                        x.DoesNotExist for x in parents if hasattr(x, \'_meta\') and not x._meta.abstract\n                    ) or (ObjectDoesNotExist,),\n                    module,\n                    attached_to=new_class))\n            new_class.add_to_class(\n                \'MultipleObjectsReturned\',\n                subclass_exception(\n                    \'MultipleObjectsReturned\',\n                    tuple(\n                        x.MultipleObjectsReturned for x in parents if hasattr(x, \'_meta\') and not x._meta.abstract\n                    ) or (MultipleObjectsReturned,),\n                    module,\n                    attached_to=new_class))\n            if base_meta and not base_meta.abstract:\n                # Non-abstract child classes inherit some attributes from their\n                # non-abstract parent (unless an ABC comes before it in the\n                # method resolution order).\n                if not hasattr(meta, \'ordering\'):\n                    new_class._meta.ordering = base_meta.ordering\n                if not hasattr(meta, \'get_latest_by\'):\n                    new_class._meta.get_latest_by = base_meta.get_latest_by\n\n        is_proxy = new_class._meta.proxy\n\n        # If the model is a proxy, ensure that the base class\n        # hasn\'t been swapped out.\n        if is_proxy and base_meta and base_meta.swapped:\n            raise TypeError("%s cannot proxy the swapped model \'%s\'." % (name, base_meta.swapped))\n\n        # Add remaining attributes (those with a contribute_to_class() method)\n        # to the class.\n        for obj_name, obj in contributable_attrs.items():\n            new_class.add_to_class(obj_name, obj)\n\n        # All the fields of any type declared on this model\n        new_fields = chain(\n            new_class._meta.local_fields,\n            new_class._meta.local_many_to_many,\n            new_class._meta.private_fields\n        )\n        field_names = {f.name for f in new_fields}\n\n        # Basic setup for proxy models.\n        if is_proxy:\n            base = None\n            for parent in [kls for kls in parents if hasattr(kls, \'_meta\')]:\n                if parent._meta.abstract:\n                    if parent._meta.fields:\n                        raise TypeError(\n                            "Abstract base class containing model fields not "\n                            "permitted for proxy model \'%s\'." % name\n                        )\n                    else:\n                        continue\n                if base is None:\n                    base = parent\n                elif parent._meta.concrete_model is not base._meta.concrete_model:\n                    raise TypeError("Proxy model \'%s\' has more than one non-abstract model base class." % name)\n            if base is None:\n                raise TypeError("Proxy model \'%s\' has no non-abstract model base class." % name)\n            new_class._meta.setup_proxy(base)\n            new_class._meta.concrete_model = base._meta.concrete_model\n        else:\n            new_class._meta.concrete_model = new_class\n\n        # Collect the parent links for multi-table inheritance.\n        parent_links = {}\n        for base in reversed([new_class] + parents):\n            # Conceptually equivalent to `if base is Model`.\n            if not hasattr(base, \'_meta\'):\n                continue\n            # Skip concrete parent classes.\n            if base != new_class and not base._meta.abstract:\n                continue\n            # Locate OneToOneField instances.\n            for field in base._meta.local_fields:\n                if isinstance(field, OneToOneField):\n                    related = resolve_relation(new_class, field.remote_field.model)\n                    parent_links[make_model_tuple(related)] = field\n\n        # Track fields inherited from base models.\n        inherited_attributes = set()\n        # Do the appropriate setup for any model parents.\n        for base in new_class.mro():\n            if base not in parents or not hasattr(base, \'_meta\'):\n                # Things without _meta aren\'t functional models, so they\'re\n                # uninteresting parents.\n                inherited_attributes.update(base.__dict__)\n                continue\n\n            parent_fields = base._meta.local_fields + base._meta.local_many_to_many\n            if not base._meta.abstract:\n                # Check for clashes between locally declared fields and those\n                # on the base classes.\n                for field in parent_fields:\n                    if field.name in field_names:\n                        raise FieldError(\n                            \'Local field %r in class %r clashes with field of \'\n                            \'the same name from base class %r.\' % (\n                                field.name,\n                                name,\n                                base.__name__,\n                            )\n                        )\n                    else:\n                        inherited_attributes.add(field.name)\n\n                # Concrete classes...\n                base = base._meta.concrete_model\n                base_key = make_model_tuple(base)\n                if base_key in parent_links:\n                    field = parent_links[base_key]\n                elif not is_proxy:\n                    attr_name = \'%s_ptr\' % base._meta.model_name\n                    field = OneToOneField(\n                        base,\n                        on_delete=CASCADE,\n                        name=attr_name,\n                        auto_created=True,\n                        parent_link=True,\n                    )\n\n                    if attr_name in field_names:\n                        raise FieldError(\n                            "Auto-generated field \'%s\' in class %r for "\n                            "parent_link to base class %r clashes with "\n                            "declared field of the same name." % (\n                                attr_name,\n                                name,\n                                base.__name__,\n                            )\n                        )\n\n                    # Only add the ptr field if it\'s not already present;\n                    # e.g. migrations will already have it specified\n                    if not hasattr(new_class, attr_name):\n                        new_class.add_to_class(attr_name, field)\n                else:\n                    field = None\n                new_class._meta.parents[base] = field\n            else:\n                base_parents = base._meta.parents.copy()\n\n                # Add fields from abstract base class if it wasn\'t overridden.\n                for field in parent_fields:\n                    if (field.name not in field_names and\n                            field.name not in new_class.__dict__ and\n                            field.name not in inherited_attributes):\n                        new_field = copy.deepcopy(field)\n                        new_class.add_to_class(field.name, new_field)\n                        # Replace parent links defined on this base by the new\n                        # field. It will be appropriately resolved if required.\n                        if field.one_to_one:\n                            for parent, parent_link in base_parents.items():\n                                if field == parent_link:\n                                    base_parents[parent] = new_field\n\n                # Pass any non-abstract parent classes onto child.\n                new_class._meta.parents.update(base_parents)\n\n            # Inherit private fields (like GenericForeignKey) from the parent\n            # class\n            for field in base._meta.private_fields:\n                if field.name in field_names:\n                    if not base._meta.abstract:\n                        raise FieldError(\n                            \'Local field %r in class %r clashes with field of \'\n                            \'the same name from base class %r.\' % (\n                                field.name,\n                                name,\n                                base.__name__,\n                            )\n                        )\n                else:\n                    field = copy.deepcopy(field)\n                    if not base._meta.abstract:\n                        field.mti_inherited = True\n                    new_class.add_to_class(field.name, field)\n\n        # Copy indexes so that index names are unique when models extend an\n        # abstract model.\n        new_class._meta.indexes = [copy.deepcopy(idx) for idx in new_class._meta.indexes]\n\n        if abstract:\n            # Abstract base models can\'t be instantiated and don\'t appear in\n            # the list of models for an app. We do the final setup for them a\n            # little differently from normal models.\n            attr_meta.abstract = False\n            new_class.Meta = attr_meta\n            return new_class\n\n        new_class._prepare()\n        new_class._meta.apps.register_model(new_class._meta.app_label, new_class)\n        return new_class\n'), SearchResult(search_action='search_method_in_class', search_action_input={'class_name': 'Model', 'method_name': '_get_FIELD_display', 'file_path': 'django/db/models/base.py'}, search_content='File Path: django/db/models/base.py \nMethod Content: \n    def _get_FIELD_display(self, field):\n        value = getattr(self, field.attname)\n        # force_str() to coerce lazy strings.\n        return force_str(dict(field.flatchoices).get(value, value), strings_only=True)\n'), SearchResult(search_action='search_method_in_class', search_action_input={'class_name': 'ModelBase', 'method_name': 'add_to_class', 'file_path': 'django/db/models/base.py'}, search_content='File Path: django/db/models/base.py \nMethod Content: \n    def add_to_class(cls, name, value):\n        if _has_contribute_to_class(value):\n            value.contribute_to_class(cls, name)\n        else:\n            setattr(cls, name, value)\n'), SearchResult(search_action='search_method_in_class', search_action_input={'class_name': 'cached_property', 'method_name': '__get__', 'file_path': 'django/utils/functional.py'}, search_content='File Path: django/utils/functional.py \nMethod Content: \n    def __get__(self, instance, cls=None):\n        """\n        Call the function and put the return value in instance.__dict__ so that\n        subsequent attribute access on the instance returns the cached value\n        instead of calling cached_property.__get__().\n        """\n        if instance is None:\n            return self\n        res = instance.__dict__[self.name] = self.func(instance)\n        return res\n')]
[2026-07-29 15:11:06,056 - Orcar.search_agent - INFO] in_token_cnt=6669 out_token_cnt=369
[2026-07-29 15:11:06,057 - Orcar.search_agent - INFO] Chat response: assistant: {
  "observation_feedback": "The regression is now strongly localized to model class construction. `Field.contribute_to_class()` unconditionally installs `get_%s_display` on the model whenever `choices` is set, so a user-defined `get_foo_bar_display()` can be shadowed during class setup in Django 2.2+. `ModelBase.__new__()` and `ModelBase.add_to_class()` are the surrounding paths that control when that overwrite happens. `Model._get_FIELD_display()` still looks like the intended fallback implementation, and `cached_property.__get__()` appears unrelated to the override loss.",
  "potential_bug_locations": [
    {
      "file_path": "django/db/models/fields/__init__.py",
      "class_name": "Field",
      "method_name": "contribute_to_class"
    },
    {
      "file_path": "django/db/models/base.py",
      "class_name": "ModelBase",
      "method_name": "__new__"
    },
    {
      "file_path": "django/db/models/base.py",
      "class_name": "ModelBase",
      "method_name": "add_to_class"
    },
    {
      "file_path": "django/db/models/base.py",
      "class_name": "Model",
      "method_name": "_get_FIELD_display"
    }
  ],
  "new_search_actions": [
    {
      "action": "search_callable",
      "action_input": {
        "query_name": "get_FOO_display"
      }
    },
    {
      "action": "search_method_in_class",
      "action_input": {
        "class_name": "ModelBase",
        "method_name": "_prepare",
        "file_path": "django/db/models/base.py"
      }
    }
  ]
}
[2026-07-29 15:11:06,057 - action_history - DEBUG] Action history: 
 SearchActionHistory(
  Search Action: search_method_in_class
Search Action Input: {'class_name': 'cached_property', 'method_name': '__get__', 'file_path': 'django/utils/functional.py'}: 1
  Search Action: search_class
Search Action Input: {'class_name': 'Field', 'file_path': 'django/db/models/fields/__init__.py'}: 2
  Search Action: search_class
Search Action Input: {'class_name': 'ModelBase', 'file_path': 'django/db/models/base.py'}: 3
  Search Action: search_class
Search Action Input: {'class_name': 'Model', 'file_path': 'django/db/models/base.py'}: 2
  Search Action: search_file_contents
Search Action Input: {'file_name': 'functional.py', 'directory_path': 'django/utils'}: 1
  Search Action: search_method_in_class
Search Action Input: {'class_name': 'Field', 'method_name': 'contribute_to_class', 'file_path': 'django/db/models/fields/__init__.py'}: 3
  Search Action: search_method_in_class
Search Action Input: {'class_name': 'Field', 'method_name': 'value_from_object', 'file_path': 'django/db/models/fields/__init__.py'}: 1
  Search Action: search_file_contents
Search Action Input: {'file_name': '__init__.py', 'directory_path': 'django/db/models/fields'}: 1
  Search Action: search_method_in_class
Search Action Input: {'class_name': 'ModelBase', 'method_name': '__new__', 'file_path': 'django/db/models/base.py'}: 3
  Search Action: search_method_in_class
Search Action Input: {'class_name': 'ModelBase', 'method_name': '_base_manager', 'file_path': 'django/db/models/base.py'}: 1
  Search Action: search_file_contents
Search Action Input: {'file_name': 'base.py', 'directory_path': 'django/db/models'}: 1
  Search Action: search_method_in_class
Search Action Input: {'class_name': 'ModelBase', 'method_name': 'add_to_class', 'file_path': 'django/db/models/base.py'}: 3
  Search Action: search_method_in_class
Search Action Input: {'class_name': 'ModelBase', 'method_name': '__new__'}: 1
  Search Action: search_method_in_class
Search Action Input: {'class_name': 'ModelBase', 'method_name': 'add_to_class'}: 1
  Search Action: search_method_in_class
Search Action Input: {'class_name': 'Model', 'method_name': '_get_FIELD_display'}: 1
  Search Action: search_method_in_class
Search Action Input: {'class_name': 'Model', 'method_name': '_get_FIELD_display', 'file_path': 'django/db/models/base.py'}: 3
  Search Action: search_callable
Search Action Input: {'query_name': 'get_FOO_display'}: 3
  Search Action: search_method_in_class
Search Action Input: {'class_name': 'ModelBase', 'method_name': '_prepare', 'file_path': 'django/db/models/base.py'}: 1
)
[2026-07-29 15:11:06,058 - Orcar.search_agent - INFO] Current search queue size: 10
[2026-07-29 15:11:07,317 - Orcar.search_agent - INFO] Is early stop: False similarity: True
[2026-07-29 15:11:07,317 - Orcar.search_agent - INFO] Is complete: False
[2026-07-29 15:11:07,318 - search_queue - DEBUG] search queue: 
 SearchQueue(
  Value: 3, Action: Search Action: search_callable
Search Action Input: {'query_name': 'get_FOO_display'}
  Value: 2, Action: Search Action: search_file_contents
Search Action Input: {'file_name': 'functional.py', 'directory_path': 'django/utils'}
  Value: 2, Action: Search Action: search_method_in_class
Search Action Input: {'class_name': 'Field', 'method_name': 'value_from_object', 'file_path': 'django/db/models/fields/__init__.py'}
  Value: 2, Action: Search Action: search_file_contents
Search Action Input: {'file_name': '__init__.py', 'directory_path': 'django/db/models/fields'}
  Value: 2, Action: Search Action: search_method_in_class
Search Action Input: {'class_name': 'ModelBase', 'method_name': '_base_manager', 'file_path': 'django/db/models/base.py'}
  Value: 2, Action: Search Action: search_file_contents
Search Action Input: {'file_name': 'base.py', 'directory_path': 'django/db/models'}
  Value: 1, Action: Search Action: search_method_in_class
Search Action Input: {'class_name': 'ModelBase', 'method_name': '__new__'}
  Value: 1, Action: Search Action: search_method_in_class
Search Action Input: {'class_name': 'ModelBase', 'method_name': 'add_to_class'}
  Value: 1, Action: Search Action: search_method_in_class
Search Action Input: {'class_name': 'Model', 'method_name': '_get_FIELD_display'}
  Value: 1, Action: Search Action: search_method_in_class
Search Action Input: {'class_name': 'ModelBase', 'method_name': '_prepare', 'file_path': 'django/db/models/base.py'}
)
[2026-07-29 15:11:07,396 - Orcar.search_agent - DEBUG] Search content: [ChatMessage(role=<MessageRole.USER: 'user'>, additional_kwargs={}, blocks=[TextBlock(block_type='text', text="Please provide observation feedback and new_search_actions on the search results below. \n<New Info>\n\n            Search Action: search_callable\n\n            Search Action Input: {'query_name': 'get_FOO_display'}\n\n            Cannot find the definition of get_FOO_display\n</New Info>\n")])]
[2026-07-29 15:11:07,396 - Orcar.search_agent - INFO] Search cache: [SearchResult(search_action='search_method_in_class', search_action_input={'class_name': 'Field', 'method_name': 'contribute_to_class', 'file_path': 'django/db/models/fields/__init__.py'}, search_content='File Path: django/db/models/fields/__init__.py \nMethod Content: \n    def contribute_to_class(self, cls, name, private_only=False):\n        """\n        Register the field with the model class it belongs to.\n\n        If private_only is True, create a separate instance of this field\n        for every subclass of cls, even if cls is not an abstract model.\n        """\n        self.set_attributes_from_name(name)\n        self.model = cls\n        cls._meta.add_field(self, private=private_only)\n        if self.column:\n            # Don\'t override classmethods with the descriptor. This means that\n            # if you have a classmethod and a field with the same name, then\n            # such fields can\'t be deferred (we don\'t have a check for this).\n            if not getattr(cls, self.attname, None):\n                setattr(cls, self.attname, self.descriptor_class(self))\n        if self.choices is not None:\n            setattr(cls, \'get_%s_display\' % self.name,\n                    partialmethod(cls._get_FIELD_display, field=self))\n'), SearchResult(search_action='search_method_in_class', search_action_input={'class_name': 'ModelBase', 'method_name': '__new__', 'file_path': 'django/db/models/base.py'}, search_content='File Path: django/db/models/base.py \nMethod Content: \n    def __new__(cls, name, bases, attrs, **kwargs):\n        super_new = super().__new__\n\n        # Also ensure initialization is only performed for subclasses of Model\n        # (excluding Model class itself).\n        parents = [b for b in bases if isinstance(b, ModelBase)]\n        if not parents:\n            return super_new(cls, name, bases, attrs)\n\n        # Create the class.\n        module = attrs.pop(\'__module__\')\n        new_attrs = {\'__module__\': module}\n        classcell = attrs.pop(\'__classcell__\', None)\n        if classcell is not None:\n            new_attrs[\'__classcell__\'] = classcell\n        attr_meta = attrs.pop(\'Meta\', None)\n        # Pass all attrs without a (Django-specific) contribute_to_class()\n        # method to type.__new__() so that they\'re properly initialized\n        # (i.e. __set_name__()).\n        contributable_attrs = {}\n        for obj_name, obj in list(attrs.items()):\n            if _has_contribute_to_class(obj):\n                contributable_attrs[obj_name] = obj\n            else:\n                new_attrs[obj_name] = obj\n        new_class = super_new(cls, name, bases, new_attrs, **kwargs)\n\n        abstract = getattr(attr_meta, \'abstract\', False)\n        meta = attr_meta or getattr(new_class, \'Meta\', None)\n        base_meta = getattr(new_class, \'_meta\', None)\n\n        app_label = None\n\n        # Look for an application configuration to attach the model to.\n        app_config = apps.get_containing_app_config(module)\n\n        if getattr(meta, \'app_label\', None) is None:\n            if app_config is None:\n                if not abstract:\n                    raise RuntimeError(\n                        "Model class %s.%s doesn\'t declare an explicit "\n                        "app_label and isn\'t in an application in "\n                        "INSTALLED_APPS." % (module, name)\n                    )\n\n            else:\n                app_label = app_config.label\n\n        new_class.add_to_class(\'_meta\', Options(meta, app_label))\n        if not abstract:\n            new_class.add_to_class(\n                \'DoesNotExist\',\n                subclass_exception(\n                    \'DoesNotExist\',\n                    tuple(\n                        x.DoesNotExist for x in parents if hasattr(x, \'_meta\') and not x._meta.abstract\n                    ) or (ObjectDoesNotExist,),\n                    module,\n                    attached_to=new_class))\n            new_class.add_to_class(\n                \'MultipleObjectsReturned\',\n                subclass_exception(\n                    \'MultipleObjectsReturned\',\n                    tuple(\n                        x.MultipleObjectsReturned for x in parents if hasattr(x, \'_meta\') and not x._meta.abstract\n                    ) or (MultipleObjectsReturned,),\n                    module,\n                    attached_to=new_class))\n            if base_meta and not base_meta.abstract:\n                # Non-abstract child classes inherit some attributes from their\n                # non-abstract parent (unless an ABC comes before it in the\n                # method resolution order).\n                if not hasattr(meta, \'ordering\'):\n                    new_class._meta.ordering = base_meta.ordering\n                if not hasattr(meta, \'get_latest_by\'):\n                    new_class._meta.get_latest_by = base_meta.get_latest_by\n\n        is_proxy = new_class._meta.proxy\n\n        # If the model is a proxy, ensure that the base class\n        # hasn\'t been swapped out.\n        if is_proxy and base_meta and base_meta.swapped:\n            raise TypeError("%s cannot proxy the swapped model \'%s\'." % (name, base_meta.swapped))\n\n        # Add remaining attributes (those with a contribute_to_class() method)\n        # to the class.\n        for obj_name, obj in contributable_attrs.items():\n            new_class.add_to_class(obj_name, obj)\n\n        # All the fields of any type declared on this model\n        new_fields = chain(\n            new_class._meta.local_fields,\n            new_class._meta.local_many_to_many,\n            new_class._meta.private_fields\n        )\n        field_names = {f.name for f in new_fields}\n\n        # Basic setup for proxy models.\n        if is_proxy:\n            base = None\n            for parent in [kls for kls in parents if hasattr(kls, \'_meta\')]:\n                if parent._meta.abstract:\n                    if parent._meta.fields:\n                        raise TypeError(\n                            "Abstract base class containing model fields not "\n                            "permitted for proxy model \'%s\'." % name\n                        )\n                    else:\n                        continue\n                if base is None:\n                    base = parent\n                elif parent._meta.concrete_model is not base._meta.concrete_model:\n                    raise TypeError("Proxy model \'%s\' has more than one non-abstract model base class." % name)\n            if base is None:\n                raise TypeError("Proxy model \'%s\' has no non-abstract model base class." % name)\n            new_class._meta.setup_proxy(base)\n            new_class._meta.concrete_model = base._meta.concrete_model\n        else:\n            new_class._meta.concrete_model = new_class\n\n        # Collect the parent links for multi-table inheritance.\n        parent_links = {}\n        for base in reversed([new_class] + parents):\n            # Conceptually equivalent to `if base is Model`.\n            if not hasattr(base, \'_meta\'):\n                continue\n            # Skip concrete parent classes.\n            if base != new_class and not base._meta.abstract:\n                continue\n            # Locate OneToOneField instances.\n            for field in base._meta.local_fields:\n                if isinstance(field, OneToOneField):\n                    related = resolve_relation(new_class, field.remote_field.model)\n                    parent_links[make_model_tuple(related)] = field\n\n        # Track fields inherited from base models.\n        inherited_attributes = set()\n        # Do the appropriate setup for any model parents.\n        for base in new_class.mro():\n            if base not in parents or not hasattr(base, \'_meta\'):\n                # Things without _meta aren\'t functional models, so they\'re\n                # uninteresting parents.\n                inherited_attributes.update(base.__dict__)\n                continue\n\n            parent_fields = base._meta.local_fields + base._meta.local_many_to_many\n            if not base._meta.abstract:\n                # Check for clashes between locally declared fields and those\n                # on the base classes.\n                for field in parent_fields:\n                    if field.name in field_names:\n                        raise FieldError(\n                            \'Local field %r in class %r clashes with field of \'\n                            \'the same name from base class %r.\' % (\n                                field.name,\n                                name,\n                                base.__name__,\n                            )\n                        )\n                    else:\n                        inherited_attributes.add(field.name)\n\n                # Concrete classes...\n                base = base._meta.concrete_model\n                base_key = make_model_tuple(base)\n                if base_key in parent_links:\n                    field = parent_links[base_key]\n                elif not is_proxy:\n                    attr_name = \'%s_ptr\' % base._meta.model_name\n                    field = OneToOneField(\n                        base,\n                        on_delete=CASCADE,\n                        name=attr_name,\n                        auto_created=True,\n                        parent_link=True,\n                    )\n\n                    if attr_name in field_names:\n                        raise FieldError(\n                            "Auto-generated field \'%s\' in class %r for "\n                            "parent_link to base class %r clashes with "\n                            "declared field of the same name." % (\n                                attr_name,\n                                name,\n                                base.__name__,\n                            )\n                        )\n\n                    # Only add the ptr field if it\'s not already present;\n                    # e.g. migrations will already have it specified\n                    if not hasattr(new_class, attr_name):\n                        new_class.add_to_class(attr_name, field)\n                else:\n                    field = None\n                new_class._meta.parents[base] = field\n            else:\n                base_parents = base._meta.parents.copy()\n\n                # Add fields from abstract base class if it wasn\'t overridden.\n                for field in parent_fields:\n                    if (field.name not in field_names and\n                            field.name not in new_class.__dict__ and\n                            field.name not in inherited_attributes):\n                        new_field = copy.deepcopy(field)\n                        new_class.add_to_class(field.name, new_field)\n                        # Replace parent links defined on this base by the new\n                        # field. It will be appropriately resolved if required.\n                        if field.one_to_one:\n                            for parent, parent_link in base_parents.items():\n                                if field == parent_link:\n                                    base_parents[parent] = new_field\n\n                # Pass any non-abstract parent classes onto child.\n                new_class._meta.parents.update(base_parents)\n\n            # Inherit private fields (like GenericForeignKey) from the parent\n            # class\n            for field in base._meta.private_fields:\n                if field.name in field_names:\n                    if not base._meta.abstract:\n                        raise FieldError(\n                            \'Local field %r in class %r clashes with field of \'\n                            \'the same name from base class %r.\' % (\n                                field.name,\n                                name,\n                                base.__name__,\n                            )\n                        )\n                else:\n                    field = copy.deepcopy(field)\n                    if not base._meta.abstract:\n                        field.mti_inherited = True\n                    new_class.add_to_class(field.name, field)\n\n        # Copy indexes so that index names are unique when models extend an\n        # abstract model.\n        new_class._meta.indexes = [copy.deepcopy(idx) for idx in new_class._meta.indexes]\n\n        if abstract:\n            # Abstract base models can\'t be instantiated and don\'t appear in\n            # the list of models for an app. We do the final setup for them a\n            # little differently from normal models.\n            attr_meta.abstract = False\n            new_class.Meta = attr_meta\n            return new_class\n\n        new_class._prepare()\n        new_class._meta.apps.register_model(new_class._meta.app_label, new_class)\n        return new_class\n'), SearchResult(search_action='search_method_in_class', search_action_input={'class_name': 'Model', 'method_name': '_get_FIELD_display', 'file_path': 'django/db/models/base.py'}, search_content='File Path: django/db/models/base.py \nMethod Content: \n    def _get_FIELD_display(self, field):\n        value = getattr(self, field.attname)\n        # force_str() to coerce lazy strings.\n        return force_str(dict(field.flatchoices).get(value, value), strings_only=True)\n'), SearchResult(search_action='search_method_in_class', search_action_input={'class_name': 'ModelBase', 'method_name': 'add_to_class', 'file_path': 'django/db/models/base.py'}, search_content='File Path: django/db/models/base.py \nMethod Content: \n    def add_to_class(cls, name, value):\n        if _has_contribute_to_class(value):\n            value.contribute_to_class(cls, name)\n        else:\n            setattr(cls, name, value)\n'), SearchResult(search_action='search_method_in_class', search_action_input={'class_name': 'cached_property', 'method_name': '__get__', 'file_path': 'django/utils/functional.py'}, search_content='File Path: django/utils/functional.py \nMethod Content: \n    def __get__(self, instance, cls=None):\n        """\n        Call the function and put the return value in instance.__dict__ so that\n        subsequent attribute access on the instance returns the cached value\n        instead of calling cached_property.__get__().\n        """\n        if instance is None:\n            return self\n        res = instance.__dict__[self.name] = self.func(instance)\n        return res\n')]
[2026-07-29 15:11:31,891 - Orcar.search_agent - INFO] in_token_cnt=6740 out_token_cnt=290
[2026-07-29 15:11:31,891 - Orcar.search_agent - INFO] Chat response: assistant: {
  "observation_feedback": "The regression is most likely in Django's model class construction path: `Field.contribute_to_class()` unconditionally installs `get_%s_display` with `setattr(...)` when `choices` is set, so a user-defined `get_foo_bar_display()` gets shadowed in 2.2+. `ModelBase.__new__()` and `ModelBase.add_to_class()` are the surrounding assembly paths that control when that overwrite happens. `Model._get_FIELD_display()` still looks like the intended implementation, and `cached_property.__get__()` does not appear to be the source of the override loss.",
  "potential_bug_locations": [
    {
      "file_path": "django/db/models/fields/__init__.py",
      "class_name": "Field",
      "method_name": "contribute_to_class"
    },
    {
      "file_path": "django/db/models/base.py",
      "class_name": "ModelBase",
      "method_name": "__new__"
    },
    {
      "file_path": "django/db/models/base.py",
      "class_name": "ModelBase",
      "method_name": "add_to_class"
    },
    {
      "file_path": "django/db/models/base.py",
      "class_name": "Model",
      "method_name": "_get_FIELD_display"
    }
  ],
  "new_search_actions": []
}
[2026-07-29 15:11:31,892 - action_history - DEBUG] Action history: 
 SearchActionHistory(
  Search Action: search_method_in_class
Search Action Input: {'class_name': 'cached_property', 'method_name': '__get__', 'file_path': 'django/utils/functional.py'}: 1
  Search Action: search_class
Search Action Input: {'class_name': 'Field', 'file_path': 'django/db/models/fields/__init__.py'}: 2
  Search Action: search_class
Search Action Input: {'class_name': 'ModelBase', 'file_path': 'django/db/models/base.py'}: 3
  Search Action: search_class
Search Action Input: {'class_name': 'Model', 'file_path': 'django/db/models/base.py'}: 2
  Search Action: search_file_contents
Search Action Input: {'file_name': 'functional.py', 'directory_path': 'django/utils'}: 1
  Search Action: search_method_in_class
Search Action Input: {'class_name': 'Field', 'method_name': 'contribute_to_class', 'file_path': 'django/db/models/fields/__init__.py'}: 3
  Search Action: search_method_in_class
Search Action Input: {'class_name': 'Field', 'method_name': 'value_from_object', 'file_path': 'django/db/models/fields/__init__.py'}: 1
  Search Action: search_file_contents
Search Action Input: {'file_name': '__init__.py', 'directory_path': 'django/db/models/fields'}: 1
  Search Action: search_method_in_class
Search Action Input: {'class_name': 'ModelBase', 'method_name': '__new__', 'file_path': 'django/db/models/base.py'}: 3
  Search Action: search_method_in_class
Search Action Input: {'class_name': 'ModelBase', 'method_name': '_base_manager', 'file_path': 'django/db/models/base.py'}: 1
  Search Action: search_file_contents
Search Action Input: {'file_name': 'base.py', 'directory_path': 'django/db/models'}: 1
  Search Action: search_method_in_class
Search Action Input: {'class_name': 'ModelBase', 'method_name': 'add_to_class', 'file_path': 'django/db/models/base.py'}: 3
  Search Action: search_method_in_class
Search Action Input: {'class_name': 'ModelBase', 'method_name': '__new__'}: 1
  Search Action: search_method_in_class
Search Action Input: {'class_name': 'ModelBase', 'method_name': 'add_to_class'}: 1
  Search Action: search_method_in_class
Search Action Input: {'class_name': 'Model', 'method_name': '_get_FIELD_display'}: 1
  Search Action: search_method_in_class
Search Action Input: {'class_name': 'Model', 'method_name': '_get_FIELD_display', 'file_path': 'django/db/models/base.py'}: 3
  Search Action: search_callable
Search Action Input: {'query_name': 'get_FOO_display'}: 3
  Search Action: search_method_in_class
Search Action Input: {'class_name': 'ModelBase', 'method_name': '_prepare', 'file_path': 'django/db/models/base.py'}: 1
)
[2026-07-29 15:11:31,892 - Orcar.search_agent - INFO] Current search queue size: 9
[2026-07-29 15:11:33,377 - Orcar.search_agent - INFO] Is early stop: False similarity: True
[2026-07-29 15:11:33,378 - Orcar.search_agent - INFO] Is complete: False
[2026-07-29 15:11:33,378 - search_queue - DEBUG] search queue: 
 SearchQueue(
  Value: 2, Action: Search Action: search_file_contents
Search Action Input: {'file_name': 'functional.py', 'directory_path': 'django/utils'}
  Value: 2, Action: Search Action: search_method_in_class
Search Action Input: {'class_name': 'Field', 'method_name': 'value_from_object', 'file_path': 'django/db/models/fields/__init__.py'}
  Value: 2, Action: Search Action: search_file_contents
Search Action Input: {'file_name': '__init__.py', 'directory_path': 'django/db/models/fields'}
  Value: 2, Action: Search Action: search_method_in_class
Search Action Input: {'class_name': 'ModelBase', 'method_name': '_base_manager', 'file_path': 'django/db/models/base.py'}
  Value: 2, Action: Search Action: search_file_contents
Search Action Input: {'file_name': 'base.py', 'directory_path': 'django/db/models'}
  Value: 1, Action: Search Action: search_method_in_class
Search Action Input: {'class_name': 'ModelBase', 'method_name': '__new__'}
  Value: 1, Action: Search Action: search_method_in_class
Search Action Input: {'class_name': 'ModelBase', 'method_name': 'add_to_class'}
  Value: 1, Action: Search Action: search_method_in_class
Search Action Input: {'class_name': 'Model', 'method_name': '_get_FIELD_display'}
  Value: 1, Action: Search Action: search_method_in_class
Search Action Input: {'class_name': 'ModelBase', 'method_name': '_prepare', 'file_path': 'django/db/models/base.py'}
)
[2026-07-29 15:11:33,389 - Orcar.search_agent - INFO] File functions number: 18
[2026-07-29 15:11:33,389 - Orcar.formatter - INFO] Found tokenizer for model 'gpt-5.4-mini'
[2026-07-29 15:12:02,936 - Orcar.code_scorer - INFO] Total batch chat time: 29.55s
[2026-07-29 15:12:02,936 - Orcar.code_scorer - INFO] in_token_cnt=585 out_token_cnt=1
[2026-07-29 15:12:02,936 - Orcar.code_scorer - INFO] in_token_cnt=321 out_token_cnt=1
[2026-07-29 15:12:02,937 - Orcar.code_scorer - INFO] in_token_cnt=298 out_token_cnt=1
[2026-07-29 15:12:02,937 - Orcar.code_scorer - INFO] in_token_cnt=1138 out_token_cnt=1
[2026-07-29 15:12:02,937 - Orcar.code_scorer - INFO] in_token_cnt=1022 out_token_cnt=1
[2026-07-29 15:12:02,937 - Orcar.code_scorer - INFO] in_token_cnt=295 out_token_cnt=1
[2026-07-29 15:12:02,937 - Orcar.code_scorer - INFO] in_token_cnt=294 out_token_cnt=1
[2026-07-29 15:12:02,937 - Orcar.code_scorer - INFO] in_token_cnt=295 out_token_cnt=1
[2026-07-29 15:12:02,937 - Orcar.code_scorer - INFO] in_token_cnt=427 out_token_cnt=1
[2026-07-29 15:12:02,937 - Orcar.code_scorer - INFO] in_token_cnt=337 out_token_cnt=1
[2026-07-29 15:12:02,937 - Orcar.code_scorer - INFO] in_token_cnt=311 out_token_cnt=1
[2026-07-29 15:12:02,937 - Orcar.code_scorer - INFO] in_token_cnt=294 out_token_cnt=1
[2026-07-29 15:12:02,937 - Orcar.code_scorer - INFO] in_token_cnt=304 out_token_cnt=1
[2026-07-29 15:12:02,938 - Orcar.code_scorer - INFO] in_token_cnt=294 out_token_cnt=1
[2026-07-29 15:12:02,938 - Orcar.code_scorer - INFO] in_token_cnt=1174 out_token_cnt=1
[2026-07-29 15:12:02,938 - Orcar.code_scorer - INFO] in_token_cnt=301 out_token_cnt=1
[2026-07-29 15:12:02,938 - Orcar.code_scorer - INFO] in_token_cnt=647 out_token_cnt=1
[2026-07-29 15:12:02,938 - Orcar.code_scorer - INFO] in_token_cnt=355 out_token_cnt=1
[2026-07-29 15:12:02,980 - Orcar.search_agent - DEBUG] Search content: [ChatMessage(role=<MessageRole.USER: 'user'>, additional_kwargs={}, blocks=[TextBlock(block_type='text', text="Please provide observation feedback and new_search_actions on the search results below. \n<New Info>\n\n            Search Action: search_file_contents\n\n            Search Action Input: {'file_name': 'functional.py', 'directory_path': 'django/utils'}\n\n            File Path: django/utils/functional.py \nFile Skeleton: \n\nClass: cached_property\nSignature: cached_property\nDocstring: Decorator that converts a method with a single self argument into a\nproperty cached on the instance.\n\nA cached property can be made out of an existing method:\n(e.g. ``url = cached_property(get_absolute_url)``).\nThe optional ``name`` argument is obsolete as of Python 3.6 and will be\ndeprecated in Django 4.0 (#30127).\n\nClass: classproperty\nSignature: classproperty\n\nClass: Promise\nSignature: Promise\nDocstring: Base class for the proxy class created in the closure of the lazy function.\nIt's used to recognize promises in code.\n\nFunction: lazy\nSignature: lazy(func)\nDocstring: Turn any callable into a lazy evaluated callable. result classes or types\nis required -- at least one is needed so that the automatic forcing of\nthe lazy evaluation code is triggered. Results are not memoized; the\nfunction is evaluated on every access.\n\nClass: __proxy__\nSignature: __proxy__\nDocstring: Encapsulate a function call and act as a proxy for methods that are\ncalled on the result of that function. The function is not evaluated\nuntil one of the methods on the result is called.\n\nFunction: __wrapper__\nSignature: __wrapper__()\n\nFunction: _lazy_proxy_unpickle\nSignature: _lazy_proxy_unpickle(func, args, kwargs)\n\nFunction: lazystr\nSignature: lazystr(text)\nDocstring: Shortcut for the common case of a lazy callable that returns str.\n\nFunction: keep_lazy\nSignature: keep_lazy()\nDocstring: A decorator that allows a function to be called with one or more lazy\narguments. If none of the args are lazy, the function is evaluated\nimmediately, otherwise a __proxy__ is returned that will evaluate the\nfunction when needed.\n\nFunction: decorator\nSignature: decorator(func)\n\nFunction: wrapper\nSignature: wrapper()\n\nFunction: keep_lazy_text\nSignature: keep_lazy_text(func)\nDocstring: A decorator for functions that accept lazy arguments and return text.\n\nGlobal_variable: empty\nSignature: empty\n\nFunction: new_method_proxy\nSignature: new_method_proxy(func)\n\nFunction: inner\nSignature: inner(self)\n\nClass: LazyObject\nSignature: LazyObject\nDocstring: A wrapper for another class that can be used to delay instantiation of the\nwrapped class.\n\nBy subclassing, you have the opportunity to intercept and alter the\ninstantiation. If you don't need to do that, use SimpleLazyObject.\n\nFunction: unpickle_lazyobject\nSignature: unpickle_lazyobject(wrapped)\nDocstring: Used to unpickle lazy objects. Just return its argument, which will be the\nwrapped object.\n\nClass: SimpleLazyObject\nSignature: SimpleLazyObject\nDocstring: A lazy object initialized from any function.\n\nDesigned for compound objects of unknown type. For builtins or objects of\nknown type, use django.utils.functional.lazy.\n\nFunction: partition\nSignature: partition(predicate, values)\nDocstring: Split the values into two sets, based on the return value of the function\n(True/False). e.g.:\n\n    >>> partition(lambda x: x > 3, range(5))\n    [0, 1, 2, 3], [4]\n\n</New Info>\n")])]
[2026-07-29 15:12:02,980 - Orcar.search_agent - INFO] Search cache: [SearchResult(search_action='search_method_in_class', search_action_input={'class_name': 'Field', 'method_name': 'contribute_to_class', 'file_path': 'django/db/models/fields/__init__.py'}, search_content='File Path: django/db/models/fields/__init__.py \nMethod Content: \n    def contribute_to_class(self, cls, name, private_only=False):\n        """\n        Register the field with the model class it belongs to.\n\n        If private_only is True, create a separate instance of this field\n        for every subclass of cls, even if cls is not an abstract model.\n        """\n        self.set_attributes_from_name(name)\n        self.model = cls\n        cls._meta.add_field(self, private=private_only)\n        if self.column:\n            # Don\'t override classmethods with the descriptor. This means that\n            # if you have a classmethod and a field with the same name, then\n            # such fields can\'t be deferred (we don\'t have a check for this).\n            if not getattr(cls, self.attname, None):\n                setattr(cls, self.attname, self.descriptor_class(self))\n        if self.choices is not None:\n            setattr(cls, \'get_%s_display\' % self.name,\n                    partialmethod(cls._get_FIELD_display, field=self))\n'), SearchResult(search_action='search_method_in_class', search_action_input={'class_name': 'ModelBase', 'method_name': '__new__', 'file_path': 'django/db/models/base.py'}, search_content='File Path: django/db/models/base.py \nMethod Content: \n    def __new__(cls, name, bases, attrs, **kwargs):\n        super_new = super().__new__\n\n        # Also ensure initialization is only performed for subclasses of Model\n        # (excluding Model class itself).\n        parents = [b for b in bases if isinstance(b, ModelBase)]\n        if not parents:\n            return super_new(cls, name, bases, attrs)\n\n        # Create the class.\n        module = attrs.pop(\'__module__\')\n        new_attrs = {\'__module__\': module}\n        classcell = attrs.pop(\'__classcell__\', None)\n        if classcell is not None:\n            new_attrs[\'__classcell__\'] = classcell\n        attr_meta = attrs.pop(\'Meta\', None)\n        # Pass all attrs without a (Django-specific) contribute_to_class()\n        # method to type.__new__() so that they\'re properly initialized\n        # (i.e. __set_name__()).\n        contributable_attrs = {}\n        for obj_name, obj in list(attrs.items()):\n            if _has_contribute_to_class(obj):\n                contributable_attrs[obj_name] = obj\n            else:\n                new_attrs[obj_name] = obj\n        new_class = super_new(cls, name, bases, new_attrs, **kwargs)\n\n        abstract = getattr(attr_meta, \'abstract\', False)\n        meta = attr_meta or getattr(new_class, \'Meta\', None)\n        base_meta = getattr(new_class, \'_meta\', None)\n\n        app_label = None\n\n        # Look for an application configuration to attach the model to.\n        app_config = apps.get_containing_app_config(module)\n\n        if getattr(meta, \'app_label\', None) is None:\n            if app_config is None:\n                if not abstract:\n                    raise RuntimeError(\n                        "Model class %s.%s doesn\'t declare an explicit "\n                        "app_label and isn\'t in an application in "\n                        "INSTALLED_APPS." % (module, name)\n                    )\n\n            else:\n                app_label = app_config.label\n\n        new_class.add_to_class(\'_meta\', Options(meta, app_label))\n        if not abstract:\n            new_class.add_to_class(\n                \'DoesNotExist\',\n                subclass_exception(\n                    \'DoesNotExist\',\n                    tuple(\n                        x.DoesNotExist for x in parents if hasattr(x, \'_meta\') and not x._meta.abstract\n                    ) or (ObjectDoesNotExist,),\n                    module,\n                    attached_to=new_class))\n            new_class.add_to_class(\n                \'MultipleObjectsReturned\',\n                subclass_exception(\n                    \'MultipleObjectsReturned\',\n                    tuple(\n                        x.MultipleObjectsReturned for x in parents if hasattr(x, \'_meta\') and not x._meta.abstract\n                    ) or (MultipleObjectsReturned,),\n                    module,\n                    attached_to=new_class))\n            if base_meta and not base_meta.abstract:\n                # Non-abstract child classes inherit some attributes from their\n                # non-abstract parent (unless an ABC comes before it in the\n                # method resolution order).\n                if not hasattr(meta, \'ordering\'):\n                    new_class._meta.ordering = base_meta.ordering\n                if not hasattr(meta, \'get_latest_by\'):\n                    new_class._meta.get_latest_by = base_meta.get_latest_by\n\n        is_proxy = new_class._meta.proxy\n\n        # If the model is a proxy, ensure that the base class\n        # hasn\'t been swapped out.\n        if is_proxy and base_meta and base_meta.swapped:\n            raise TypeError("%s cannot proxy the swapped model \'%s\'." % (name, base_meta.swapped))\n\n        # Add remaining attributes (those with a contribute_to_class() method)\n        # to the class.\n        for obj_name, obj in contributable_attrs.items():\n            new_class.add_to_class(obj_name, obj)\n\n        # All the fields of any type declared on this model\n        new_fields = chain(\n            new_class._meta.local_fields,\n            new_class._meta.local_many_to_many,\n            new_class._meta.private_fields\n        )\n        field_names = {f.name for f in new_fields}\n\n        # Basic setup for proxy models.\n        if is_proxy:\n            base = None\n            for parent in [kls for kls in parents if hasattr(kls, \'_meta\')]:\n                if parent._meta.abstract:\n                    if parent._meta.fields:\n                        raise TypeError(\n                            "Abstract base class containing model fields not "\n                            "permitted for proxy model \'%s\'." % name\n                        )\n                    else:\n                        continue\n                if base is None:\n                    base = parent\n                elif parent._meta.concrete_model is not base._meta.concrete_model:\n                    raise TypeError("Proxy model \'%s\' has more than one non-abstract model base class." % name)\n            if base is None:\n                raise TypeError("Proxy model \'%s\' has no non-abstract model base class." % name)\n            new_class._meta.setup_proxy(base)\n            new_class._meta.concrete_model = base._meta.concrete_model\n        else:\n            new_class._meta.concrete_model = new_class\n\n        # Collect the parent links for multi-table inheritance.\n        parent_links = {}\n        for base in reversed([new_class] + parents):\n            # Conceptually equivalent to `if base is Model`.\n            if not hasattr(base, \'_meta\'):\n                continue\n            # Skip concrete parent classes.\n            if base != new_class and not base._meta.abstract:\n                continue\n            # Locate OneToOneField instances.\n            for field in base._meta.local_fields:\n                if isinstance(field, OneToOneField):\n                    related = resolve_relation(new_class, field.remote_field.model)\n                    parent_links[make_model_tuple(related)] = field\n\n        # Track fields inherited from base models.\n        inherited_attributes = set()\n        # Do the appropriate setup for any model parents.\n        for base in new_class.mro():\n            if base not in parents or not hasattr(base, \'_meta\'):\n                # Things without _meta aren\'t functional models, so they\'re\n                # uninteresting parents.\n                inherited_attributes.update(base.__dict__)\n                continue\n\n            parent_fields = base._meta.local_fields + base._meta.local_many_to_many\n            if not base._meta.abstract:\n                # Check for clashes between locally declared fields and those\n                # on the base classes.\n                for field in parent_fields:\n                    if field.name in field_names:\n                        raise FieldError(\n                            \'Local field %r in class %r clashes with field of \'\n                            \'the same name from base class %r.\' % (\n                                field.name,\n                                name,\n                                base.__name__,\n                            )\n                        )\n                    else:\n                        inherited_attributes.add(field.name)\n\n                # Concrete classes...\n                base = base._meta.concrete_model\n                base_key = make_model_tuple(base)\n                if base_key in parent_links:\n                    field = parent_links[base_key]\n                elif not is_proxy:\n                    attr_name = \'%s_ptr\' % base._meta.model_name\n                    field = OneToOneField(\n                        base,\n                        on_delete=CASCADE,\n                        name=attr_name,\n                        auto_created=True,\n                        parent_link=True,\n                    )\n\n                    if attr_name in field_names:\n                        raise FieldError(\n                            "Auto-generated field \'%s\' in class %r for "\n                            "parent_link to base class %r clashes with "\n                            "declared field of the same name." % (\n                                attr_name,\n                                name,\n                                base.__name__,\n                            )\n                        )\n\n                    # Only add the ptr field if it\'s not already present;\n                    # e.g. migrations will already have it specified\n                    if not hasattr(new_class, attr_name):\n                        new_class.add_to_class(attr_name, field)\n                else:\n                    field = None\n                new_class._meta.parents[base] = field\n            else:\n                base_parents = base._meta.parents.copy()\n\n                # Add fields from abstract base class if it wasn\'t overridden.\n                for field in parent_fields:\n                    if (field.name not in field_names and\n                            field.name not in new_class.__dict__ and\n                            field.name not in inherited_attributes):\n                        new_field = copy.deepcopy(field)\n                        new_class.add_to_class(field.name, new_field)\n                        # Replace parent links defined on this base by the new\n                        # field. It will be appropriately resolved if required.\n                        if field.one_to_one:\n                            for parent, parent_link in base_parents.items():\n                                if field == parent_link:\n                                    base_parents[parent] = new_field\n\n                # Pass any non-abstract parent classes onto child.\n                new_class._meta.parents.update(base_parents)\n\n            # Inherit private fields (like GenericForeignKey) from the parent\n            # class\n            for field in base._meta.private_fields:\n                if field.name in field_names:\n                    if not base._meta.abstract:\n                        raise FieldError(\n                            \'Local field %r in class %r clashes with field of \'\n                            \'the same name from base class %r.\' % (\n                                field.name,\n                                name,\n                                base.__name__,\n                            )\n                        )\n                else:\n                    field = copy.deepcopy(field)\n                    if not base._meta.abstract:\n                        field.mti_inherited = True\n                    new_class.add_to_class(field.name, field)\n\n        # Copy indexes so that index names are unique when models extend an\n        # abstract model.\n        new_class._meta.indexes = [copy.deepcopy(idx) for idx in new_class._meta.indexes]\n\n        if abstract:\n            # Abstract base models can\'t be instantiated and don\'t appear in\n            # the list of models for an app. We do the final setup for them a\n            # little differently from normal models.\n            attr_meta.abstract = False\n            new_class.Meta = attr_meta\n            return new_class\n\n        new_class._prepare()\n        new_class._meta.apps.register_model(new_class._meta.app_label, new_class)\n        return new_class\n'), SearchResult(search_action='search_method_in_class', search_action_input={'class_name': 'Model', 'method_name': '_get_FIELD_display', 'file_path': 'django/db/models/base.py'}, search_content='File Path: django/db/models/base.py \nMethod Content: \n    def _get_FIELD_display(self, field):\n        value = getattr(self, field.attname)\n        # force_str() to coerce lazy strings.\n        return force_str(dict(field.flatchoices).get(value, value), strings_only=True)\n'), SearchResult(search_action='search_method_in_class', search_action_input={'class_name': 'ModelBase', 'method_name': 'add_to_class', 'file_path': 'django/db/models/base.py'}, search_content='File Path: django/db/models/base.py \nMethod Content: \n    def add_to_class(cls, name, value):\n        if _has_contribute_to_class(value):\n            value.contribute_to_class(cls, name)\n        else:\n            setattr(cls, name, value)\n'), SearchResult(search_action='search_method_in_class', search_action_input={'class_name': 'cached_property', 'method_name': '__get__', 'file_path': 'django/utils/functional.py'}, search_content='File Path: django/utils/functional.py \nMethod Content: \n    def __get__(self, instance, cls=None):\n        """\n        Call the function and put the return value in instance.__dict__ so that\n        subsequent attribute access on the instance returns the cached value\n        instead of calling cached_property.__get__().\n        """\n        if instance is None:\n            return self\n        res = instance.__dict__[self.name] = self.func(instance)\n        return res\n')]
[2026-07-29 15:12:30,246 - Orcar.search_agent - INFO] in_token_cnt=7513 out_token_cnt=336
[2026-07-29 15:12:30,247 - Orcar.search_agent - INFO] Chat response: assistant: {
  "observation_feedback": "The regression appears to come from model class construction, not from the lazy descriptor code. `Field.contribute_to_class()` unconditionally installs `get_%s_display` on the model when `choices` is set, so a user-defined `get_foo_bar_display()` can be shadowed during class setup. `ModelBase.add_to_class()` and `ModelBase.__new__()` are the surrounding paths that control this overwrite. `Model._get_FIELD_display()` still looks like the intended fallback implementation, and `cached_property.__get__()` is unrelated to the override loss.",
  "potential_bug_locations": [
    {
      "file_path": "django/db/models/fields/__init__.py",
      "class_name": "Field",
      "method_name": "contribute_to_class"
    },
    {
      "file_path": "django/db/models/base.py",
      "class_name": "ModelBase",
      "method_name": "add_to_class"
    },
    {
      "file_path": "django/db/models/base.py",
      "class_name": "ModelBase",
      "method_name": "__new__"
    },
    {
      "file_path": "django/db/models/base.py",
      "class_name": "Model",
      "method_name": "_get_FIELD_display"
    }
  ],
  "new_search_actions": [
    {
      "action": "search_method_in_class",
      "action_input": {
        "class_name": "ModelBase",
        "method_name": "_prepare",
        "file_path": "django/db/models/base.py"
      }
    }
  ]
}
[2026-07-29 15:12:30,247 - action_history - DEBUG] Action history: 
 SearchActionHistory(
  Search Action: search_method_in_class
Search Action Input: {'class_name': 'cached_property', 'method_name': '__get__', 'file_path': 'django/utils/functional.py'}: 1
  Search Action: search_class
Search Action Input: {'class_name': 'Field', 'file_path': 'django/db/models/fields/__init__.py'}: 2
  Search Action: search_class
Search Action Input: {'class_name': 'ModelBase', 'file_path': 'django/db/models/base.py'}: 3
  Search Action: search_class
Search Action Input: {'class_name': 'Model', 'file_path': 'django/db/models/base.py'}: 2
  Search Action: search_file_contents
Search Action Input: {'file_name': 'functional.py', 'directory_path': 'django/utils'}: 1
  Search Action: search_method_in_class
Search Action Input: {'class_name': 'Field', 'method_name': 'contribute_to_class', 'file_path': 'django/db/models/fields/__init__.py'}: 3
  Search Action: search_method_in_class
Search Action Input: {'class_name': 'Field', 'method_name': 'value_from_object', 'file_path': 'django/db/models/fields/__init__.py'}: 1
  Search Action: search_file_contents
Search Action Input: {'file_name': '__init__.py', 'directory_path': 'django/db/models/fields'}: 1
  Search Action: search_method_in_class
Search Action Input: {'class_name': 'ModelBase', 'method_name': '__new__', 'file_path': 'django/db/models/base.py'}: 3
  Search Action: search_method_in_class
Search Action Input: {'class_name': 'ModelBase', 'method_name': '_base_manager', 'file_path': 'django/db/models/base.py'}: 1
  Search Action: search_file_contents
Search Action Input: {'file_name': 'base.py', 'directory_path': 'django/db/models'}: 1
  Search Action: search_method_in_class
Search Action Input: {'class_name': 'ModelBase', 'method_name': 'add_to_class', 'file_path': 'django/db/models/base.py'}: 3
  Search Action: search_method_in_class
Search Action Input: {'class_name': 'ModelBase', 'method_name': '__new__'}: 1
  Search Action: search_method_in_class
Search Action Input: {'class_name': 'ModelBase', 'method_name': 'add_to_class'}: 1
  Search Action: search_method_in_class
Search Action Input: {'class_name': 'Model', 'method_name': '_get_FIELD_display'}: 1
  Search Action: search_method_in_class
Search Action Input: {'class_name': 'Model', 'method_name': '_get_FIELD_display', 'file_path': 'django/db/models/base.py'}: 3
  Search Action: search_callable
Search Action Input: {'query_name': 'get_FOO_display'}: 3
  Search Action: search_method_in_class
Search Action Input: {'class_name': 'ModelBase', 'method_name': '_prepare', 'file_path': 'django/db/models/base.py'}: 2
)
[2026-07-29 15:12:30,247 - Orcar.search_agent - INFO] Current search queue size: 8
[2026-07-29 15:12:33,705 - Orcar.search_agent - INFO] Is early stop: False similarity: True
[2026-07-29 15:12:33,706 - Orcar.search_agent - INFO] Is complete: False
[2026-07-29 15:12:33,706 - search_queue - DEBUG] search queue: 
 SearchQueue(
  Value: 2, Action: Search Action: search_method_in_class
Search Action Input: {'class_name': 'Field', 'method_name': 'value_from_object', 'file_path': 'django/db/models/fields/__init__.py'}
  Value: 2, Action: Search Action: search_file_contents
Search Action Input: {'file_name': '__init__.py', 'directory_path': 'django/db/models/fields'}
  Value: 2, Action: Search Action: search_method_in_class
Search Action Input: {'class_name': 'ModelBase', 'method_name': '_base_manager', 'file_path': 'django/db/models/base.py'}
  Value: 2, Action: Search Action: search_file_contents
Search Action Input: {'file_name': 'base.py', 'directory_path': 'django/db/models'}
  Value: 2, Action: Search Action: search_method_in_class
Search Action Input: {'class_name': 'ModelBase', 'method_name': '_prepare', 'file_path': 'django/db/models/base.py'}
  Value: 1, Action: Search Action: search_method_in_class
Search Action Input: {'class_name': 'ModelBase', 'method_name': '__new__'}
  Value: 1, Action: Search Action: search_method_in_class
Search Action Input: {'class_name': 'ModelBase', 'method_name': 'add_to_class'}
  Value: 1, Action: Search Action: search_method_in_class
Search Action Input: {'class_name': 'Model', 'method_name': '_get_FIELD_display'}
)
[2026-07-29 15:12:33,764 - Orcar.search_agent - DEBUG] Search content: [ChatMessage(role=<MessageRole.USER: 'user'>, additional_kwargs={}, blocks=[TextBlock(block_type='text', text='Please provide observation feedback and new_search_actions on the search results below. \n<New Info>\n\n            Search Action: search_method_in_class\n\n            Search Action Input: {\'class_name\': \'Field\', \'method_name\': \'value_from_object\', \'file_path\': \'django/db/models/fields/__init__.py\'}\n\n            File Path: django/db/models/fields/__init__.py \nMethod Content: \n    def value_from_object(self, obj):\n        """Return the value of this field in the given model instance."""\n        return getattr(obj, self.attname)\n\n</New Info>\n')])]
[2026-07-29 15:12:33,765 - Orcar.search_agent - INFO] Search cache: [SearchResult(search_action='search_method_in_class', search_action_input={'class_name': 'Field', 'method_name': 'contribute_to_class', 'file_path': 'django/db/models/fields/__init__.py'}, search_content='File Path: django/db/models/fields/__init__.py \nMethod Content: \n    def contribute_to_class(self, cls, name, private_only=False):\n        """\n        Register the field with the model class it belongs to.\n\n        If private_only is True, create a separate instance of this field\n        for every subclass of cls, even if cls is not an abstract model.\n        """\n        self.set_attributes_from_name(name)\n        self.model = cls\n        cls._meta.add_field(self, private=private_only)\n        if self.column:\n            # Don\'t override classmethods with the descriptor. This means that\n            # if you have a classmethod and a field with the same name, then\n            # such fields can\'t be deferred (we don\'t have a check for this).\n            if not getattr(cls, self.attname, None):\n                setattr(cls, self.attname, self.descriptor_class(self))\n        if self.choices is not None:\n            setattr(cls, \'get_%s_display\' % self.name,\n                    partialmethod(cls._get_FIELD_display, field=self))\n'), SearchResult(search_action='search_method_in_class', search_action_input={'class_name': 'ModelBase', 'method_name': '__new__', 'file_path': 'django/db/models/base.py'}, search_content='File Path: django/db/models/base.py \nMethod Content: \n    def __new__(cls, name, bases, attrs, **kwargs):\n        super_new = super().__new__\n\n        # Also ensure initialization is only performed for subclasses of Model\n        # (excluding Model class itself).\n        parents = [b for b in bases if isinstance(b, ModelBase)]\n        if not parents:\n            return super_new(cls, name, bases, attrs)\n\n        # Create the class.\n        module = attrs.pop(\'__module__\')\n        new_attrs = {\'__module__\': module}\n        classcell = attrs.pop(\'__classcell__\', None)\n        if classcell is not None:\n            new_attrs[\'__classcell__\'] = classcell\n        attr_meta = attrs.pop(\'Meta\', None)\n        # Pass all attrs without a (Django-specific) contribute_to_class()\n        # method to type.__new__() so that they\'re properly initialized\n        # (i.e. __set_name__()).\n        contributable_attrs = {}\n        for obj_name, obj in list(attrs.items()):\n            if _has_contribute_to_class(obj):\n                contributable_attrs[obj_name] = obj\n            else:\n                new_attrs[obj_name] = obj\n        new_class = super_new(cls, name, bases, new_attrs, **kwargs)\n\n        abstract = getattr(attr_meta, \'abstract\', False)\n        meta = attr_meta or getattr(new_class, \'Meta\', None)\n        base_meta = getattr(new_class, \'_meta\', None)\n\n        app_label = None\n\n        # Look for an application configuration to attach the model to.\n        app_config = apps.get_containing_app_config(module)\n\n        if getattr(meta, \'app_label\', None) is None:\n            if app_config is None:\n                if not abstract:\n                    raise RuntimeError(\n                        "Model class %s.%s doesn\'t declare an explicit "\n                        "app_label and isn\'t in an application in "\n                        "INSTALLED_APPS." % (module, name)\n                    )\n\n            else:\n                app_label = app_config.label\n\n        new_class.add_to_class(\'_meta\', Options(meta, app_label))\n        if not abstract:\n            new_class.add_to_class(\n                \'DoesNotExist\',\n                subclass_exception(\n                    \'DoesNotExist\',\n                    tuple(\n                        x.DoesNotExist for x in parents if hasattr(x, \'_meta\') and not x._meta.abstract\n                    ) or (ObjectDoesNotExist,),\n                    module,\n                    attached_to=new_class))\n            new_class.add_to_class(\n                \'MultipleObjectsReturned\',\n                subclass_exception(\n                    \'MultipleObjectsReturned\',\n                    tuple(\n                        x.MultipleObjectsReturned for x in parents if hasattr(x, \'_meta\') and not x._meta.abstract\n                    ) or (MultipleObjectsReturned,),\n                    module,\n                    attached_to=new_class))\n            if base_meta and not base_meta.abstract:\n                # Non-abstract child classes inherit some attributes from their\n                # non-abstract parent (unless an ABC comes before it in the\n                # method resolution order).\n                if not hasattr(meta, \'ordering\'):\n                    new_class._meta.ordering = base_meta.ordering\n                if not hasattr(meta, \'get_latest_by\'):\n                    new_class._meta.get_latest_by = base_meta.get_latest_by\n\n        is_proxy = new_class._meta.proxy\n\n        # If the model is a proxy, ensure that the base class\n        # hasn\'t been swapped out.\n        if is_proxy and base_meta and base_meta.swapped:\n            raise TypeError("%s cannot proxy the swapped model \'%s\'." % (name, base_meta.swapped))\n\n        # Add remaining attributes (those with a contribute_to_class() method)\n        # to the class.\n        for obj_name, obj in contributable_attrs.items():\n            new_class.add_to_class(obj_name, obj)\n\n        # All the fields of any type declared on this model\n        new_fields = chain(\n            new_class._meta.local_fields,\n            new_class._meta.local_many_to_many,\n            new_class._meta.private_fields\n        )\n        field_names = {f.name for f in new_fields}\n\n        # Basic setup for proxy models.\n        if is_proxy:\n            base = None\n            for parent in [kls for kls in parents if hasattr(kls, \'_meta\')]:\n                if parent._meta.abstract:\n                    if parent._meta.fields:\n                        raise TypeError(\n                            "Abstract base class containing model fields not "\n                            "permitted for proxy model \'%s\'." % name\n                        )\n                    else:\n                        continue\n                if base is None:\n                    base = parent\n                elif parent._meta.concrete_model is not base._meta.concrete_model:\n                    raise TypeError("Proxy model \'%s\' has more than one non-abstract model base class." % name)\n            if base is None:\n                raise TypeError("Proxy model \'%s\' has no non-abstract model base class." % name)\n            new_class._meta.setup_proxy(base)\n            new_class._meta.concrete_model = base._meta.concrete_model\n        else:\n            new_class._meta.concrete_model = new_class\n\n        # Collect the parent links for multi-table inheritance.\n        parent_links = {}\n        for base in reversed([new_class] + parents):\n            # Conceptually equivalent to `if base is Model`.\n            if not hasattr(base, \'_meta\'):\n                continue\n            # Skip concrete parent classes.\n            if base != new_class and not base._meta.abstract:\n                continue\n            # Locate OneToOneField instances.\n            for field in base._meta.local_fields:\n                if isinstance(field, OneToOneField):\n                    related = resolve_relation(new_class, field.remote_field.model)\n                    parent_links[make_model_tuple(related)] = field\n\n        # Track fields inherited from base models.\n        inherited_attributes = set()\n        # Do the appropriate setup for any model parents.\n        for base in new_class.mro():\n            if base not in parents or not hasattr(base, \'_meta\'):\n                # Things without _meta aren\'t functional models, so they\'re\n                # uninteresting parents.\n                inherited_attributes.update(base.__dict__)\n                continue\n\n            parent_fields = base._meta.local_fields + base._meta.local_many_to_many\n            if not base._meta.abstract:\n                # Check for clashes between locally declared fields and those\n                # on the base classes.\n                for field in parent_fields:\n                    if field.name in field_names:\n                        raise FieldError(\n                            \'Local field %r in class %r clashes with field of \'\n                            \'the same name from base class %r.\' % (\n                                field.name,\n                                name,\n                                base.__name__,\n                            )\n                        )\n                    else:\n                        inherited_attributes.add(field.name)\n\n                # Concrete classes...\n                base = base._meta.concrete_model\n                base_key = make_model_tuple(base)\n                if base_key in parent_links:\n                    field = parent_links[base_key]\n                elif not is_proxy:\n                    attr_name = \'%s_ptr\' % base._meta.model_name\n                    field = OneToOneField(\n                        base,\n                        on_delete=CASCADE,\n                        name=attr_name,\n                        auto_created=True,\n                        parent_link=True,\n                    )\n\n                    if attr_name in field_names:\n                        raise FieldError(\n                            "Auto-generated field \'%s\' in class %r for "\n                            "parent_link to base class %r clashes with "\n                            "declared field of the same name." % (\n                                attr_name,\n                                name,\n                                base.__name__,\n                            )\n                        )\n\n                    # Only add the ptr field if it\'s not already present;\n                    # e.g. migrations will already have it specified\n                    if not hasattr(new_class, attr_name):\n                        new_class.add_to_class(attr_name, field)\n                else:\n                    field = None\n                new_class._meta.parents[base] = field\n            else:\n                base_parents = base._meta.parents.copy()\n\n                # Add fields from abstract base class if it wasn\'t overridden.\n                for field in parent_fields:\n                    if (field.name not in field_names and\n                            field.name not in new_class.__dict__ and\n                            field.name not in inherited_attributes):\n                        new_field = copy.deepcopy(field)\n                        new_class.add_to_class(field.name, new_field)\n                        # Replace parent links defined on this base by the new\n                        # field. It will be appropriately resolved if required.\n                        if field.one_to_one:\n                            for parent, parent_link in base_parents.items():\n                                if field == parent_link:\n                                    base_parents[parent] = new_field\n\n                # Pass any non-abstract parent classes onto child.\n                new_class._meta.parents.update(base_parents)\n\n            # Inherit private fields (like GenericForeignKey) from the parent\n            # class\n            for field in base._meta.private_fields:\n                if field.name in field_names:\n                    if not base._meta.abstract:\n                        raise FieldError(\n                            \'Local field %r in class %r clashes with field of \'\n                            \'the same name from base class %r.\' % (\n                                field.name,\n                                name,\n                                base.__name__,\n                            )\n                        )\n                else:\n                    field = copy.deepcopy(field)\n                    if not base._meta.abstract:\n                        field.mti_inherited = True\n                    new_class.add_to_class(field.name, field)\n\n        # Copy indexes so that index names are unique when models extend an\n        # abstract model.\n        new_class._meta.indexes = [copy.deepcopy(idx) for idx in new_class._meta.indexes]\n\n        if abstract:\n            # Abstract base models can\'t be instantiated and don\'t appear in\n            # the list of models for an app. We do the final setup for them a\n            # little differently from normal models.\n            attr_meta.abstract = False\n            new_class.Meta = attr_meta\n            return new_class\n\n        new_class._prepare()\n        new_class._meta.apps.register_model(new_class._meta.app_label, new_class)\n        return new_class\n'), SearchResult(search_action='search_method_in_class', search_action_input={'class_name': 'ModelBase', 'method_name': 'add_to_class', 'file_path': 'django/db/models/base.py'}, search_content='File Path: django/db/models/base.py \nMethod Content: \n    def add_to_class(cls, name, value):\n        if _has_contribute_to_class(value):\n            value.contribute_to_class(cls, name)\n        else:\n            setattr(cls, name, value)\n'), SearchResult(search_action='search_method_in_class', search_action_input={'class_name': 'Model', 'method_name': '_get_FIELD_display', 'file_path': 'django/db/models/base.py'}, search_content='File Path: django/db/models/base.py \nMethod Content: \n    def _get_FIELD_display(self, field):\n        value = getattr(self, field.attname)\n        # force_str() to coerce lazy strings.\n        return force_str(dict(field.flatchoices).get(value, value), strings_only=True)\n'), SearchResult(search_action='search_method_in_class', search_action_input={'class_name': 'cached_property', 'method_name': '__get__', 'file_path': 'django/utils/functional.py'}, search_content='File Path: django/utils/functional.py \nMethod Content: \n    def __get__(self, instance, cls=None):\n        """\n        Call the function and put the return value in instance.__dict__ so that\n        subsequent attribute access on the instance returns the cached value\n        instead of calling cached_property.__get__().\n        """\n        if instance is None:\n            return self\n        res = instance.__dict__[self.name] = self.func(instance)\n        return res\n'), SearchResult(search_action='search_method_in_class', search_action_input={'class_name': 'Field', 'method_name': 'value_from_object', 'file_path': 'django/db/models/fields/__init__.py'}, search_content='File Path: django/db/models/fields/__init__.py \nMethod Content: \n    def value_from_object(self, obj):\n        """Return the value of this field in the given model instance."""\n        return getattr(obj, self.attname)\n')]
[2026-07-29 15:12:48,448 - Orcar.search_agent - INFO] in_token_cnt=7086 out_token_cnt=416
[2026-07-29 15:12:48,448 - Orcar.search_agent - INFO] Chat response: assistant: {
  "observation_feedback": "The regression is now well localized: `Field.contribute_to_class()` unconditionally installs `get_%s_display` with `setattr(...)` whenever `choices` is present, so a user-defined `get_foo_bar_display()` can be shadowed during model class construction. `ModelBase.add_to_class()` and `ModelBase.__new__()` are the surrounding assembly paths that decide when that overwrite happens. `Model._get_FIELD_display()` still looks like the intended fallback implementation, and `cached_property.__get__()` appears unrelated to the override loss.",
  "potential_bug_locations": [
    {
      "file_path": "django/db/models/fields/__init__.py",
      "class_name": "Field",
      "method_name": "contribute_to_class"
    },
    {
      "file_path": "django/db/models/base.py",
      "class_name": "ModelBase",
      "method_name": "__new__"
    },
    {
      "file_path": "django/db/models/base.py",
      "class_name": "ModelBase",
      "method_name": "add_to_class"
    },
    {
      "file_path": "django/db/models/base.py",
      "class_name": "Model",
      "method_name": "_get_FIELD_display"
    }
  ],
  "new_search_actions": [
    {
      "action": "search_method_in_class",
      "action_input": {
        "class_name": "ModelBase",
        "method_name": "_prepare",
        "file_path": "django/db/models/base.py"
      }
    },
    {
      "action": "search_file_contents",
      "action_input": {
        "file_name": "__init__.py",
        "directory_path": "django/db/models/fields"
      }
    },
    {
      "action": "search_file_contents",
      "action_input": {
        "file_name": "base.py",
        "directory_path": "django/db/models"
      }
    }
  ]
}
[2026-07-29 15:12:48,449 - action_history - DEBUG] Action history: 
 SearchActionHistory(
  Search Action: search_method_in_class
Search Action Input: {'class_name': 'cached_property', 'method_name': '__get__', 'file_path': 'django/utils/functional.py'}: 1
  Search Action: search_class
Search Action Input: {'class_name': 'Field', 'file_path': 'django/db/models/fields/__init__.py'}: 2
  Search Action: search_class
Search Action Input: {'class_name': 'ModelBase', 'file_path': 'django/db/models/base.py'}: 3
  Search Action: search_class
Search Action Input: {'class_name': 'Model', 'file_path': 'django/db/models/base.py'}: 2
  Search Action: search_file_contents
Search Action Input: {'file_name': 'functional.py', 'directory_path': 'django/utils'}: 1
  Search Action: search_method_in_class
Search Action Input: {'class_name': 'Field', 'method_name': 'contribute_to_class', 'file_path': 'django/db/models/fields/__init__.py'}: 3
  Search Action: search_method_in_class
Search Action Input: {'class_name': 'Field', 'method_name': 'value_from_object', 'file_path': 'django/db/models/fields/__init__.py'}: 1
  Search Action: search_file_contents
Search Action Input: {'file_name': '__init__.py', 'directory_path': 'django/db/models/fields'}: 2
  Search Action: search_method_in_class
Search Action Input: {'class_name': 'ModelBase', 'method_name': '__new__', 'file_path': 'django/db/models/base.py'}: 3
  Search Action: search_method_in_class
Search Action Input: {'class_name': 'ModelBase', 'method_name': '_base_manager', 'file_path': 'django/db/models/base.py'}: 1
  Search Action: search_file_contents
Search Action Input: {'file_name': 'base.py', 'directory_path': 'django/db/models'}: 2
  Search Action: search_method_in_class
Search Action Input: {'class_name': 'ModelBase', 'method_name': 'add_to_class', 'file_path': 'django/db/models/base.py'}: 3
  Search Action: search_method_in_class
Search Action Input: {'class_name': 'ModelBase', 'method_name': '__new__'}: 1
  Search Action: search_method_in_class
Search Action Input: {'class_name': 'ModelBase', 'method_name': 'add_to_class'}: 1
  Search Action: search_method_in_class
Search Action Input: {'class_name': 'Model', 'method_name': '_get_FIELD_display'}: 1
  Search Action: search_method_in_class
Search Action Input: {'class_name': 'Model', 'method_name': '_get_FIELD_display', 'file_path': 'django/db/models/base.py'}: 3
  Search Action: search_callable
Search Action Input: {'query_name': 'get_FOO_display'}: 3
  Search Action: search_method_in_class
Search Action Input: {'class_name': 'ModelBase', 'method_name': '_prepare', 'file_path': 'django/db/models/base.py'}: 3
)
[2026-07-29 15:12:48,449 - Orcar.search_agent - INFO] Current search queue size: 7
[2026-07-29 15:12:51,137 - Orcar.search_agent - INFO] Is early stop: False similarity: True
[2026-07-29 15:12:51,137 - Orcar.search_agent - INFO] Is complete: False
[2026-07-29 15:12:51,138 - search_queue - DEBUG] search queue: 
 SearchQueue(
  Value: 3, Action: Search Action: search_method_in_class
Search Action Input: {'class_name': 'ModelBase', 'method_name': '_prepare', 'file_path': 'django/db/models/base.py'}
  Value: 2, Action: Search Action: search_file_contents
Search Action Input: {'file_name': '__init__.py', 'directory_path': 'django/db/models/fields'}
  Value: 2, Action: Search Action: search_method_in_class
Search Action Input: {'class_name': 'ModelBase', 'method_name': '_base_manager', 'file_path': 'django/db/models/base.py'}
  Value: 2, Action: Search Action: search_file_contents
Search Action Input: {'file_name': 'base.py', 'directory_path': 'django/db/models'}
  Value: 1, Action: Search Action: search_method_in_class
Search Action Input: {'class_name': 'ModelBase', 'method_name': '__new__'}
  Value: 1, Action: Search Action: search_method_in_class
Search Action Input: {'class_name': 'ModelBase', 'method_name': 'add_to_class'}
  Value: 1, Action: Search Action: search_method_in_class
Search Action Input: {'class_name': 'Model', 'method_name': '_get_FIELD_display'}
)
[2026-07-29 15:12:51,196 - Orcar.search_agent - DEBUG] Search content: [ChatMessage(role=<MessageRole.USER: 'user'>, additional_kwargs={}, blocks=[TextBlock(block_type='text', text='Please provide observation feedback and new_search_actions on the search results below. \n<New Info>\n\n            Search Action: search_method_in_class\n\n            Search Action Input: {\'class_name\': \'ModelBase\', \'method_name\': \'_prepare\', \'file_path\': \'django/db/models/base.py\'}\n\n            File Path: django/db/models/base.py \nMethod Content: \n    def _prepare(cls):\n        """Create some methods once self._meta has been populated."""\n        opts = cls._meta\n        opts._prepare(cls)\n\n        if opts.order_with_respect_to:\n            cls.get_next_in_order = partialmethod(cls._get_next_or_previous_in_order, is_next=True)\n            cls.get_previous_in_order = partialmethod(cls._get_next_or_previous_in_order, is_next=False)\n\n            # Defer creating accessors on the foreign class until it has been\n            # created and registered. If remote_field is None, we\'re ordering\n            # with respect to a GenericForeignKey and don\'t know what the\n            # foreign class is - we\'ll add those accessors later in\n            # contribute_to_class().\n            if opts.order_with_respect_to.remote_field:\n                wrt = opts.order_with_respect_to\n                remote = wrt.remote_field.model\n                lazy_related_operation(make_foreign_order_accessors, cls, remote)\n\n        # Give the class a docstring -- its definition.\n        if cls.__doc__ is None:\n            cls.__doc__ = "%s(%s)" % (cls.__name__, ", ".join(f.name for f in opts.fields))\n\n        get_absolute_url_override = settings.ABSOLUTE_URL_OVERRIDES.get(opts.label_lower)\n        if get_absolute_url_override:\n            setattr(cls, \'get_absolute_url\', get_absolute_url_override)\n\n        if not opts.managers:\n            if any(f.name == \'objects\' for f in opts.fields):\n                raise ValueError(\n                    "Model %s must specify a custom Manager, because it has a "\n                    "field named \'objects\'." % cls.__name__\n                )\n            manager = Manager()\n            manager.auto_created = True\n            cls.add_to_class(\'objects\', manager)\n\n        # Set the name of _meta.indexes. This can\'t be done in\n        # Options.contribute_to_class() because fields haven\'t been added to\n        # the model at that point.\n        for index in cls._meta.indexes:\n            if not index.name:\n                index.set_name_with_model(cls)\n\n        class_prepared.send(sender=cls)\n\n</New Info>\n')])]
[2026-07-29 15:12:51,196 - Orcar.search_agent - INFO] Search cache: [SearchResult(search_action='search_method_in_class', search_action_input={'class_name': 'Field', 'method_name': 'contribute_to_class', 'file_path': 'django/db/models/fields/__init__.py'}, search_content='File Path: django/db/models/fields/__init__.py \nMethod Content: \n    def contribute_to_class(self, cls, name, private_only=False):\n        """\n        Register the field with the model class it belongs to.\n\n        If private_only is True, create a separate instance of this field\n        for every subclass of cls, even if cls is not an abstract model.\n        """\n        self.set_attributes_from_name(name)\n        self.model = cls\n        cls._meta.add_field(self, private=private_only)\n        if self.column:\n            # Don\'t override classmethods with the descriptor. This means that\n            # if you have a classmethod and a field with the same name, then\n            # such fields can\'t be deferred (we don\'t have a check for this).\n            if not getattr(cls, self.attname, None):\n                setattr(cls, self.attname, self.descriptor_class(self))\n        if self.choices is not None:\n            setattr(cls, \'get_%s_display\' % self.name,\n                    partialmethod(cls._get_FIELD_display, field=self))\n'), SearchResult(search_action='search_method_in_class', search_action_input={'class_name': 'ModelBase', 'method_name': '__new__', 'file_path': 'django/db/models/base.py'}, search_content='File Path: django/db/models/base.py \nMethod Content: \n    def __new__(cls, name, bases, attrs, **kwargs):\n        super_new = super().__new__\n\n        # Also ensure initialization is only performed for subclasses of Model\n        # (excluding Model class itself).\n        parents = [b for b in bases if isinstance(b, ModelBase)]\n        if not parents:\n            return super_new(cls, name, bases, attrs)\n\n        # Create the class.\n        module = attrs.pop(\'__module__\')\n        new_attrs = {\'__module__\': module}\n        classcell = attrs.pop(\'__classcell__\', None)\n        if classcell is not None:\n            new_attrs[\'__classcell__\'] = classcell\n        attr_meta = attrs.pop(\'Meta\', None)\n        # Pass all attrs without a (Django-specific) contribute_to_class()\n        # method to type.__new__() so that they\'re properly initialized\n        # (i.e. __set_name__()).\n        contributable_attrs = {}\n        for obj_name, obj in list(attrs.items()):\n            if _has_contribute_to_class(obj):\n                contributable_attrs[obj_name] = obj\n            else:\n                new_attrs[obj_name] = obj\n        new_class = super_new(cls, name, bases, new_attrs, **kwargs)\n\n        abstract = getattr(attr_meta, \'abstract\', False)\n        meta = attr_meta or getattr(new_class, \'Meta\', None)\n        base_meta = getattr(new_class, \'_meta\', None)\n\n        app_label = None\n\n        # Look for an application configuration to attach the model to.\n        app_config = apps.get_containing_app_config(module)\n\n        if getattr(meta, \'app_label\', None) is None:\n            if app_config is None:\n                if not abstract:\n                    raise RuntimeError(\n                        "Model class %s.%s doesn\'t declare an explicit "\n                        "app_label and isn\'t in an application in "\n                        "INSTALLED_APPS." % (module, name)\n                    )\n\n            else:\n                app_label = app_config.label\n\n        new_class.add_to_class(\'_meta\', Options(meta, app_label))\n        if not abstract:\n            new_class.add_to_class(\n                \'DoesNotExist\',\n                subclass_exception(\n                    \'DoesNotExist\',\n                    tuple(\n                        x.DoesNotExist for x in parents if hasattr(x, \'_meta\') and not x._meta.abstract\n                    ) or (ObjectDoesNotExist,),\n                    module,\n                    attached_to=new_class))\n            new_class.add_to_class(\n                \'MultipleObjectsReturned\',\n                subclass_exception(\n                    \'MultipleObjectsReturned\',\n                    tuple(\n                        x.MultipleObjectsReturned for x in parents if hasattr(x, \'_meta\') and not x._meta.abstract\n                    ) or (MultipleObjectsReturned,),\n                    module,\n                    attached_to=new_class))\n            if base_meta and not base_meta.abstract:\n                # Non-abstract child classes inherit some attributes from their\n                # non-abstract parent (unless an ABC comes before it in the\n                # method resolution order).\n                if not hasattr(meta, \'ordering\'):\n                    new_class._meta.ordering = base_meta.ordering\n                if not hasattr(meta, \'get_latest_by\'):\n                    new_class._meta.get_latest_by = base_meta.get_latest_by\n\n        is_proxy = new_class._meta.proxy\n\n        # If the model is a proxy, ensure that the base class\n        # hasn\'t been swapped out.\n        if is_proxy and base_meta and base_meta.swapped:\n            raise TypeError("%s cannot proxy the swapped model \'%s\'." % (name, base_meta.swapped))\n\n        # Add remaining attributes (those with a contribute_to_class() method)\n        # to the class.\n        for obj_name, obj in contributable_attrs.items():\n            new_class.add_to_class(obj_name, obj)\n\n        # All the fields of any type declared on this model\n        new_fields = chain(\n            new_class._meta.local_fields,\n            new_class._meta.local_many_to_many,\n            new_class._meta.private_fields\n        )\n        field_names = {f.name for f in new_fields}\n\n        # Basic setup for proxy models.\n        if is_proxy:\n            base = None\n            for parent in [kls for kls in parents if hasattr(kls, \'_meta\')]:\n                if parent._meta.abstract:\n                    if parent._meta.fields:\n                        raise TypeError(\n                            "Abstract base class containing model fields not "\n                            "permitted for proxy model \'%s\'." % name\n                        )\n                    else:\n                        continue\n                if base is None:\n                    base = parent\n                elif parent._meta.concrete_model is not base._meta.concrete_model:\n                    raise TypeError("Proxy model \'%s\' has more than one non-abstract model base class." % name)\n            if base is None:\n                raise TypeError("Proxy model \'%s\' has no non-abstract model base class." % name)\n            new_class._meta.setup_proxy(base)\n            new_class._meta.concrete_model = base._meta.concrete_model\n        else:\n            new_class._meta.concrete_model = new_class\n\n        # Collect the parent links for multi-table inheritance.\n        parent_links = {}\n        for base in reversed([new_class] + parents):\n            # Conceptually equivalent to `if base is Model`.\n            if not hasattr(base, \'_meta\'):\n                continue\n            # Skip concrete parent classes.\n            if base != new_class and not base._meta.abstract:\n                continue\n            # Locate OneToOneField instances.\n            for field in base._meta.local_fields:\n                if isinstance(field, OneToOneField):\n                    related = resolve_relation(new_class, field.remote_field.model)\n                    parent_links[make_model_tuple(related)] = field\n\n        # Track fields inherited from base models.\n        inherited_attributes = set()\n        # Do the appropriate setup for any model parents.\n        for base in new_class.mro():\n            if base not in parents or not hasattr(base, \'_meta\'):\n                # Things without _meta aren\'t functional models, so they\'re\n                # uninteresting parents.\n                inherited_attributes.update(base.__dict__)\n                continue\n\n            parent_fields = base._meta.local_fields + base._meta.local_many_to_many\n            if not base._meta.abstract:\n                # Check for clashes between locally declared fields and those\n                # on the base classes.\n                for field in parent_fields:\n                    if field.name in field_names:\n                        raise FieldError(\n                            \'Local field %r in class %r clashes with field of \'\n                            \'the same name from base class %r.\' % (\n                                field.name,\n                                name,\n                                base.__name__,\n                            )\n                        )\n                    else:\n                        inherited_attributes.add(field.name)\n\n                # Concrete classes...\n                base = base._meta.concrete_model\n                base_key = make_model_tuple(base)\n                if base_key in parent_links:\n                    field = parent_links[base_key]\n                elif not is_proxy:\n                    attr_name = \'%s_ptr\' % base._meta.model_name\n                    field = OneToOneField(\n                        base,\n                        on_delete=CASCADE,\n                        name=attr_name,\n                        auto_created=True,\n                        parent_link=True,\n                    )\n\n                    if attr_name in field_names:\n                        raise FieldError(\n                            "Auto-generated field \'%s\' in class %r for "\n                            "parent_link to base class %r clashes with "\n                            "declared field of the same name." % (\n                                attr_name,\n                                name,\n                                base.__name__,\n                            )\n                        )\n\n                    # Only add the ptr field if it\'s not already present;\n                    # e.g. migrations will already have it specified\n                    if not hasattr(new_class, attr_name):\n                        new_class.add_to_class(attr_name, field)\n                else:\n                    field = None\n                new_class._meta.parents[base] = field\n            else:\n                base_parents = base._meta.parents.copy()\n\n                # Add fields from abstract base class if it wasn\'t overridden.\n                for field in parent_fields:\n                    if (field.name not in field_names and\n                            field.name not in new_class.__dict__ and\n                            field.name not in inherited_attributes):\n                        new_field = copy.deepcopy(field)\n                        new_class.add_to_class(field.name, new_field)\n                        # Replace parent links defined on this base by the new\n                        # field. It will be appropriately resolved if required.\n                        if field.one_to_one:\n                            for parent, parent_link in base_parents.items():\n                                if field == parent_link:\n                                    base_parents[parent] = new_field\n\n                # Pass any non-abstract parent classes onto child.\n                new_class._meta.parents.update(base_parents)\n\n            # Inherit private fields (like GenericForeignKey) from the parent\n            # class\n            for field in base._meta.private_fields:\n                if field.name in field_names:\n                    if not base._meta.abstract:\n                        raise FieldError(\n                            \'Local field %r in class %r clashes with field of \'\n                            \'the same name from base class %r.\' % (\n                                field.name,\n                                name,\n                                base.__name__,\n                            )\n                        )\n                else:\n                    field = copy.deepcopy(field)\n                    if not base._meta.abstract:\n                        field.mti_inherited = True\n                    new_class.add_to_class(field.name, field)\n\n        # Copy indexes so that index names are unique when models extend an\n        # abstract model.\n        new_class._meta.indexes = [copy.deepcopy(idx) for idx in new_class._meta.indexes]\n\n        if abstract:\n            # Abstract base models can\'t be instantiated and don\'t appear in\n            # the list of models for an app. We do the final setup for them a\n            # little differently from normal models.\n            attr_meta.abstract = False\n            new_class.Meta = attr_meta\n            return new_class\n\n        new_class._prepare()\n        new_class._meta.apps.register_model(new_class._meta.app_label, new_class)\n        return new_class\n'), SearchResult(search_action='search_method_in_class', search_action_input={'class_name': 'ModelBase', 'method_name': 'add_to_class', 'file_path': 'django/db/models/base.py'}, search_content='File Path: django/db/models/base.py \nMethod Content: \n    def add_to_class(cls, name, value):\n        if _has_contribute_to_class(value):\n            value.contribute_to_class(cls, name)\n        else:\n            setattr(cls, name, value)\n'), SearchResult(search_action='search_method_in_class', search_action_input={'class_name': 'Model', 'method_name': '_get_FIELD_display', 'file_path': 'django/db/models/base.py'}, search_content='File Path: django/db/models/base.py \nMethod Content: \n    def _get_FIELD_display(self, field):\n        value = getattr(self, field.attname)\n        # force_str() to coerce lazy strings.\n        return force_str(dict(field.flatchoices).get(value, value), strings_only=True)\n'), SearchResult(search_action='search_method_in_class', search_action_input={'class_name': 'Field', 'method_name': 'value_from_object', 'file_path': 'django/db/models/fields/__init__.py'}, search_content='File Path: django/db/models/fields/__init__.py \nMethod Content: \n    def value_from_object(self, obj):\n        """Return the value of this field in the given model instance."""\n        return getattr(obj, self.attname)\n'), SearchResult(search_action='search_method_in_class', search_action_input={'class_name': 'cached_property', 'method_name': '__get__', 'file_path': 'django/utils/functional.py'}, search_content='File Path: django/utils/functional.py \nMethod Content: \n    def __get__(self, instance, cls=None):\n        """\n        Call the function and put the return value in instance.__dict__ so that\n        subsequent attribute access on the instance returns the cached value\n        instead of calling cached_property.__get__().\n        """\n        if instance is None:\n            return self\n        res = instance.__dict__[self.name] = self.func(instance)\n        return res\n'), SearchResult(search_action='search_method_in_class', search_action_input={'class_name': 'ModelBase', 'method_name': '_prepare', 'file_path': 'django/db/models/base.py'}, search_content='File Path: django/db/models/base.py \nMethod Content: \n    def _prepare(cls):\n        """Create some methods once self._meta has been populated."""\n        opts = cls._meta\n        opts._prepare(cls)\n\n        if opts.order_with_respect_to:\n            cls.get_next_in_order = partialmethod(cls._get_next_or_previous_in_order, is_next=True)\n            cls.get_previous_in_order = partialmethod(cls._get_next_or_previous_in_order, is_next=False)\n\n            # Defer creating accessors on the foreign class until it has been\n            # created and registered. If remote_field is None, we\'re ordering\n            # with respect to a GenericForeignKey and don\'t know what the\n            # foreign class is - we\'ll add those accessors later in\n            # contribute_to_class().\n            if opts.order_with_respect_to.remote_field:\n                wrt = opts.order_with_respect_to\n                remote = wrt.remote_field.model\n                lazy_related_operation(make_foreign_order_accessors, cls, remote)\n\n        # Give the class a docstring -- its definition.\n        if cls.__doc__ is None:\n            cls.__doc__ = "%s(%s)" % (cls.__name__, ", ".join(f.name for f in opts.fields))\n\n        get_absolute_url_override = settings.ABSOLUTE_URL_OVERRIDES.get(opts.label_lower)\n        if get_absolute_url_override:\n            setattr(cls, \'get_absolute_url\', get_absolute_url_override)\n\n        if not opts.managers:\n            if any(f.name == \'objects\' for f in opts.fields):\n                raise ValueError(\n                    "Model %s must specify a custom Manager, because it has a "\n                    "field named \'objects\'." % cls.__name__\n                )\n            manager = Manager()\n            manager.auto_created = True\n            cls.add_to_class(\'objects\', manager)\n\n        # Set the name of _meta.indexes. This can\'t be done in\n        # Options.contribute_to_class() because fields haven\'t been added to\n        # the model at that point.\n        for index in cls._meta.indexes:\n            if not index.name:\n                index.set_name_with_model(cls)\n\n        class_prepared.send(sender=cls)\n')]
[2026-07-29 15:13:28,011 - Orcar.search_agent - INFO] in_token_cnt=8069 out_token_cnt=264
[2026-07-29 15:13:28,011 - Orcar.search_agent - INFO] Chat response: assistant: {"observation_feedback":"The regression is localized to model class construction, not the descriptor cache. `django/db/models/fields/__init__.py:Field.contribute_to_class()` unconditionally installs `get_%s_display` with `partialmethod(...)` whenever `choices` is set, so a user-defined `get_foo_bar_display()` can be overwritten during class setup. `django/db/models/base.py:ModelBase.__new__()` and `django/db/models/base.py:ModelBase.add_to_class()` are the surrounding assembly paths that control when that overwrite happens. `django/db/models/base.py:Model._get_FIELD_display()` still looks like the intended fallback implementation, and `django/utils/functional.py:cached_property.__get__()` does not appear to be the source of the bug.","potential_bug_locations":[{"file_path":"django/db/models/fields/__init__.py","class_name":"Field","method_name":"contribute_to_class"},{"file_path":"django/db/models/base.py","class_name":"ModelBase","method_name":"__new__"},{"file_path":"django/db/models/base.py","class_name":"ModelBase","method_name":"add_to_class"},{"file_path":"django/db/models/base.py","class_name":"Model","method_name":"_get_FIELD_display"}],"new_search_actions":[]}
[2026-07-29 15:13:28,012 - action_history - DEBUG] Action history: 
 SearchActionHistory(
  Search Action: search_method_in_class
Search Action Input: {'class_name': 'cached_property', 'method_name': '__get__', 'file_path': 'django/utils/functional.py'}: 1
  Search Action: search_class
Search Action Input: {'class_name': 'Field', 'file_path': 'django/db/models/fields/__init__.py'}: 2
  Search Action: search_class
Search Action Input: {'class_name': 'ModelBase', 'file_path': 'django/db/models/base.py'}: 3
  Search Action: search_class
Search Action Input: {'class_name': 'Model', 'file_path': 'django/db/models/base.py'}: 2
  Search Action: search_file_contents
Search Action Input: {'file_name': 'functional.py', 'directory_path': 'django/utils'}: 1
  Search Action: search_method_in_class
Search Action Input: {'class_name': 'Field', 'method_name': 'contribute_to_class', 'file_path': 'django/db/models/fields/__init__.py'}: 3
  Search Action: search_method_in_class
Search Action Input: {'class_name': 'Field', 'method_name': 'value_from_object', 'file_path': 'django/db/models/fields/__init__.py'}: 1
  Search Action: search_file_contents
Search Action Input: {'file_name': '__init__.py', 'directory_path': 'django/db/models/fields'}: 2
  Search Action: search_method_in_class
Search Action Input: {'class_name': 'ModelBase', 'method_name': '__new__', 'file_path': 'django/db/models/base.py'}: 3
  Search Action: search_method_in_class
Search Action Input: {'class_name': 'ModelBase', 'method_name': '_base_manager', 'file_path': 'django/db/models/base.py'}: 1
  Search Action: search_file_contents
Search Action Input: {'file_name': 'base.py', 'directory_path': 'django/db/models'}: 2
  Search Action: search_method_in_class
Search Action Input: {'class_name': 'ModelBase', 'method_name': 'add_to_class', 'file_path': 'django/db/models/base.py'}: 3
  Search Action: search_method_in_class
Search Action Input: {'class_name': 'ModelBase', 'method_name': '__new__'}: 1
  Search Action: search_method_in_class
Search Action Input: {'class_name': 'ModelBase', 'method_name': 'add_to_class'}: 1
  Search Action: search_method_in_class
Search Action Input: {'class_name': 'Model', 'method_name': '_get_FIELD_display'}: 1
  Search Action: search_method_in_class
Search Action Input: {'class_name': 'Model', 'method_name': '_get_FIELD_display', 'file_path': 'django/db/models/base.py'}: 3
  Search Action: search_callable
Search Action Input: {'query_name': 'get_FOO_display'}: 3
  Search Action: search_method_in_class
Search Action Input: {'class_name': 'ModelBase', 'method_name': '_prepare', 'file_path': 'django/db/models/base.py'}: 3
)
[2026-07-29 15:13:28,012 - Orcar.search_agent - INFO] Current search queue size: 6
[2026-07-29 15:13:29,112 - Orcar.search_agent - INFO] Is early stop: False similarity: True
[2026-07-29 15:13:29,113 - Orcar.search_agent - INFO] Is complete: False
[2026-07-29 15:13:29,113 - search_queue - DEBUG] search queue: 
 SearchQueue(
  Value: 2, Action: Search Action: search_file_contents
Search Action Input: {'file_name': '__init__.py', 'directory_path': 'django/db/models/fields'}
  Value: 2, Action: Search Action: search_method_in_class
Search Action Input: {'class_name': 'ModelBase', 'method_name': '_base_manager', 'file_path': 'django/db/models/base.py'}
  Value: 2, Action: Search Action: search_file_contents
Search Action Input: {'file_name': 'base.py', 'directory_path': 'django/db/models'}
  Value: 1, Action: Search Action: search_method_in_class
Search Action Input: {'class_name': 'ModelBase', 'method_name': '__new__'}
  Value: 1, Action: Search Action: search_method_in_class
Search Action Input: {'class_name': 'ModelBase', 'method_name': 'add_to_class'}
  Value: 1, Action: Search Action: search_method_in_class
Search Action Input: {'class_name': 'Model', 'method_name': '_get_FIELD_display'}
)
[2026-07-29 15:13:29,142 - Orcar.search_agent - INFO] File functions number: 32
[2026-07-29 15:13:29,143 - Orcar.formatter - INFO] Found tokenizer for model 'gpt-5.4-mini'
[2026-07-29 15:13:45,461 - Orcar.code_scorer - INFO] Total batch chat time: 16.32s
[2026-07-29 15:13:45,461 - Orcar.code_scorer - INFO] in_token_cnt=269 out_token_cnt=1
[2026-07-29 15:13:45,461 - Orcar.code_scorer - INFO] in_token_cnt=272 out_token_cnt=1
[2026-07-29 15:13:45,461 - Orcar.code_scorer - INFO] in_token_cnt=293 out_token_cnt=1
[2026-07-29 15:13:45,461 - Orcar.code_scorer - INFO] in_token_cnt=287 out_token_cnt=1
[2026-07-29 15:13:45,461 - Orcar.code_scorer - INFO] in_token_cnt=271 out_token_cnt=1
[2026-07-29 15:13:45,461 - Orcar.code_scorer - INFO] in_token_cnt=653 out_token_cnt=1
[2026-07-29 15:13:45,462 - Orcar.code_scorer - INFO] in_token_cnt=700 out_token_cnt=1
[2026-07-29 15:13:45,462 - Orcar.code_scorer - INFO] in_token_cnt=367 out_token_cnt=1
[2026-07-29 15:13:45,462 - Orcar.code_scorer - INFO] in_token_cnt=482 out_token_cnt=1
[2026-07-29 15:13:45,462 - Orcar.code_scorer - INFO] in_token_cnt=619 out_token_cnt=1
[2026-07-29 15:13:45,462 - Orcar.code_scorer - INFO] in_token_cnt=446 out_token_cnt=1
[2026-07-29 15:13:45,462 - Orcar.code_scorer - INFO] in_token_cnt=755 out_token_cnt=1
[2026-07-29 15:13:45,462 - Orcar.code_scorer - INFO] in_token_cnt=498 out_token_cnt=1
[2026-07-29 15:13:45,462 - Orcar.code_scorer - INFO] in_token_cnt=813 out_token_cnt=1
[2026-07-29 15:13:45,462 - Orcar.code_scorer - INFO] in_token_cnt=360 out_token_cnt=1
[2026-07-29 15:13:45,462 - Orcar.code_scorer - INFO] in_token_cnt=457 out_token_cnt=1
[2026-07-29 15:13:45,462 - Orcar.code_scorer - INFO] in_token_cnt=836 out_token_cnt=1
[2026-07-29 15:13:45,462 - Orcar.code_scorer - INFO] in_token_cnt=430 out_token_cnt=1
[2026-07-29 15:13:45,462 - Orcar.code_scorer - INFO] in_token_cnt=396 out_token_cnt=1
[2026-07-29 15:13:45,462 - Orcar.code_scorer - INFO] in_token_cnt=330 out_token_cnt=1
[2026-07-29 15:13:45,463 - Orcar.code_scorer - INFO] in_token_cnt=333 out_token_cnt=1
[2026-07-29 15:13:45,463 - Orcar.code_scorer - INFO] in_token_cnt=517 out_token_cnt=1
[2026-07-29 15:13:45,463 - Orcar.code_scorer - INFO] in_token_cnt=291 out_token_cnt=1
[2026-07-29 15:13:45,463 - Orcar.code_scorer - INFO] in_token_cnt=442 out_token_cnt=1
[2026-07-29 15:13:45,463 - Orcar.code_scorer - INFO] in_token_cnt=426 out_token_cnt=1
[2026-07-29 15:13:45,463 - Orcar.code_scorer - INFO] in_token_cnt=694 out_token_cnt=1
[2026-07-29 15:13:45,463 - Orcar.code_scorer - INFO] in_token_cnt=608 out_token_cnt=1
[2026-07-29 15:13:45,463 - Orcar.code_scorer - INFO] in_token_cnt=576 out_token_cnt=1
[2026-07-29 15:13:45,463 - Orcar.code_scorer - INFO] in_token_cnt=483 out_token_cnt=1
[2026-07-29 15:13:45,463 - Orcar.code_scorer - INFO] in_token_cnt=314 out_token_cnt=1
[2026-07-29 15:13:45,463 - Orcar.code_scorer - INFO] in_token_cnt=311 out_token_cnt=1
[2026-07-29 15:13:45,464 - Orcar.code_scorer - INFO] in_token_cnt=311 out_token_cnt=1
[2026-07-29 15:13:45,514 - Orcar.search_agent - DEBUG] Search content: [ChatMessage(role=<MessageRole.USER: 'user'>, additional_kwargs={}, blocks=[TextBlock(block_type='text', text="Please provide observation feedback and new_search_actions on the search results below. \n<New Info>\n\n            Search Action: search_file_contents\n\n            Search Action Input: {'file_name': '__init__.py', 'directory_path': 'django/db/models/fields'}\n\n            File Path: django/db/models/fields/__init__.py \nFile Skeleton: \n\nGlobal_variable: __all__\nSignature: __all__\n\nClass: Empty\nSignature: Empty\n\nClass: NOT_PROVIDED\nSignature: NOT_PROVIDED\n\nGlobal_variable: BLANK_CHOICE_DASH\nSignature: BLANK_CHOICE_DASH\n\nFunction: _load_field\nSignature: _load_field(app_label, model_name, field_name)\n\nFunction: _empty\nSignature: _empty(of_cls)\n\nFunction: return_None\nSignature: return_None()\n\nClass: Field\nSignature: Field\nDocstring: Base class for all field types\n\nClass: BooleanField\nSignature: BooleanField\n\nClass: CharField\nSignature: CharField\n\nClass: CommaSeparatedIntegerField\nSignature: CommaSeparatedIntegerField\n\nClass: DateTimeCheckMixin\nSignature: DateTimeCheckMixin\n\nClass: DateField\nSignature: DateField\n\nClass: DateTimeField\nSignature: DateTimeField\n\nClass: DecimalField\nSignature: DecimalField\n\nClass: DurationField\nSignature: DurationField\nDocstring: Store timedelta objects.\n\nUse interval on PostgreSQL, INTERVAL DAY TO SECOND on Oracle, and bigint\nof microseconds on other databases.\n\nClass: EmailField\nSignature: EmailField\n\nClass: FilePathField\nSignature: FilePathField\n\nClass: FloatField\nSignature: FloatField\n\nClass: IntegerField\nSignature: IntegerField\n\nClass: BigIntegerField\nSignature: BigIntegerField\n\nClass: IPAddressField\nSignature: IPAddressField\n\nClass: GenericIPAddressField\nSignature: GenericIPAddressField\n\nClass: NullBooleanField\nSignature: NullBooleanField\n\nClass: PositiveIntegerRelDbTypeMixin\nSignature: PositiveIntegerRelDbTypeMixin\n\nClass: PositiveIntegerField\nSignature: PositiveIntegerField\n\nClass: PositiveSmallIntegerField\nSignature: PositiveSmallIntegerField\n\nClass: SlugField\nSignature: SlugField\n\nClass: SmallIntegerField\nSignature: SmallIntegerField\n\nClass: TextField\nSignature: TextField\n\nClass: TimeField\nSignature: TimeField\n\nClass: URLField\nSignature: URLField\n\nClass: BinaryField\nSignature: BinaryField\n\nClass: UUIDField\nSignature: UUIDField\n\nClass: AutoFieldMixin\nSignature: AutoFieldMixin\n\nClass: AutoFieldMeta\nSignature: AutoFieldMeta\nDocstring: Metaclass to maintain backward inheritance compatibility for AutoField.\n\nIt is intended that AutoFieldMixin become public API when it is possible to\ncreate a non-integer automatically-generated field using column defaults\nstored in the database.\n\nIn many areas Django also relies on using isinstance() to check for an\nautomatically-generated field as a subclass of AutoField. A new flag needs\nto be implemented on Field to be used instead.\n\nWhen these issues have been addressed, this metaclass could be used to\ndeprecate inheritance from AutoField and use of isinstance() with AutoField\nfor detecting automatically-generated fields.\n\nClass: AutoField\nSignature: AutoField\n\nClass: BigAutoField\nSignature: BigAutoField\n\nClass: SmallAutoField\nSignature: SmallAutoField\n\n</New Info>\n")])]
[2026-07-29 15:13:45,515 - Orcar.search_agent - INFO] Search cache: [SearchResult(search_action='search_method_in_class', search_action_input={'class_name': 'Field', 'method_name': 'contribute_to_class', 'file_path': 'django/db/models/fields/__init__.py'}, search_content='File Path: django/db/models/fields/__init__.py \nMethod Content: \n    def contribute_to_class(self, cls, name, private_only=False):\n        """\n        Register the field with the model class it belongs to.\n\n        If private_only is True, create a separate instance of this field\n        for every subclass of cls, even if cls is not an abstract model.\n        """\n        self.set_attributes_from_name(name)\n        self.model = cls\n        cls._meta.add_field(self, private=private_only)\n        if self.column:\n            # Don\'t override classmethods with the descriptor. This means that\n            # if you have a classmethod and a field with the same name, then\n            # such fields can\'t be deferred (we don\'t have a check for this).\n            if not getattr(cls, self.attname, None):\n                setattr(cls, self.attname, self.descriptor_class(self))\n        if self.choices is not None:\n            setattr(cls, \'get_%s_display\' % self.name,\n                    partialmethod(cls._get_FIELD_display, field=self))\n'), SearchResult(search_action='search_method_in_class', search_action_input={'class_name': 'ModelBase', 'method_name': '__new__', 'file_path': 'django/db/models/base.py'}, search_content='File Path: django/db/models/base.py \nMethod Content: \n    def __new__(cls, name, bases, attrs, **kwargs):\n        super_new = super().__new__\n\n        # Also ensure initialization is only performed for subclasses of Model\n        # (excluding Model class itself).\n        parents = [b for b in bases if isinstance(b, ModelBase)]\n        if not parents:\n            return super_new(cls, name, bases, attrs)\n\n        # Create the class.\n        module = attrs.pop(\'__module__\')\n        new_attrs = {\'__module__\': module}\n        classcell = attrs.pop(\'__classcell__\', None)\n        if classcell is not None:\n            new_attrs[\'__classcell__\'] = classcell\n        attr_meta = attrs.pop(\'Meta\', None)\n        # Pass all attrs without a (Django-specific) contribute_to_class()\n        # method to type.__new__() so that they\'re properly initialized\n        # (i.e. __set_name__()).\n        contributable_attrs = {}\n        for obj_name, obj in list(attrs.items()):\n            if _has_contribute_to_class(obj):\n                contributable_attrs[obj_name] = obj\n            else:\n                new_attrs[obj_name] = obj\n        new_class = super_new(cls, name, bases, new_attrs, **kwargs)\n\n        abstract = getattr(attr_meta, \'abstract\', False)\n        meta = attr_meta or getattr(new_class, \'Meta\', None)\n        base_meta = getattr(new_class, \'_meta\', None)\n\n        app_label = None\n\n        # Look for an application configuration to attach the model to.\n        app_config = apps.get_containing_app_config(module)\n\n        if getattr(meta, \'app_label\', None) is None:\n            if app_config is None:\n                if not abstract:\n                    raise RuntimeError(\n                        "Model class %s.%s doesn\'t declare an explicit "\n                        "app_label and isn\'t in an application in "\n                        "INSTALLED_APPS." % (module, name)\n                    )\n\n            else:\n                app_label = app_config.label\n\n        new_class.add_to_class(\'_meta\', Options(meta, app_label))\n        if not abstract:\n            new_class.add_to_class(\n                \'DoesNotExist\',\n                subclass_exception(\n                    \'DoesNotExist\',\n                    tuple(\n                        x.DoesNotExist for x in parents if hasattr(x, \'_meta\') and not x._meta.abstract\n                    ) or (ObjectDoesNotExist,),\n                    module,\n                    attached_to=new_class))\n            new_class.add_to_class(\n                \'MultipleObjectsReturned\',\n                subclass_exception(\n                    \'MultipleObjectsReturned\',\n                    tuple(\n                        x.MultipleObjectsReturned for x in parents if hasattr(x, \'_meta\') and not x._meta.abstract\n                    ) or (MultipleObjectsReturned,),\n                    module,\n                    attached_to=new_class))\n            if base_meta and not base_meta.abstract:\n                # Non-abstract child classes inherit some attributes from their\n                # non-abstract parent (unless an ABC comes before it in the\n                # method resolution order).\n                if not hasattr(meta, \'ordering\'):\n                    new_class._meta.ordering = base_meta.ordering\n                if not hasattr(meta, \'get_latest_by\'):\n                    new_class._meta.get_latest_by = base_meta.get_latest_by\n\n        is_proxy = new_class._meta.proxy\n\n        # If the model is a proxy, ensure that the base class\n        # hasn\'t been swapped out.\n        if is_proxy and base_meta and base_meta.swapped:\n            raise TypeError("%s cannot proxy the swapped model \'%s\'." % (name, base_meta.swapped))\n\n        # Add remaining attributes (those with a contribute_to_class() method)\n        # to the class.\n        for obj_name, obj in contributable_attrs.items():\n            new_class.add_to_class(obj_name, obj)\n\n        # All the fields of any type declared on this model\n        new_fields = chain(\n            new_class._meta.local_fields,\n            new_class._meta.local_many_to_many,\n            new_class._meta.private_fields\n        )\n        field_names = {f.name for f in new_fields}\n\n        # Basic setup for proxy models.\n        if is_proxy:\n            base = None\n            for parent in [kls for kls in parents if hasattr(kls, \'_meta\')]:\n                if parent._meta.abstract:\n                    if parent._meta.fields:\n                        raise TypeError(\n                            "Abstract base class containing model fields not "\n                            "permitted for proxy model \'%s\'." % name\n                        )\n                    else:\n                        continue\n                if base is None:\n                    base = parent\n                elif parent._meta.concrete_model is not base._meta.concrete_model:\n                    raise TypeError("Proxy model \'%s\' has more than one non-abstract model base class." % name)\n            if base is None:\n                raise TypeError("Proxy model \'%s\' has no non-abstract model base class." % name)\n            new_class._meta.setup_proxy(base)\n            new_class._meta.concrete_model = base._meta.concrete_model\n        else:\n            new_class._meta.concrete_model = new_class\n\n        # Collect the parent links for multi-table inheritance.\n        parent_links = {}\n        for base in reversed([new_class] + parents):\n            # Conceptually equivalent to `if base is Model`.\n            if not hasattr(base, \'_meta\'):\n                continue\n            # Skip concrete parent classes.\n            if base != new_class and not base._meta.abstract:\n                continue\n            # Locate OneToOneField instances.\n            for field in base._meta.local_fields:\n                if isinstance(field, OneToOneField):\n                    related = resolve_relation(new_class, field.remote_field.model)\n                    parent_links[make_model_tuple(related)] = field\n\n        # Track fields inherited from base models.\n        inherited_attributes = set()\n        # Do the appropriate setup for any model parents.\n        for base in new_class.mro():\n            if base not in parents or not hasattr(base, \'_meta\'):\n                # Things without _meta aren\'t functional models, so they\'re\n                # uninteresting parents.\n                inherited_attributes.update(base.__dict__)\n                continue\n\n            parent_fields = base._meta.local_fields + base._meta.local_many_to_many\n            if not base._meta.abstract:\n                # Check for clashes between locally declared fields and those\n                # on the base classes.\n                for field in parent_fields:\n                    if field.name in field_names:\n                        raise FieldError(\n                            \'Local field %r in class %r clashes with field of \'\n                            \'the same name from base class %r.\' % (\n                                field.name,\n                                name,\n                                base.__name__,\n                            )\n                        )\n                    else:\n                        inherited_attributes.add(field.name)\n\n                # Concrete classes...\n                base = base._meta.concrete_model\n                base_key = make_model_tuple(base)\n                if base_key in parent_links:\n                    field = parent_links[base_key]\n                elif not is_proxy:\n                    attr_name = \'%s_ptr\' % base._meta.model_name\n                    field = OneToOneField(\n                        base,\n                        on_delete=CASCADE,\n                        name=attr_name,\n                        auto_created=True,\n                        parent_link=True,\n                    )\n\n                    if attr_name in field_names:\n                        raise FieldError(\n                            "Auto-generated field \'%s\' in class %r for "\n                            "parent_link to base class %r clashes with "\n                            "declared field of the same name." % (\n                                attr_name,\n                                name,\n                                base.__name__,\n                            )\n                        )\n\n                    # Only add the ptr field if it\'s not already present;\n                    # e.g. migrations will already have it specified\n                    if not hasattr(new_class, attr_name):\n                        new_class.add_to_class(attr_name, field)\n                else:\n                    field = None\n                new_class._meta.parents[base] = field\n            else:\n                base_parents = base._meta.parents.copy()\n\n                # Add fields from abstract base class if it wasn\'t overridden.\n                for field in parent_fields:\n                    if (field.name not in field_names and\n                            field.name not in new_class.__dict__ and\n                            field.name not in inherited_attributes):\n                        new_field = copy.deepcopy(field)\n                        new_class.add_to_class(field.name, new_field)\n                        # Replace parent links defined on this base by the new\n                        # field. It will be appropriately resolved if required.\n                        if field.one_to_one:\n                            for parent, parent_link in base_parents.items():\n                                if field == parent_link:\n                                    base_parents[parent] = new_field\n\n                # Pass any non-abstract parent classes onto child.\n                new_class._meta.parents.update(base_parents)\n\n            # Inherit private fields (like GenericForeignKey) from the parent\n            # class\n            for field in base._meta.private_fields:\n                if field.name in field_names:\n                    if not base._meta.abstract:\n                        raise FieldError(\n                            \'Local field %r in class %r clashes with field of \'\n                            \'the same name from base class %r.\' % (\n                                field.name,\n                                name,\n                                base.__name__,\n                            )\n                        )\n                else:\n                    field = copy.deepcopy(field)\n                    if not base._meta.abstract:\n                        field.mti_inherited = True\n                    new_class.add_to_class(field.name, field)\n\n        # Copy indexes so that index names are unique when models extend an\n        # abstract model.\n        new_class._meta.indexes = [copy.deepcopy(idx) for idx in new_class._meta.indexes]\n\n        if abstract:\n            # Abstract base models can\'t be instantiated and don\'t appear in\n            # the list of models for an app. We do the final setup for them a\n            # little differently from normal models.\n            attr_meta.abstract = False\n            new_class.Meta = attr_meta\n            return new_class\n\n        new_class._prepare()\n        new_class._meta.apps.register_model(new_class._meta.app_label, new_class)\n        return new_class\n'), SearchResult(search_action='search_method_in_class', search_action_input={'class_name': 'ModelBase', 'method_name': 'add_to_class', 'file_path': 'django/db/models/base.py'}, search_content='File Path: django/db/models/base.py \nMethod Content: \n    def add_to_class(cls, name, value):\n        if _has_contribute_to_class(value):\n            value.contribute_to_class(cls, name)\n        else:\n            setattr(cls, name, value)\n'), SearchResult(search_action='search_method_in_class', search_action_input={'class_name': 'Model', 'method_name': '_get_FIELD_display', 'file_path': 'django/db/models/base.py'}, search_content='File Path: django/db/models/base.py \nMethod Content: \n    def _get_FIELD_display(self, field):\n        value = getattr(self, field.attname)\n        # force_str() to coerce lazy strings.\n        return force_str(dict(field.flatchoices).get(value, value), strings_only=True)\n'), SearchResult(search_action='search_method_in_class', search_action_input={'class_name': 'Field', 'method_name': 'value_from_object', 'file_path': 'django/db/models/fields/__init__.py'}, search_content='File Path: django/db/models/fields/__init__.py \nMethod Content: \n    def value_from_object(self, obj):\n        """Return the value of this field in the given model instance."""\n        return getattr(obj, self.attname)\n'), SearchResult(search_action='search_method_in_class', search_action_input={'class_name': 'cached_property', 'method_name': '__get__', 'file_path': 'django/utils/functional.py'}, search_content='File Path: django/utils/functional.py \nMethod Content: \n    def __get__(self, instance, cls=None):\n        """\n        Call the function and put the return value in instance.__dict__ so that\n        subsequent attribute access on the instance returns the cached value\n        instead of calling cached_property.__get__().\n        """\n        if instance is None:\n            return self\n        res = instance.__dict__[self.name] = self.func(instance)\n        return res\n'), SearchResult(search_action='search_method_in_class', search_action_input={'class_name': 'ModelBase', 'method_name': '_prepare', 'file_path': 'django/db/models/base.py'}, search_content='File Path: django/db/models/base.py \nMethod Content: \n    def _prepare(cls):\n        """Create some methods once self._meta has been populated."""\n        opts = cls._meta\n        opts._prepare(cls)\n\n        if opts.order_with_respect_to:\n            cls.get_next_in_order = partialmethod(cls._get_next_or_previous_in_order, is_next=True)\n            cls.get_previous_in_order = partialmethod(cls._get_next_or_previous_in_order, is_next=False)\n\n            # Defer creating accessors on the foreign class until it has been\n            # created and registered. If remote_field is None, we\'re ordering\n            # with respect to a GenericForeignKey and don\'t know what the\n            # foreign class is - we\'ll add those accessors later in\n            # contribute_to_class().\n            if opts.order_with_respect_to.remote_field:\n                wrt = opts.order_with_respect_to\n                remote = wrt.remote_field.model\n                lazy_related_operation(make_foreign_order_accessors, cls, remote)\n\n        # Give the class a docstring -- its definition.\n        if cls.__doc__ is None:\n            cls.__doc__ = "%s(%s)" % (cls.__name__, ", ".join(f.name for f in opts.fields))\n\n        get_absolute_url_override = settings.ABSOLUTE_URL_OVERRIDES.get(opts.label_lower)\n        if get_absolute_url_override:\n            setattr(cls, \'get_absolute_url\', get_absolute_url_override)\n\n        if not opts.managers:\n            if any(f.name == \'objects\' for f in opts.fields):\n                raise ValueError(\n                    "Model %s must specify a custom Manager, because it has a "\n                    "field named \'objects\'." % cls.__name__\n                )\n            manager = Manager()\n            manager.auto_created = True\n            cls.add_to_class(\'objects\', manager)\n\n        # Set the name of _meta.indexes. This can\'t be done in\n        # Options.contribute_to_class() because fields haven\'t been added to\n        # the model at that point.\n        for index in cls._meta.indexes:\n            if not index.name:\n                index.set_name_with_model(cls)\n\n        class_prepared.send(sender=cls)\n')]
[2026-07-29 15:14:12,583 - Orcar.search_agent - INFO] in_token_cnt=8382 out_token_cnt=293
[2026-07-29 15:14:12,583 - Orcar.search_agent - INFO] Chat response: assistant: {
  "observation_feedback": "The regression is now strongly localized to model class construction. `Field.contribute_to_class()` unconditionally installs `get_%s_display` with `partialmethod(...)` whenever `choices` is set, so a user-defined `get_foo_bar_display()` gets shadowed during class setup in Django 2.2+. `ModelBase.add_to_class()` and `ModelBase.__new__()` are the surrounding assembly paths that control when that overwrite happens. `Model._get_FIELD_display()` still looks like the intended fallback implementation, and `cached_property.__get__()` does not appear to be the source of the override loss.",
  "potential_bug_locations": [
    {
      "file_path": "django/db/models/fields/__init__.py",
      "class_name": "Field",
      "method_name": "contribute_to_class"
    },
    {
      "file_path": "django/db/models/base.py",
      "class_name": "ModelBase",
      "method_name": "add_to_class"
    },
    {
      "file_path": "django/db/models/base.py",
      "class_name": "ModelBase",
      "method_name": "__new__"
    },
    {
      "file_path": "django/db/models/base.py",
      "class_name": "Model",
      "method_name": "_get_FIELD_display"
    }
  ],
  "new_search_actions": []
}
[2026-07-29 15:14:12,584 - action_history - DEBUG] Action history: 
 SearchActionHistory(
  Search Action: search_method_in_class
Search Action Input: {'class_name': 'cached_property', 'method_name': '__get__', 'file_path': 'django/utils/functional.py'}: 1
  Search Action: search_class
Search Action Input: {'class_name': 'Field', 'file_path': 'django/db/models/fields/__init__.py'}: 2
  Search Action: search_class
Search Action Input: {'class_name': 'ModelBase', 'file_path': 'django/db/models/base.py'}: 3
  Search Action: search_class
Search Action Input: {'class_name': 'Model', 'file_path': 'django/db/models/base.py'}: 2
  Search Action: search_file_contents
Search Action Input: {'file_name': 'functional.py', 'directory_path': 'django/utils'}: 1
  Search Action: search_method_in_class
Search Action Input: {'class_name': 'Field', 'method_name': 'contribute_to_class', 'file_path': 'django/db/models/fields/__init__.py'}: 3
  Search Action: search_method_in_class
Search Action Input: {'class_name': 'Field', 'method_name': 'value_from_object', 'file_path': 'django/db/models/fields/__init__.py'}: 1
  Search Action: search_file_contents
Search Action Input: {'file_name': '__init__.py', 'directory_path': 'django/db/models/fields'}: 2
  Search Action: search_method_in_class
Search Action Input: {'class_name': 'ModelBase', 'method_name': '__new__', 'file_path': 'django/db/models/base.py'}: 3
  Search Action: search_method_in_class
Search Action Input: {'class_name': 'ModelBase', 'method_name': '_base_manager', 'file_path': 'django/db/models/base.py'}: 1
  Search Action: search_file_contents
Search Action Input: {'file_name': 'base.py', 'directory_path': 'django/db/models'}: 2
  Search Action: search_method_in_class
Search Action Input: {'class_name': 'ModelBase', 'method_name': 'add_to_class', 'file_path': 'django/db/models/base.py'}: 3
  Search Action: search_method_in_class
Search Action Input: {'class_name': 'ModelBase', 'method_name': '__new__'}: 1
  Search Action: search_method_in_class
Search Action Input: {'class_name': 'ModelBase', 'method_name': 'add_to_class'}: 1
  Search Action: search_method_in_class
Search Action Input: {'class_name': 'Model', 'method_name': '_get_FIELD_display'}: 1
  Search Action: search_method_in_class
Search Action Input: {'class_name': 'Model', 'method_name': '_get_FIELD_display', 'file_path': 'django/db/models/base.py'}: 3
  Search Action: search_callable
Search Action Input: {'query_name': 'get_FOO_display'}: 3
  Search Action: search_method_in_class
Search Action Input: {'class_name': 'ModelBase', 'method_name': '_prepare', 'file_path': 'django/db/models/base.py'}: 3
)
[2026-07-29 15:14:12,584 - Orcar.search_agent - INFO] Current search queue size: 5
[2026-07-29 15:14:15,438 - Orcar.search_agent - INFO] Is early stop: False similarity: True
[2026-07-29 15:14:15,439 - Orcar.search_agent - INFO] Is complete: False
[2026-07-29 15:14:15,439 - search_queue - DEBUG] search queue: 
 SearchQueue(
  Value: 2, Action: Search Action: search_method_in_class
Search Action Input: {'class_name': 'ModelBase', 'method_name': '_base_manager', 'file_path': 'django/db/models/base.py'}
  Value: 2, Action: Search Action: search_file_contents
Search Action Input: {'file_name': 'base.py', 'directory_path': 'django/db/models'}
  Value: 1, Action: Search Action: search_method_in_class
Search Action Input: {'class_name': 'ModelBase', 'method_name': '__new__'}
  Value: 1, Action: Search Action: search_method_in_class
Search Action Input: {'class_name': 'ModelBase', 'method_name': 'add_to_class'}
  Value: 1, Action: Search Action: search_method_in_class
Search Action Input: {'class_name': 'Model', 'method_name': '_get_FIELD_display'}
)
[2026-07-29 15:14:15,497 - Orcar.search_agent - DEBUG] Search content: [ChatMessage(role=<MessageRole.USER: 'user'>, additional_kwargs={}, blocks=[TextBlock(block_type='text', text="Please provide observation feedback and new_search_actions on the search results below. \n<New Info>\n\n            Search Action: search_method_in_class\n\n            Search Action Input: {'class_name': 'ModelBase', 'method_name': '_base_manager', 'file_path': 'django/db/models/base.py'}\n\n            File Path: django/db/models/base.py \nMethod Content: \n    def _base_manager(cls):\n        return cls._meta.base_manager\n\n</New Info>\n")])]
[2026-07-29 15:14:15,497 - Orcar.search_agent - INFO] Search cache: [SearchResult(search_action='search_method_in_class', search_action_input={'class_name': 'Field', 'method_name': 'contribute_to_class', 'file_path': 'django/db/models/fields/__init__.py'}, search_content='File Path: django/db/models/fields/__init__.py \nMethod Content: \n    def contribute_to_class(self, cls, name, private_only=False):\n        """\n        Register the field with the model class it belongs to.\n\n        If private_only is True, create a separate instance of this field\n        for every subclass of cls, even if cls is not an abstract model.\n        """\n        self.set_attributes_from_name(name)\n        self.model = cls\n        cls._meta.add_field(self, private=private_only)\n        if self.column:\n            # Don\'t override classmethods with the descriptor. This means that\n            # if you have a classmethod and a field with the same name, then\n            # such fields can\'t be deferred (we don\'t have a check for this).\n            if not getattr(cls, self.attname, None):\n                setattr(cls, self.attname, self.descriptor_class(self))\n        if self.choices is not None:\n            setattr(cls, \'get_%s_display\' % self.name,\n                    partialmethod(cls._get_FIELD_display, field=self))\n'), SearchResult(search_action='search_method_in_class', search_action_input={'class_name': 'ModelBase', 'method_name': '__new__', 'file_path': 'django/db/models/base.py'}, search_content='File Path: django/db/models/base.py \nMethod Content: \n    def __new__(cls, name, bases, attrs, **kwargs):\n        super_new = super().__new__\n\n        # Also ensure initialization is only performed for subclasses of Model\n        # (excluding Model class itself).\n        parents = [b for b in bases if isinstance(b, ModelBase)]\n        if not parents:\n            return super_new(cls, name, bases, attrs)\n\n        # Create the class.\n        module = attrs.pop(\'__module__\')\n        new_attrs = {\'__module__\': module}\n        classcell = attrs.pop(\'__classcell__\', None)\n        if classcell is not None:\n            new_attrs[\'__classcell__\'] = classcell\n        attr_meta = attrs.pop(\'Meta\', None)\n        # Pass all attrs without a (Django-specific) contribute_to_class()\n        # method to type.__new__() so that they\'re properly initialized\n        # (i.e. __set_name__()).\n        contributable_attrs = {}\n        for obj_name, obj in list(attrs.items()):\n            if _has_contribute_to_class(obj):\n                contributable_attrs[obj_name] = obj\n            else:\n                new_attrs[obj_name] = obj\n        new_class = super_new(cls, name, bases, new_attrs, **kwargs)\n\n        abstract = getattr(attr_meta, \'abstract\', False)\n        meta = attr_meta or getattr(new_class, \'Meta\', None)\n        base_meta = getattr(new_class, \'_meta\', None)\n\n        app_label = None\n\n        # Look for an application configuration to attach the model to.\n        app_config = apps.get_containing_app_config(module)\n\n        if getattr(meta, \'app_label\', None) is None:\n            if app_config is None:\n                if not abstract:\n                    raise RuntimeError(\n                        "Model class %s.%s doesn\'t declare an explicit "\n                        "app_label and isn\'t in an application in "\n                        "INSTALLED_APPS." % (module, name)\n                    )\n\n            else:\n                app_label = app_config.label\n\n        new_class.add_to_class(\'_meta\', Options(meta, app_label))\n        if not abstract:\n            new_class.add_to_class(\n                \'DoesNotExist\',\n                subclass_exception(\n                    \'DoesNotExist\',\n                    tuple(\n                        x.DoesNotExist for x in parents if hasattr(x, \'_meta\') and not x._meta.abstract\n                    ) or (ObjectDoesNotExist,),\n                    module,\n                    attached_to=new_class))\n            new_class.add_to_class(\n                \'MultipleObjectsReturned\',\n                subclass_exception(\n                    \'MultipleObjectsReturned\',\n                    tuple(\n                        x.MultipleObjectsReturned for x in parents if hasattr(x, \'_meta\') and not x._meta.abstract\n                    ) or (MultipleObjectsReturned,),\n                    module,\n                    attached_to=new_class))\n            if base_meta and not base_meta.abstract:\n                # Non-abstract child classes inherit some attributes from their\n                # non-abstract parent (unless an ABC comes before it in the\n                # method resolution order).\n                if not hasattr(meta, \'ordering\'):\n                    new_class._meta.ordering = base_meta.ordering\n                if not hasattr(meta, \'get_latest_by\'):\n                    new_class._meta.get_latest_by = base_meta.get_latest_by\n\n        is_proxy = new_class._meta.proxy\n\n        # If the model is a proxy, ensure that the base class\n        # hasn\'t been swapped out.\n        if is_proxy and base_meta and base_meta.swapped:\n            raise TypeError("%s cannot proxy the swapped model \'%s\'." % (name, base_meta.swapped))\n\n        # Add remaining attributes (those with a contribute_to_class() method)\n        # to the class.\n        for obj_name, obj in contributable_attrs.items():\n            new_class.add_to_class(obj_name, obj)\n\n        # All the fields of any type declared on this model\n        new_fields = chain(\n            new_class._meta.local_fields,\n            new_class._meta.local_many_to_many,\n            new_class._meta.private_fields\n        )\n        field_names = {f.name for f in new_fields}\n\n        # Basic setup for proxy models.\n        if is_proxy:\n            base = None\n            for parent in [kls for kls in parents if hasattr(kls, \'_meta\')]:\n                if parent._meta.abstract:\n                    if parent._meta.fields:\n                        raise TypeError(\n                            "Abstract base class containing model fields not "\n                            "permitted for proxy model \'%s\'." % name\n                        )\n                    else:\n                        continue\n                if base is None:\n                    base = parent\n                elif parent._meta.concrete_model is not base._meta.concrete_model:\n                    raise TypeError("Proxy model \'%s\' has more than one non-abstract model base class." % name)\n            if base is None:\n                raise TypeError("Proxy model \'%s\' has no non-abstract model base class." % name)\n            new_class._meta.setup_proxy(base)\n            new_class._meta.concrete_model = base._meta.concrete_model\n        else:\n            new_class._meta.concrete_model = new_class\n\n        # Collect the parent links for multi-table inheritance.\n        parent_links = {}\n        for base in reversed([new_class] + parents):\n            # Conceptually equivalent to `if base is Model`.\n            if not hasattr(base, \'_meta\'):\n                continue\n            # Skip concrete parent classes.\n            if base != new_class and not base._meta.abstract:\n                continue\n            # Locate OneToOneField instances.\n            for field in base._meta.local_fields:\n                if isinstance(field, OneToOneField):\n                    related = resolve_relation(new_class, field.remote_field.model)\n                    parent_links[make_model_tuple(related)] = field\n\n        # Track fields inherited from base models.\n        inherited_attributes = set()\n        # Do the appropriate setup for any model parents.\n        for base in new_class.mro():\n            if base not in parents or not hasattr(base, \'_meta\'):\n                # Things without _meta aren\'t functional models, so they\'re\n                # uninteresting parents.\n                inherited_attributes.update(base.__dict__)\n                continue\n\n            parent_fields = base._meta.local_fields + base._meta.local_many_to_many\n            if not base._meta.abstract:\n                # Check for clashes between locally declared fields and those\n                # on the base classes.\n                for field in parent_fields:\n                    if field.name in field_names:\n                        raise FieldError(\n                            \'Local field %r in class %r clashes with field of \'\n                            \'the same name from base class %r.\' % (\n                                field.name,\n                                name,\n                                base.__name__,\n                            )\n                        )\n                    else:\n                        inherited_attributes.add(field.name)\n\n                # Concrete classes...\n                base = base._meta.concrete_model\n                base_key = make_model_tuple(base)\n                if base_key in parent_links:\n                    field = parent_links[base_key]\n                elif not is_proxy:\n                    attr_name = \'%s_ptr\' % base._meta.model_name\n                    field = OneToOneField(\n                        base,\n                        on_delete=CASCADE,\n                        name=attr_name,\n                        auto_created=True,\n                        parent_link=True,\n                    )\n\n                    if attr_name in field_names:\n                        raise FieldError(\n                            "Auto-generated field \'%s\' in class %r for "\n                            "parent_link to base class %r clashes with "\n                            "declared field of the same name." % (\n                                attr_name,\n                                name,\n                                base.__name__,\n                            )\n                        )\n\n                    # Only add the ptr field if it\'s not already present;\n                    # e.g. migrations will already have it specified\n                    if not hasattr(new_class, attr_name):\n                        new_class.add_to_class(attr_name, field)\n                else:\n                    field = None\n                new_class._meta.parents[base] = field\n            else:\n                base_parents = base._meta.parents.copy()\n\n                # Add fields from abstract base class if it wasn\'t overridden.\n                for field in parent_fields:\n                    if (field.name not in field_names and\n                            field.name not in new_class.__dict__ and\n                            field.name not in inherited_attributes):\n                        new_field = copy.deepcopy(field)\n                        new_class.add_to_class(field.name, new_field)\n                        # Replace parent links defined on this base by the new\n                        # field. It will be appropriately resolved if required.\n                        if field.one_to_one:\n                            for parent, parent_link in base_parents.items():\n                                if field == parent_link:\n                                    base_parents[parent] = new_field\n\n                # Pass any non-abstract parent classes onto child.\n                new_class._meta.parents.update(base_parents)\n\n            # Inherit private fields (like GenericForeignKey) from the parent\n            # class\n            for field in base._meta.private_fields:\n                if field.name in field_names:\n                    if not base._meta.abstract:\n                        raise FieldError(\n                            \'Local field %r in class %r clashes with field of \'\n                            \'the same name from base class %r.\' % (\n                                field.name,\n                                name,\n                                base.__name__,\n                            )\n                        )\n                else:\n                    field = copy.deepcopy(field)\n                    if not base._meta.abstract:\n                        field.mti_inherited = True\n                    new_class.add_to_class(field.name, field)\n\n        # Copy indexes so that index names are unique when models extend an\n        # abstract model.\n        new_class._meta.indexes = [copy.deepcopy(idx) for idx in new_class._meta.indexes]\n\n        if abstract:\n            # Abstract base models can\'t be instantiated and don\'t appear in\n            # the list of models for an app. We do the final setup for them a\n            # little differently from normal models.\n            attr_meta.abstract = False\n            new_class.Meta = attr_meta\n            return new_class\n\n        new_class._prepare()\n        new_class._meta.apps.register_model(new_class._meta.app_label, new_class)\n        return new_class\n'), SearchResult(search_action='search_method_in_class', search_action_input={'class_name': 'ModelBase', 'method_name': 'add_to_class', 'file_path': 'django/db/models/base.py'}, search_content='File Path: django/db/models/base.py \nMethod Content: \n    def add_to_class(cls, name, value):\n        if _has_contribute_to_class(value):\n            value.contribute_to_class(cls, name)\n        else:\n            setattr(cls, name, value)\n'), SearchResult(search_action='search_method_in_class', search_action_input={'class_name': 'Model', 'method_name': '_get_FIELD_display', 'file_path': 'django/db/models/base.py'}, search_content='File Path: django/db/models/base.py \nMethod Content: \n    def _get_FIELD_display(self, field):\n        value = getattr(self, field.attname)\n        # force_str() to coerce lazy strings.\n        return force_str(dict(field.flatchoices).get(value, value), strings_only=True)\n'), SearchResult(search_action='search_method_in_class', search_action_input={'class_name': 'ModelBase', 'method_name': '_prepare', 'file_path': 'django/db/models/base.py'}, search_content='File Path: django/db/models/base.py \nMethod Content: \n    def _prepare(cls):\n        """Create some methods once self._meta has been populated."""\n        opts = cls._meta\n        opts._prepare(cls)\n\n        if opts.order_with_respect_to:\n            cls.get_next_in_order = partialmethod(cls._get_next_or_previous_in_order, is_next=True)\n            cls.get_previous_in_order = partialmethod(cls._get_next_or_previous_in_order, is_next=False)\n\n            # Defer creating accessors on the foreign class until it has been\n            # created and registered. If remote_field is None, we\'re ordering\n            # with respect to a GenericForeignKey and don\'t know what the\n            # foreign class is - we\'ll add those accessors later in\n            # contribute_to_class().\n            if opts.order_with_respect_to.remote_field:\n                wrt = opts.order_with_respect_to\n                remote = wrt.remote_field.model\n                lazy_related_operation(make_foreign_order_accessors, cls, remote)\n\n        # Give the class a docstring -- its definition.\n        if cls.__doc__ is None:\n            cls.__doc__ = "%s(%s)" % (cls.__name__, ", ".join(f.name for f in opts.fields))\n\n        get_absolute_url_override = settings.ABSOLUTE_URL_OVERRIDES.get(opts.label_lower)\n        if get_absolute_url_override:\n            setattr(cls, \'get_absolute_url\', get_absolute_url_override)\n\n        if not opts.managers:\n            if any(f.name == \'objects\' for f in opts.fields):\n                raise ValueError(\n                    "Model %s must specify a custom Manager, because it has a "\n                    "field named \'objects\'." % cls.__name__\n                )\n            manager = Manager()\n            manager.auto_created = True\n            cls.add_to_class(\'objects\', manager)\n\n        # Set the name of _meta.indexes. This can\'t be done in\n        # Options.contribute_to_class() because fields haven\'t been added to\n        # the model at that point.\n        for index in cls._meta.indexes:\n            if not index.name:\n                index.set_name_with_model(cls)\n\n        class_prepared.send(sender=cls)\n'), SearchResult(search_action='search_method_in_class', search_action_input={'class_name': 'Field', 'method_name': 'value_from_object', 'file_path': 'django/db/models/fields/__init__.py'}, search_content='File Path: django/db/models/fields/__init__.py \nMethod Content: \n    def value_from_object(self, obj):\n        """Return the value of this field in the given model instance."""\n        return getattr(obj, self.attname)\n'), SearchResult(search_action='search_method_in_class', search_action_input={'class_name': 'ModelBase', 'method_name': '_base_manager', 'file_path': 'django/db/models/base.py'}, search_content='File Path: django/db/models/base.py \nMethod Content: \n    def _base_manager(cls):\n        return cls._meta.base_manager\n'), SearchResult(search_action='search_method_in_class', search_action_input={'class_name': 'cached_property', 'method_name': '__get__', 'file_path': 'django/utils/functional.py'}, search_content='File Path: django/utils/functional.py \nMethod Content: \n    def __get__(self, instance, cls=None):\n        """\n        Call the function and put the return value in instance.__dict__ so that\n        subsequent attribute access on the instance returns the cached value\n        instead of calling cached_property.__get__().\n        """\n        if instance is None:\n            return self\n        res = instance.__dict__[self.name] = self.func(instance)\n        return res\n')]
[2026-07-29 15:14:35,388 - Orcar.search_agent - INFO] in_token_cnt=7947 out_token_cnt=298
[2026-07-29 15:14:35,388 - Orcar.search_agent - INFO] Chat response: assistant: {
  "observation_feedback": "The regression is localized to model class construction, not the descriptor cache. `Field.contribute_to_class()` unconditionally injects `get_%s_display` with `partialmethod(...)` when `choices` is set, so a user-defined `get_foo_bar_display()` can be shadowed during class setup in Django 2.2+. `ModelBase.__new__()` and `ModelBase.add_to_class()` are the surrounding assembly paths that control when that overwrite happens. `Model._get_FIELD_display()` still looks like the intended fallback implementation, and `cached_property.__get__()` does not appear to be the source of the override loss.",
  "potential_bug_locations": [
    {
      "file_path": "django/db/models/fields/__init__.py",
      "class_name": "Field",
      "method_name": "contribute_to_class"
    },
    {
      "file_path": "django/db/models/base.py",
      "class_name": "ModelBase",
      "method_name": "__new__"
    },
    {
      "file_path": "django/db/models/base.py",
      "class_name": "ModelBase",
      "method_name": "add_to_class"
    },
    {
      "file_path": "django/db/models/base.py",
      "class_name": "Model",
      "method_name": "_get_FIELD_display"
    }
  ],
  "new_search_actions": []
}
[2026-07-29 15:14:35,388 - action_history - DEBUG] Action history: 
 SearchActionHistory(
  Search Action: search_method_in_class
Search Action Input: {'class_name': 'cached_property', 'method_name': '__get__', 'file_path': 'django/utils/functional.py'}: 1
  Search Action: search_class
Search Action Input: {'class_name': 'Field', 'file_path': 'django/db/models/fields/__init__.py'}: 2
  Search Action: search_class
Search Action Input: {'class_name': 'ModelBase', 'file_path': 'django/db/models/base.py'}: 3
  Search Action: search_class
Search Action Input: {'class_name': 'Model', 'file_path': 'django/db/models/base.py'}: 2
  Search Action: search_file_contents
Search Action Input: {'file_name': 'functional.py', 'directory_path': 'django/utils'}: 1
  Search Action: search_method_in_class
Search Action Input: {'class_name': 'Field', 'method_name': 'contribute_to_class', 'file_path': 'django/db/models/fields/__init__.py'}: 3
  Search Action: search_method_in_class
Search Action Input: {'class_name': 'Field', 'method_name': 'value_from_object', 'file_path': 'django/db/models/fields/__init__.py'}: 1
  Search Action: search_file_contents
Search Action Input: {'file_name': '__init__.py', 'directory_path': 'django/db/models/fields'}: 2
  Search Action: search_method_in_class
Search Action Input: {'class_name': 'ModelBase', 'method_name': '__new__', 'file_path': 'django/db/models/base.py'}: 3
  Search Action: search_method_in_class
Search Action Input: {'class_name': 'ModelBase', 'method_name': '_base_manager', 'file_path': 'django/db/models/base.py'}: 1
  Search Action: search_file_contents
Search Action Input: {'file_name': 'base.py', 'directory_path': 'django/db/models'}: 2
  Search Action: search_method_in_class
Search Action Input: {'class_name': 'ModelBase', 'method_name': 'add_to_class', 'file_path': 'django/db/models/base.py'}: 3
  Search Action: search_method_in_class
Search Action Input: {'class_name': 'ModelBase', 'method_name': '__new__'}: 1
  Search Action: search_method_in_class
Search Action Input: {'class_name': 'ModelBase', 'method_name': 'add_to_class'}: 1
  Search Action: search_method_in_class
Search Action Input: {'class_name': 'Model', 'method_name': '_get_FIELD_display'}: 1
  Search Action: search_method_in_class
Search Action Input: {'class_name': 'Model', 'method_name': '_get_FIELD_display', 'file_path': 'django/db/models/base.py'}: 3
  Search Action: search_callable
Search Action Input: {'query_name': 'get_FOO_display'}: 3
  Search Action: search_method_in_class
Search Action Input: {'class_name': 'ModelBase', 'method_name': '_prepare', 'file_path': 'django/db/models/base.py'}: 3
)
[2026-07-29 15:14:35,388 - Orcar.search_agent - INFO] Current search queue size: 4
[2026-07-29 15:14:36,534 - Orcar.search_agent - INFO] Is early stop: False similarity: True
[2026-07-29 15:14:36,535 - Orcar.search_agent - INFO] Is complete: False
[2026-07-29 15:14:36,535 - search_queue - DEBUG] search queue: 
 SearchQueue(
  Value: 2, Action: Search Action: search_file_contents
Search Action Input: {'file_name': 'base.py', 'directory_path': 'django/db/models'}
  Value: 1, Action: Search Action: search_method_in_class
Search Action Input: {'class_name': 'ModelBase', 'method_name': '__new__'}
  Value: 1, Action: Search Action: search_method_in_class
Search Action Input: {'class_name': 'ModelBase', 'method_name': 'add_to_class'}
  Value: 1, Action: Search Action: search_method_in_class
Search Action Input: {'class_name': 'Model', 'method_name': '_get_FIELD_display'}
)
[2026-07-29 15:14:36,547 - Orcar.search_agent - INFO] File functions number: 9
[2026-07-29 15:14:36,548 - Orcar.formatter - INFO] Found tokenizer for model 'gpt-5.4-mini'
[2026-07-29 15:14:45,068 - Orcar.code_scorer - INFO] Total batch chat time: 8.52s
[2026-07-29 15:14:45,069 - Orcar.code_scorer - INFO] in_token_cnt=294 out_token_cnt=1
[2026-07-29 15:14:45,069 - Orcar.code_scorer - INFO] in_token_cnt=368 out_token_cnt=1
[2026-07-29 15:14:45,069 - Orcar.code_scorer - INFO] in_token_cnt=302 out_token_cnt=1
[2026-07-29 15:14:45,069 - Orcar.code_scorer - INFO] in_token_cnt=304 out_token_cnt=1
[2026-07-29 15:14:45,069 - Orcar.code_scorer - INFO] in_token_cnt=353 out_token_cnt=1
[2026-07-29 15:14:45,069 - Orcar.code_scorer - INFO] in_token_cnt=362 out_token_cnt=1
[2026-07-29 15:14:45,069 - Orcar.code_scorer - INFO] in_token_cnt=329 out_token_cnt=1
[2026-07-29 15:14:45,070 - Orcar.code_scorer - INFO] in_token_cnt=339 out_token_cnt=1
[2026-07-29 15:14:45,070 - Orcar.code_scorer - INFO] in_token_cnt=332 out_token_cnt=1
[2026-07-29 15:14:45,138 - Orcar.search_agent - DEBUG] Search content: [ChatMessage(role=<MessageRole.USER: 'user'>, additional_kwargs={}, blocks=[TextBlock(block_type='text', text="Please provide observation feedback and new_search_actions on the search results below. \n<New Info>\n\n            Search Action: search_file_contents\n\n            Search Action Input: {'file_name': 'base.py', 'directory_path': 'django/db/models'}\n\n            File Path: django/db/models/base.py \nFile Skeleton: \n\nClass: Deferred\nSignature: Deferred\n\nGlobal_variable: DEFERRED\nSignature: DEFERRED\n\nFunction: subclass_exception\nSignature: subclass_exception(name, bases, module, attached_to)\nDocstring: Create exception subclass. Used by ModelBase below.\n\nThe exception is created in a way that allows it to be pickled, assuming\nthat the returned exception class will be added as an attribute to the\n'attached_to' class.\n\nFunction: _has_contribute_to_class\nSignature: _has_contribute_to_class(value)\n\nClass: ModelBase\nSignature: ModelBase\nDocstring: Metaclass for all models.\n\nClass: ModelStateFieldsCacheDescriptor\nSignature: ModelStateFieldsCacheDescriptor\n\nClass: ModelState\nSignature: ModelState\nDocstring: Store model instance state.\n\nClass: Model\nSignature: Model\n\nFunction: method_set_order\nSignature: method_set_order(self, ordered_obj, id_list, using)\n\nFunction: method_get_order\nSignature: method_get_order(self, ordered_obj)\n\nFunction: make_foreign_order_accessors\nSignature: make_foreign_order_accessors(model, related_model)\n\nFunction: model_unpickle\nSignature: model_unpickle(model_id)\nDocstring: Used to unpickle Model subclasses with deferred fields.\n\n</New Info>\n")])]
[2026-07-29 15:14:45,138 - Orcar.search_agent - INFO] Search cache: [SearchResult(search_action='search_method_in_class', search_action_input={'class_name': 'Field', 'method_name': 'contribute_to_class', 'file_path': 'django/db/models/fields/__init__.py'}, search_content='File Path: django/db/models/fields/__init__.py \nMethod Content: \n    def contribute_to_class(self, cls, name, private_only=False):\n        """\n        Register the field with the model class it belongs to.\n\n        If private_only is True, create a separate instance of this field\n        for every subclass of cls, even if cls is not an abstract model.\n        """\n        self.set_attributes_from_name(name)\n        self.model = cls\n        cls._meta.add_field(self, private=private_only)\n        if self.column:\n            # Don\'t override classmethods with the descriptor. This means that\n            # if you have a classmethod and a field with the same name, then\n            # such fields can\'t be deferred (we don\'t have a check for this).\n            if not getattr(cls, self.attname, None):\n                setattr(cls, self.attname, self.descriptor_class(self))\n        if self.choices is not None:\n            setattr(cls, \'get_%s_display\' % self.name,\n                    partialmethod(cls._get_FIELD_display, field=self))\n'), SearchResult(search_action='search_method_in_class', search_action_input={'class_name': 'ModelBase', 'method_name': '__new__', 'file_path': 'django/db/models/base.py'}, search_content='File Path: django/db/models/base.py \nMethod Content: \n    def __new__(cls, name, bases, attrs, **kwargs):\n        super_new = super().__new__\n\n        # Also ensure initialization is only performed for subclasses of Model\n        # (excluding Model class itself).\n        parents = [b for b in bases if isinstance(b, ModelBase)]\n        if not parents:\n            return super_new(cls, name, bases, attrs)\n\n        # Create the class.\n        module = attrs.pop(\'__module__\')\n        new_attrs = {\'__module__\': module}\n        classcell = attrs.pop(\'__classcell__\', None)\n        if classcell is not None:\n            new_attrs[\'__classcell__\'] = classcell\n        attr_meta = attrs.pop(\'Meta\', None)\n        # Pass all attrs without a (Django-specific) contribute_to_class()\n        # method to type.__new__() so that they\'re properly initialized\n        # (i.e. __set_name__()).\n        contributable_attrs = {}\n        for obj_name, obj in list(attrs.items()):\n            if _has_contribute_to_class(obj):\n                contributable_attrs[obj_name] = obj\n            else:\n                new_attrs[obj_name] = obj\n        new_class = super_new(cls, name, bases, new_attrs, **kwargs)\n\n        abstract = getattr(attr_meta, \'abstract\', False)\n        meta = attr_meta or getattr(new_class, \'Meta\', None)\n        base_meta = getattr(new_class, \'_meta\', None)\n\n        app_label = None\n\n        # Look for an application configuration to attach the model to.\n        app_config = apps.get_containing_app_config(module)\n\n        if getattr(meta, \'app_label\', None) is None:\n            if app_config is None:\n                if not abstract:\n                    raise RuntimeError(\n                        "Model class %s.%s doesn\'t declare an explicit "\n                        "app_label and isn\'t in an application in "\n                        "INSTALLED_APPS." % (module, name)\n                    )\n\n            else:\n                app_label = app_config.label\n\n        new_class.add_to_class(\'_meta\', Options(meta, app_label))\n        if not abstract:\n            new_class.add_to_class(\n                \'DoesNotExist\',\n                subclass_exception(\n                    \'DoesNotExist\',\n                    tuple(\n                        x.DoesNotExist for x in parents if hasattr(x, \'_meta\') and not x._meta.abstract\n                    ) or (ObjectDoesNotExist,),\n                    module,\n                    attached_to=new_class))\n            new_class.add_to_class(\n                \'MultipleObjectsReturned\',\n                subclass_exception(\n                    \'MultipleObjectsReturned\',\n                    tuple(\n                        x.MultipleObjectsReturned for x in parents if hasattr(x, \'_meta\') and not x._meta.abstract\n                    ) or (MultipleObjectsReturned,),\n                    module,\n                    attached_to=new_class))\n            if base_meta and not base_meta.abstract:\n                # Non-abstract child classes inherit some attributes from their\n                # non-abstract parent (unless an ABC comes before it in the\n                # method resolution order).\n                if not hasattr(meta, \'ordering\'):\n                    new_class._meta.ordering = base_meta.ordering\n                if not hasattr(meta, \'get_latest_by\'):\n                    new_class._meta.get_latest_by = base_meta.get_latest_by\n\n        is_proxy = new_class._meta.proxy\n\n        # If the model is a proxy, ensure that the base class\n        # hasn\'t been swapped out.\n        if is_proxy and base_meta and base_meta.swapped:\n            raise TypeError("%s cannot proxy the swapped model \'%s\'." % (name, base_meta.swapped))\n\n        # Add remaining attributes (those with a contribute_to_class() method)\n        # to the class.\n        for obj_name, obj in contributable_attrs.items():\n            new_class.add_to_class(obj_name, obj)\n\n        # All the fields of any type declared on this model\n        new_fields = chain(\n            new_class._meta.local_fields,\n            new_class._meta.local_many_to_many,\n            new_class._meta.private_fields\n        )\n        field_names = {f.name for f in new_fields}\n\n        # Basic setup for proxy models.\n        if is_proxy:\n            base = None\n            for parent in [kls for kls in parents if hasattr(kls, \'_meta\')]:\n                if parent._meta.abstract:\n                    if parent._meta.fields:\n                        raise TypeError(\n                            "Abstract base class containing model fields not "\n                            "permitted for proxy model \'%s\'." % name\n                        )\n                    else:\n                        continue\n                if base is None:\n                    base = parent\n                elif parent._meta.concrete_model is not base._meta.concrete_model:\n                    raise TypeError("Proxy model \'%s\' has more than one non-abstract model base class." % name)\n            if base is None:\n                raise TypeError("Proxy model \'%s\' has no non-abstract model base class." % name)\n            new_class._meta.setup_proxy(base)\n            new_class._meta.concrete_model = base._meta.concrete_model\n        else:\n            new_class._meta.concrete_model = new_class\n\n        # Collect the parent links for multi-table inheritance.\n        parent_links = {}\n        for base in reversed([new_class] + parents):\n            # Conceptually equivalent to `if base is Model`.\n            if not hasattr(base, \'_meta\'):\n                continue\n            # Skip concrete parent classes.\n            if base != new_class and not base._meta.abstract:\n                continue\n            # Locate OneToOneField instances.\n            for field in base._meta.local_fields:\n                if isinstance(field, OneToOneField):\n                    related = resolve_relation(new_class, field.remote_field.model)\n                    parent_links[make_model_tuple(related)] = field\n\n        # Track fields inherited from base models.\n        inherited_attributes = set()\n        # Do the appropriate setup for any model parents.\n        for base in new_class.mro():\n            if base not in parents or not hasattr(base, \'_meta\'):\n                # Things without _meta aren\'t functional models, so they\'re\n                # uninteresting parents.\n                inherited_attributes.update(base.__dict__)\n                continue\n\n            parent_fields = base._meta.local_fields + base._meta.local_many_to_many\n            if not base._meta.abstract:\n                # Check for clashes between locally declared fields and those\n                # on the base classes.\n                for field in parent_fields:\n                    if field.name in field_names:\n                        raise FieldError(\n                            \'Local field %r in class %r clashes with field of \'\n                            \'the same name from base class %r.\' % (\n                                field.name,\n                                name,\n                                base.__name__,\n                            )\n                        )\n                    else:\n                        inherited_attributes.add(field.name)\n\n                # Concrete classes...\n                base = base._meta.concrete_model\n                base_key = make_model_tuple(base)\n                if base_key in parent_links:\n                    field = parent_links[base_key]\n                elif not is_proxy:\n                    attr_name = \'%s_ptr\' % base._meta.model_name\n                    field = OneToOneField(\n                        base,\n                        on_delete=CASCADE,\n                        name=attr_name,\n                        auto_created=True,\n                        parent_link=True,\n                    )\n\n                    if attr_name in field_names:\n                        raise FieldError(\n                            "Auto-generated field \'%s\' in class %r for "\n                            "parent_link to base class %r clashes with "\n                            "declared field of the same name." % (\n                                attr_name,\n                                name,\n                                base.__name__,\n                            )\n                        )\n\n                    # Only add the ptr field if it\'s not already present;\n                    # e.g. migrations will already have it specified\n                    if not hasattr(new_class, attr_name):\n                        new_class.add_to_class(attr_name, field)\n                else:\n                    field = None\n                new_class._meta.parents[base] = field\n            else:\n                base_parents = base._meta.parents.copy()\n\n                # Add fields from abstract base class if it wasn\'t overridden.\n                for field in parent_fields:\n                    if (field.name not in field_names and\n                            field.name not in new_class.__dict__ and\n                            field.name not in inherited_attributes):\n                        new_field = copy.deepcopy(field)\n                        new_class.add_to_class(field.name, new_field)\n                        # Replace parent links defined on this base by the new\n                        # field. It will be appropriately resolved if required.\n                        if field.one_to_one:\n                            for parent, parent_link in base_parents.items():\n                                if field == parent_link:\n                                    base_parents[parent] = new_field\n\n                # Pass any non-abstract parent classes onto child.\n                new_class._meta.parents.update(base_parents)\n\n            # Inherit private fields (like GenericForeignKey) from the parent\n            # class\n            for field in base._meta.private_fields:\n                if field.name in field_names:\n                    if not base._meta.abstract:\n                        raise FieldError(\n                            \'Local field %r in class %r clashes with field of \'\n                            \'the same name from base class %r.\' % (\n                                field.name,\n                                name,\n                                base.__name__,\n                            )\n                        )\n                else:\n                    field = copy.deepcopy(field)\n                    if not base._meta.abstract:\n                        field.mti_inherited = True\n                    new_class.add_to_class(field.name, field)\n\n        # Copy indexes so that index names are unique when models extend an\n        # abstract model.\n        new_class._meta.indexes = [copy.deepcopy(idx) for idx in new_class._meta.indexes]\n\n        if abstract:\n            # Abstract base models can\'t be instantiated and don\'t appear in\n            # the list of models for an app. We do the final setup for them a\n            # little differently from normal models.\n            attr_meta.abstract = False\n            new_class.Meta = attr_meta\n            return new_class\n\n        new_class._prepare()\n        new_class._meta.apps.register_model(new_class._meta.app_label, new_class)\n        return new_class\n'), SearchResult(search_action='search_method_in_class', search_action_input={'class_name': 'ModelBase', 'method_name': 'add_to_class', 'file_path': 'django/db/models/base.py'}, search_content='File Path: django/db/models/base.py \nMethod Content: \n    def add_to_class(cls, name, value):\n        if _has_contribute_to_class(value):\n            value.contribute_to_class(cls, name)\n        else:\n            setattr(cls, name, value)\n'), SearchResult(search_action='search_method_in_class', search_action_input={'class_name': 'Model', 'method_name': '_get_FIELD_display', 'file_path': 'django/db/models/base.py'}, search_content='File Path: django/db/models/base.py \nMethod Content: \n    def _get_FIELD_display(self, field):\n        value = getattr(self, field.attname)\n        # force_str() to coerce lazy strings.\n        return force_str(dict(field.flatchoices).get(value, value), strings_only=True)\n'), SearchResult(search_action='search_method_in_class', search_action_input={'class_name': 'ModelBase', 'method_name': '_prepare', 'file_path': 'django/db/models/base.py'}, search_content='File Path: django/db/models/base.py \nMethod Content: \n    def _prepare(cls):\n        """Create some methods once self._meta has been populated."""\n        opts = cls._meta\n        opts._prepare(cls)\n\n        if opts.order_with_respect_to:\n            cls.get_next_in_order = partialmethod(cls._get_next_or_previous_in_order, is_next=True)\n            cls.get_previous_in_order = partialmethod(cls._get_next_or_previous_in_order, is_next=False)\n\n            # Defer creating accessors on the foreign class until it has been\n            # created and registered. If remote_field is None, we\'re ordering\n            # with respect to a GenericForeignKey and don\'t know what the\n            # foreign class is - we\'ll add those accessors later in\n            # contribute_to_class().\n            if opts.order_with_respect_to.remote_field:\n                wrt = opts.order_with_respect_to\n                remote = wrt.remote_field.model\n                lazy_related_operation(make_foreign_order_accessors, cls, remote)\n\n        # Give the class a docstring -- its definition.\n        if cls.__doc__ is None:\n            cls.__doc__ = "%s(%s)" % (cls.__name__, ", ".join(f.name for f in opts.fields))\n\n        get_absolute_url_override = settings.ABSOLUTE_URL_OVERRIDES.get(opts.label_lower)\n        if get_absolute_url_override:\n            setattr(cls, \'get_absolute_url\', get_absolute_url_override)\n\n        if not opts.managers:\n            if any(f.name == \'objects\' for f in opts.fields):\n                raise ValueError(\n                    "Model %s must specify a custom Manager, because it has a "\n                    "field named \'objects\'." % cls.__name__\n                )\n            manager = Manager()\n            manager.auto_created = True\n            cls.add_to_class(\'objects\', manager)\n\n        # Set the name of _meta.indexes. This can\'t be done in\n        # Options.contribute_to_class() because fields haven\'t been added to\n        # the model at that point.\n        for index in cls._meta.indexes:\n            if not index.name:\n                index.set_name_with_model(cls)\n\n        class_prepared.send(sender=cls)\n'), SearchResult(search_action='search_method_in_class', search_action_input={'class_name': 'Field', 'method_name': 'value_from_object', 'file_path': 'django/db/models/fields/__init__.py'}, search_content='File Path: django/db/models/fields/__init__.py \nMethod Content: \n    def value_from_object(self, obj):\n        """Return the value of this field in the given model instance."""\n        return getattr(obj, self.attname)\n'), SearchResult(search_action='search_method_in_class', search_action_input={'class_name': 'ModelBase', 'method_name': '_base_manager', 'file_path': 'django/db/models/base.py'}, search_content='File Path: django/db/models/base.py \nMethod Content: \n    def _base_manager(cls):\n        return cls._meta.base_manager\n'), SearchResult(search_action='search_method_in_class', search_action_input={'class_name': 'cached_property', 'method_name': '__get__', 'file_path': 'django/utils/functional.py'}, search_content='File Path: django/utils/functional.py \nMethod Content: \n    def __get__(self, instance, cls=None):\n        """\n        Call the function and put the return value in instance.__dict__ so that\n        subsequent attribute access on the instance returns the cached value\n        instead of calling cached_property.__get__().\n        """\n        if instance is None:\n            return self\n        res = instance.__dict__[self.name] = self.func(instance)\n        return res\n')]
[2026-07-29 15:15:03,598 - Orcar.search_agent - INFO] in_token_cnt=8284 out_token_cnt=291
[2026-07-29 15:15:03,599 - Orcar.search_agent - INFO] Chat response: assistant: {
  "observation_feedback": "The regression is most likely in the model/field class-construction path, not in the descriptor cache. `Field.contribute_to_class()` unconditionally assigns `get_%s_display` with `partialmethod(...)` when `choices` is present, which would shadow a user-defined `get_foo_bar_display()` during model creation. `ModelBase.__new__()` and `ModelBase.add_to_class()` are the surrounding assembly points that control when that overwrite happens. `Model._get_FIELD_display()` still looks like the intended fallback implementation, and `cached_property.__get__()` appears unrelated to the override loss.",
  "potential_bug_locations": [
    {
      "file_path": "django/db/models/fields/__init__.py",
      "class_name": "Field",
      "method_name": "contribute_to_class"
    },
    {
      "file_path": "django/db/models/base.py",
      "class_name": "ModelBase",
      "method_name": "__new__"
    },
    {
      "file_path": "django/db/models/base.py",
      "class_name": "ModelBase",
      "method_name": "add_to_class"
    },
    {
      "file_path": "django/db/models/base.py",
      "class_name": "Model",
      "method_name": "_get_FIELD_display"
    }
  ],
  "new_search_actions": []
}
[2026-07-29 15:15:03,599 - action_history - DEBUG] Action history: 
 SearchActionHistory(
  Search Action: search_method_in_class
Search Action Input: {'class_name': 'cached_property', 'method_name': '__get__', 'file_path': 'django/utils/functional.py'}: 1
  Search Action: search_class
Search Action Input: {'class_name': 'Field', 'file_path': 'django/db/models/fields/__init__.py'}: 2
  Search Action: search_class
Search Action Input: {'class_name': 'ModelBase', 'file_path': 'django/db/models/base.py'}: 3
  Search Action: search_class
Search Action Input: {'class_name': 'Model', 'file_path': 'django/db/models/base.py'}: 2
  Search Action: search_file_contents
Search Action Input: {'file_name': 'functional.py', 'directory_path': 'django/utils'}: 1
  Search Action: search_method_in_class
Search Action Input: {'class_name': 'Field', 'method_name': 'contribute_to_class', 'file_path': 'django/db/models/fields/__init__.py'}: 3
  Search Action: search_method_in_class
Search Action Input: {'class_name': 'Field', 'method_name': 'value_from_object', 'file_path': 'django/db/models/fields/__init__.py'}: 1
  Search Action: search_file_contents
Search Action Input: {'file_name': '__init__.py', 'directory_path': 'django/db/models/fields'}: 2
  Search Action: search_method_in_class
Search Action Input: {'class_name': 'ModelBase', 'method_name': '__new__', 'file_path': 'django/db/models/base.py'}: 3
  Search Action: search_method_in_class
Search Action Input: {'class_name': 'ModelBase', 'method_name': '_base_manager', 'file_path': 'django/db/models/base.py'}: 1
  Search Action: search_file_contents
Search Action Input: {'file_name': 'base.py', 'directory_path': 'django/db/models'}: 2
  Search Action: search_method_in_class
Search Action Input: {'class_name': 'ModelBase', 'method_name': 'add_to_class', 'file_path': 'django/db/models/base.py'}: 3
  Search Action: search_method_in_class
Search Action Input: {'class_name': 'ModelBase', 'method_name': '__new__'}: 1
  Search Action: search_method_in_class
Search Action Input: {'class_name': 'ModelBase', 'method_name': 'add_to_class'}: 1
  Search Action: search_method_in_class
Search Action Input: {'class_name': 'Model', 'method_name': '_get_FIELD_display'}: 1
  Search Action: search_method_in_class
Search Action Input: {'class_name': 'Model', 'method_name': '_get_FIELD_display', 'file_path': 'django/db/models/base.py'}: 3
  Search Action: search_callable
Search Action Input: {'query_name': 'get_FOO_display'}: 3
  Search Action: search_method_in_class
Search Action Input: {'class_name': 'ModelBase', 'method_name': '_prepare', 'file_path': 'django/db/models/base.py'}: 3
)
[2026-07-29 15:15:03,599 - Orcar.search_agent - INFO] Current search queue size: 3
[2026-07-29 15:15:04,980 - Orcar.search_agent - INFO] Is early stop: False similarity: True
[2026-07-29 15:15:04,980 - Orcar.search_agent - INFO] Is complete: False
[2026-07-29 15:15:04,980 - search_queue - DEBUG] search queue: 
 SearchQueue(
  Value: 1, Action: Search Action: search_method_in_class
Search Action Input: {'class_name': 'ModelBase', 'method_name': '__new__'}
  Value: 1, Action: Search Action: search_method_in_class
Search Action Input: {'class_name': 'ModelBase', 'method_name': 'add_to_class'}
  Value: 1, Action: Search Action: search_method_in_class
Search Action Input: {'class_name': 'Model', 'method_name': '_get_FIELD_display'}
)
[2026-07-29 15:15:05,000 - search_queue - INFO] Duplicate search result: search_action='search_method_in_class' search_action_input={'class_name': 'ModelBase', 'method_name': '__new__'} search_content='File Path: django/db/models/base.py \nMethod Content: \n    def __new__(cls, name, bases, attrs, **kwargs):\n        super_new = super().__new__\n\n        # Also ensure initialization is only performed for subclasses of Model\n        # (excluding Model class itself).\n        parents = [b for b in bases if isinstance(b, ModelBase)]\n        if not parents:\n            return super_new(cls, name, bases, attrs)\n\n        # Create the class.\n        module = attrs.pop(\'__module__\')\n        new_attrs = {\'__module__\': module}\n        classcell = attrs.pop(\'__classcell__\', None)\n        if classcell is not None:\n            new_attrs[\'__classcell__\'] = classcell\n        attr_meta = attrs.pop(\'Meta\', None)\n        # Pass all attrs without a (Django-specific) contribute_to_class()\n        # method to type.__new__() so that they\'re properly initialized\n        # (i.e. __set_name__()).\n        contributable_attrs = {}\n        for obj_name, obj in list(attrs.items()):\n            if _has_contribute_to_class(obj):\n                contributable_attrs[obj_name] = obj\n            else:\n                new_attrs[obj_name] = obj\n        new_class = super_new(cls, name, bases, new_attrs, **kwargs)\n\n        abstract = getattr(attr_meta, \'abstract\', False)\n        meta = attr_meta or getattr(new_class, \'Meta\', None)\n        base_meta = getattr(new_class, \'_meta\', None)\n\n        app_label = None\n\n        # Look for an application configuration to attach the model to.\n        app_config = apps.get_containing_app_config(module)\n\n        if getattr(meta, \'app_label\', None) is None:\n            if app_config is None:\n                if not abstract:\n                    raise RuntimeError(\n                        "Model class %s.%s doesn\'t declare an explicit "\n                        "app_label and isn\'t in an application in "\n                        "INSTALLED_APPS." % (module, name)\n                    )\n\n            else:\n                app_label = app_config.label\n\n        new_class.add_to_class(\'_meta\', Options(meta, app_label))\n        if not abstract:\n            new_class.add_to_class(\n                \'DoesNotExist\',\n                subclass_exception(\n                    \'DoesNotExist\',\n                    tuple(\n                        x.DoesNotExist for x in parents if hasattr(x, \'_meta\') and not x._meta.abstract\n                    ) or (ObjectDoesNotExist,),\n                    module,\n                    attached_to=new_class))\n            new_class.add_to_class(\n                \'MultipleObjectsReturned\',\n                subclass_exception(\n                    \'MultipleObjectsReturned\',\n                    tuple(\n                        x.MultipleObjectsReturned for x in parents if hasattr(x, \'_meta\') and not x._meta.abstract\n                    ) or (MultipleObjectsReturned,),\n                    module,\n                    attached_to=new_class))\n            if base_meta and not base_meta.abstract:\n                # Non-abstract child classes inherit some attributes from their\n                # non-abstract parent (unless an ABC comes before it in the\n                # method resolution order).\n                if not hasattr(meta, \'ordering\'):\n                    new_class._meta.ordering = base_meta.ordering\n                if not hasattr(meta, \'get_latest_by\'):\n                    new_class._meta.get_latest_by = base_meta.get_latest_by\n\n        is_proxy = new_class._meta.proxy\n\n        # If the model is a proxy, ensure that the base class\n        # hasn\'t been swapped out.\n        if is_proxy and base_meta and base_meta.swapped:\n            raise TypeError("%s cannot proxy the swapped model \'%s\'." % (name, base_meta.swapped))\n\n        # Add remaining attributes (those with a contribute_to_class() method)\n        # to the class.\n        for obj_name, obj in contributable_attrs.items():\n            new_class.add_to_class(obj_name, obj)\n\n        # All the fields of any type declared on this model\n        new_fields = chain(\n            new_class._meta.local_fields,\n            new_class._meta.local_many_to_many,\n            new_class._meta.private_fields\n        )\n        field_names = {f.name for f in new_fields}\n\n        # Basic setup for proxy models.\n        if is_proxy:\n            base = None\n            for parent in [kls for kls in parents if hasattr(kls, \'_meta\')]:\n                if parent._meta.abstract:\n                    if parent._meta.fields:\n                        raise TypeError(\n                            "Abstract base class containing model fields not "\n                            "permitted for proxy model \'%s\'." % name\n                        )\n                    else:\n                        continue\n                if base is None:\n                    base = parent\n                elif parent._meta.concrete_model is not base._meta.concrete_model:\n                    raise TypeError("Proxy model \'%s\' has more than one non-abstract model base class." % name)\n            if base is None:\n                raise TypeError("Proxy model \'%s\' has no non-abstract model base class." % name)\n            new_class._meta.setup_proxy(base)\n            new_class._meta.concrete_model = base._meta.concrete_model\n        else:\n            new_class._meta.concrete_model = new_class\n\n        # Collect the parent links for multi-table inheritance.\n        parent_links = {}\n        for base in reversed([new_class] + parents):\n            # Conceptually equivalent to `if base is Model`.\n            if not hasattr(base, \'_meta\'):\n                continue\n            # Skip concrete parent classes.\n            if base != new_class and not base._meta.abstract:\n                continue\n            # Locate OneToOneField instances.\n            for field in base._meta.local_fields:\n                if isinstance(field, OneToOneField):\n                    related = resolve_relation(new_class, field.remote_field.model)\n                    parent_links[make_model_tuple(related)] = field\n\n        # Track fields inherited from base models.\n        inherited_attributes = set()\n        # Do the appropriate setup for any model parents.\n        for base in new_class.mro():\n            if base not in parents or not hasattr(base, \'_meta\'):\n                # Things without _meta aren\'t functional models, so they\'re\n                # uninteresting parents.\n                inherited_attributes.update(base.__dict__)\n                continue\n\n            parent_fields = base._meta.local_fields + base._meta.local_many_to_many\n            if not base._meta.abstract:\n                # Check for clashes between locally declared fields and those\n                # on the base classes.\n                for field in parent_fields:\n                    if field.name in field_names:\n                        raise FieldError(\n                            \'Local field %r in class %r clashes with field of \'\n                            \'the same name from base class %r.\' % (\n                                field.name,\n                                name,\n                                base.__name__,\n                            )\n                        )\n                    else:\n                        inherited_attributes.add(field.name)\n\n                # Concrete classes...\n                base = base._meta.concrete_model\n                base_key = make_model_tuple(base)\n                if base_key in parent_links:\n                    field = parent_links[base_key]\n                elif not is_proxy:\n                    attr_name = \'%s_ptr\' % base._meta.model_name\n                    field = OneToOneField(\n                        base,\n                        on_delete=CASCADE,\n                        name=attr_name,\n                        auto_created=True,\n                        parent_link=True,\n                    )\n\n                    if attr_name in field_names:\n                        raise FieldError(\n                            "Auto-generated field \'%s\' in class %r for "\n                            "parent_link to base class %r clashes with "\n                            "declared field of the same name." % (\n                                attr_name,\n                                name,\n                                base.__name__,\n                            )\n                        )\n\n                    # Only add the ptr field if it\'s not already present;\n                    # e.g. migrations will already have it specified\n                    if not hasattr(new_class, attr_name):\n                        new_class.add_to_class(attr_name, field)\n                else:\n                    field = None\n                new_class._meta.parents[base] = field\n            else:\n                base_parents = base._meta.parents.copy()\n\n                # Add fields from abstract base class if it wasn\'t overridden.\n                for field in parent_fields:\n                    if (field.name not in field_names and\n                            field.name not in new_class.__dict__ and\n                            field.name not in inherited_attributes):\n                        new_field = copy.deepcopy(field)\n                        new_class.add_to_class(field.name, new_field)\n                        # Replace parent links defined on this base by the new\n                        # field. It will be appropriately resolved if required.\n                        if field.one_to_one:\n                            for parent, parent_link in base_parents.items():\n                                if field == parent_link:\n                                    base_parents[parent] = new_field\n\n                # Pass any non-abstract parent classes onto child.\n                new_class._meta.parents.update(base_parents)\n\n            # Inherit private fields (like GenericForeignKey) from the parent\n            # class\n            for field in base._meta.private_fields:\n                if field.name in field_names:\n                    if not base._meta.abstract:\n                        raise FieldError(\n                            \'Local field %r in class %r clashes with field of \'\n                            \'the same name from base class %r.\' % (\n                                field.name,\n                                name,\n                                base.__name__,\n                            )\n                        )\n                else:\n                    field = copy.deepcopy(field)\n                    if not base._meta.abstract:\n                        field.mti_inherited = True\n                    new_class.add_to_class(field.name, field)\n\n        # Copy indexes so that index names are unique when models extend an\n        # abstract model.\n        new_class._meta.indexes = [copy.deepcopy(idx) for idx in new_class._meta.indexes]\n\n        if abstract:\n            # Abstract base models can\'t be instantiated and don\'t appear in\n            # the list of models for an app. We do the final setup for them a\n            # little differently from normal models.\n            attr_meta.abstract = False\n            new_class.Meta = attr_meta\n            return new_class\n\n        new_class._prepare()\n        new_class._meta.apps.register_model(new_class._meta.app_label, new_class)\n        return new_class\n'
[2026-07-29 15:15:05,019 - search_queue - INFO] Duplicate search result: search_action='search_method_in_class' search_action_input={'class_name': 'ModelBase', 'method_name': 'add_to_class'} search_content='File Path: django/db/models/base.py \nMethod Content: \n    def add_to_class(cls, name, value):\n        if _has_contribute_to_class(value):\n            value.contribute_to_class(cls, name)\n        else:\n            setattr(cls, name, value)\n'
[2026-07-29 15:15:05,036 - search_queue - INFO] Duplicate search result: search_action='search_method_in_class' search_action_input={'class_name': 'Model', 'method_name': '_get_FIELD_display'} search_content='File Path: django/db/models/base.py \nMethod Content: \n    def _get_FIELD_display(self, field):\n        value = getattr(self, field.attname)\n        # force_str() to coerce lazy strings.\n        return force_str(dict(field.flatchoices).get(value, value), strings_only=True)\n'
[2026-07-29 15:15:05,046 - Orcar.search_agent - DEBUG] Search content: [ChatMessage(role=<MessageRole.USER: 'user'>, additional_kwargs={}, blocks=[TextBlock(block_type='text', text="Now let's come to a conclusion. Please produce the bug locations.\n                    Please don't generate observations or new_search_actions. \n\n                    It's time for CONCLUSION! \n\n                    \n")])]
[2026-07-29 15:15:05,047 - Orcar.search_agent - INFO] Search cache: [SearchResult(search_action='search_method_in_class', search_action_input={'class_name': 'Field', 'method_name': 'contribute_to_class', 'file_path': 'django/db/models/fields/__init__.py'}, search_content='File Path: django/db/models/fields/__init__.py \nMethod Content: \n    def contribute_to_class(self, cls, name, private_only=False):\n        """\n        Register the field with the model class it belongs to.\n\n        If private_only is True, create a separate instance of this field\n        for every subclass of cls, even if cls is not an abstract model.\n        """\n        self.set_attributes_from_name(name)\n        self.model = cls\n        cls._meta.add_field(self, private=private_only)\n        if self.column:\n            # Don\'t override classmethods with the descriptor. This means that\n            # if you have a classmethod and a field with the same name, then\n            # such fields can\'t be deferred (we don\'t have a check for this).\n            if not getattr(cls, self.attname, None):\n                setattr(cls, self.attname, self.descriptor_class(self))\n        if self.choices is not None:\n            setattr(cls, \'get_%s_display\' % self.name,\n                    partialmethod(cls._get_FIELD_display, field=self))\n'), SearchResult(search_action='search_method_in_class', search_action_input={'class_name': 'ModelBase', 'method_name': '__new__', 'file_path': 'django/db/models/base.py'}, search_content='File Path: django/db/models/base.py \nMethod Content: \n    def __new__(cls, name, bases, attrs, **kwargs):\n        super_new = super().__new__\n\n        # Also ensure initialization is only performed for subclasses of Model\n        # (excluding Model class itself).\n        parents = [b for b in bases if isinstance(b, ModelBase)]\n        if not parents:\n            return super_new(cls, name, bases, attrs)\n\n        # Create the class.\n        module = attrs.pop(\'__module__\')\n        new_attrs = {\'__module__\': module}\n        classcell = attrs.pop(\'__classcell__\', None)\n        if classcell is not None:\n            new_attrs[\'__classcell__\'] = classcell\n        attr_meta = attrs.pop(\'Meta\', None)\n        # Pass all attrs without a (Django-specific) contribute_to_class()\n        # method to type.__new__() so that they\'re properly initialized\n        # (i.e. __set_name__()).\n        contributable_attrs = {}\n        for obj_name, obj in list(attrs.items()):\n            if _has_contribute_to_class(obj):\n                contributable_attrs[obj_name] = obj\n            else:\n                new_attrs[obj_name] = obj\n        new_class = super_new(cls, name, bases, new_attrs, **kwargs)\n\n        abstract = getattr(attr_meta, \'abstract\', False)\n        meta = attr_meta or getattr(new_class, \'Meta\', None)\n        base_meta = getattr(new_class, \'_meta\', None)\n\n        app_label = None\n\n        # Look for an application configuration to attach the model to.\n        app_config = apps.get_containing_app_config(module)\n\n        if getattr(meta, \'app_label\', None) is None:\n            if app_config is None:\n                if not abstract:\n                    raise RuntimeError(\n                        "Model class %s.%s doesn\'t declare an explicit "\n                        "app_label and isn\'t in an application in "\n                        "INSTALLED_APPS." % (module, name)\n                    )\n\n            else:\n                app_label = app_config.label\n\n        new_class.add_to_class(\'_meta\', Options(meta, app_label))\n        if not abstract:\n            new_class.add_to_class(\n                \'DoesNotExist\',\n                subclass_exception(\n                    \'DoesNotExist\',\n                    tuple(\n                        x.DoesNotExist for x in parents if hasattr(x, \'_meta\') and not x._meta.abstract\n                    ) or (ObjectDoesNotExist,),\n                    module,\n                    attached_to=new_class))\n            new_class.add_to_class(\n                \'MultipleObjectsReturned\',\n                subclass_exception(\n                    \'MultipleObjectsReturned\',\n                    tuple(\n                        x.MultipleObjectsReturned for x in parents if hasattr(x, \'_meta\') and not x._meta.abstract\n                    ) or (MultipleObjectsReturned,),\n                    module,\n                    attached_to=new_class))\n            if base_meta and not base_meta.abstract:\n                # Non-abstract child classes inherit some attributes from their\n                # non-abstract parent (unless an ABC comes before it in the\n                # method resolution order).\n                if not hasattr(meta, \'ordering\'):\n                    new_class._meta.ordering = base_meta.ordering\n                if not hasattr(meta, \'get_latest_by\'):\n                    new_class._meta.get_latest_by = base_meta.get_latest_by\n\n        is_proxy = new_class._meta.proxy\n\n        # If the model is a proxy, ensure that the base class\n        # hasn\'t been swapped out.\n        if is_proxy and base_meta and base_meta.swapped:\n            raise TypeError("%s cannot proxy the swapped model \'%s\'." % (name, base_meta.swapped))\n\n        # Add remaining attributes (those with a contribute_to_class() method)\n        # to the class.\n        for obj_name, obj in contributable_attrs.items():\n            new_class.add_to_class(obj_name, obj)\n\n        # All the fields of any type declared on this model\n        new_fields = chain(\n            new_class._meta.local_fields,\n            new_class._meta.local_many_to_many,\n            new_class._meta.private_fields\n        )\n        field_names = {f.name for f in new_fields}\n\n        # Basic setup for proxy models.\n        if is_proxy:\n            base = None\n            for parent in [kls for kls in parents if hasattr(kls, \'_meta\')]:\n                if parent._meta.abstract:\n                    if parent._meta.fields:\n                        raise TypeError(\n                            "Abstract base class containing model fields not "\n                            "permitted for proxy model \'%s\'." % name\n                        )\n                    else:\n                        continue\n                if base is None:\n                    base = parent\n                elif parent._meta.concrete_model is not base._meta.concrete_model:\n                    raise TypeError("Proxy model \'%s\' has more than one non-abstract model base class." % name)\n            if base is None:\n                raise TypeError("Proxy model \'%s\' has no non-abstract model base class." % name)\n            new_class._meta.setup_proxy(base)\n            new_class._meta.concrete_model = base._meta.concrete_model\n        else:\n            new_class._meta.concrete_model = new_class\n\n        # Collect the parent links for multi-table inheritance.\n        parent_links = {}\n        for base in reversed([new_class] + parents):\n            # Conceptually equivalent to `if base is Model`.\n            if not hasattr(base, \'_meta\'):\n                continue\n            # Skip concrete parent classes.\n            if base != new_class and not base._meta.abstract:\n                continue\n            # Locate OneToOneField instances.\n            for field in base._meta.local_fields:\n                if isinstance(field, OneToOneField):\n                    related = resolve_relation(new_class, field.remote_field.model)\n                    parent_links[make_model_tuple(related)] = field\n\n        # Track fields inherited from base models.\n        inherited_attributes = set()\n        # Do the appropriate setup for any model parents.\n        for base in new_class.mro():\n            if base not in parents or not hasattr(base, \'_meta\'):\n                # Things without _meta aren\'t functional models, so they\'re\n                # uninteresting parents.\n                inherited_attributes.update(base.__dict__)\n                continue\n\n            parent_fields = base._meta.local_fields + base._meta.local_many_to_many\n            if not base._meta.abstract:\n                # Check for clashes between locally declared fields and those\n                # on the base classes.\n                for field in parent_fields:\n                    if field.name in field_names:\n                        raise FieldError(\n                            \'Local field %r in class %r clashes with field of \'\n                            \'the same name from base class %r.\' % (\n                                field.name,\n                                name,\n                                base.__name__,\n                            )\n                        )\n                    else:\n                        inherited_attributes.add(field.name)\n\n                # Concrete classes...\n                base = base._meta.concrete_model\n                base_key = make_model_tuple(base)\n                if base_key in parent_links:\n                    field = parent_links[base_key]\n                elif not is_proxy:\n                    attr_name = \'%s_ptr\' % base._meta.model_name\n                    field = OneToOneField(\n                        base,\n                        on_delete=CASCADE,\n                        name=attr_name,\n                        auto_created=True,\n                        parent_link=True,\n                    )\n\n                    if attr_name in field_names:\n                        raise FieldError(\n                            "Auto-generated field \'%s\' in class %r for "\n                            "parent_link to base class %r clashes with "\n                            "declared field of the same name." % (\n                                attr_name,\n                                name,\n                                base.__name__,\n                            )\n                        )\n\n                    # Only add the ptr field if it\'s not already present;\n                    # e.g. migrations will already have it specified\n                    if not hasattr(new_class, attr_name):\n                        new_class.add_to_class(attr_name, field)\n                else:\n                    field = None\n                new_class._meta.parents[base] = field\n            else:\n                base_parents = base._meta.parents.copy()\n\n                # Add fields from abstract base class if it wasn\'t overridden.\n                for field in parent_fields:\n                    if (field.name not in field_names and\n                            field.name not in new_class.__dict__ and\n                            field.name not in inherited_attributes):\n                        new_field = copy.deepcopy(field)\n                        new_class.add_to_class(field.name, new_field)\n                        # Replace parent links defined on this base by the new\n                        # field. It will be appropriately resolved if required.\n                        if field.one_to_one:\n                            for parent, parent_link in base_parents.items():\n                                if field == parent_link:\n                                    base_parents[parent] = new_field\n\n                # Pass any non-abstract parent classes onto child.\n                new_class._meta.parents.update(base_parents)\n\n            # Inherit private fields (like GenericForeignKey) from the parent\n            # class\n            for field in base._meta.private_fields:\n                if field.name in field_names:\n                    if not base._meta.abstract:\n                        raise FieldError(\n                            \'Local field %r in class %r clashes with field of \'\n                            \'the same name from base class %r.\' % (\n                                field.name,\n                                name,\n                                base.__name__,\n                            )\n                        )\n                else:\n                    field = copy.deepcopy(field)\n                    if not base._meta.abstract:\n                        field.mti_inherited = True\n                    new_class.add_to_class(field.name, field)\n\n        # Copy indexes so that index names are unique when models extend an\n        # abstract model.\n        new_class._meta.indexes = [copy.deepcopy(idx) for idx in new_class._meta.indexes]\n\n        if abstract:\n            # Abstract base models can\'t be instantiated and don\'t appear in\n            # the list of models for an app. We do the final setup for them a\n            # little differently from normal models.\n            attr_meta.abstract = False\n            new_class.Meta = attr_meta\n            return new_class\n\n        new_class._prepare()\n        new_class._meta.apps.register_model(new_class._meta.app_label, new_class)\n        return new_class\n'), SearchResult(search_action='search_method_in_class', search_action_input={'class_name': 'ModelBase', 'method_name': 'add_to_class', 'file_path': 'django/db/models/base.py'}, search_content='File Path: django/db/models/base.py \nMethod Content: \n    def add_to_class(cls, name, value):\n        if _has_contribute_to_class(value):\n            value.contribute_to_class(cls, name)\n        else:\n            setattr(cls, name, value)\n'), SearchResult(search_action='search_method_in_class', search_action_input={'class_name': 'Model', 'method_name': '_get_FIELD_display', 'file_path': 'django/db/models/base.py'}, search_content='File Path: django/db/models/base.py \nMethod Content: \n    def _get_FIELD_display(self, field):\n        value = getattr(self, field.attname)\n        # force_str() to coerce lazy strings.\n        return force_str(dict(field.flatchoices).get(value, value), strings_only=True)\n'), SearchResult(search_action='search_method_in_class', search_action_input={'class_name': 'ModelBase', 'method_name': '_prepare', 'file_path': 'django/db/models/base.py'}, search_content='File Path: django/db/models/base.py \nMethod Content: \n    def _prepare(cls):\n        """Create some methods once self._meta has been populated."""\n        opts = cls._meta\n        opts._prepare(cls)\n\n        if opts.order_with_respect_to:\n            cls.get_next_in_order = partialmethod(cls._get_next_or_previous_in_order, is_next=True)\n            cls.get_previous_in_order = partialmethod(cls._get_next_or_previous_in_order, is_next=False)\n\n            # Defer creating accessors on the foreign class until it has been\n            # created and registered. If remote_field is None, we\'re ordering\n            # with respect to a GenericForeignKey and don\'t know what the\n            # foreign class is - we\'ll add those accessors later in\n            # contribute_to_class().\n            if opts.order_with_respect_to.remote_field:\n                wrt = opts.order_with_respect_to\n                remote = wrt.remote_field.model\n                lazy_related_operation(make_foreign_order_accessors, cls, remote)\n\n        # Give the class a docstring -- its definition.\n        if cls.__doc__ is None:\n            cls.__doc__ = "%s(%s)" % (cls.__name__, ", ".join(f.name for f in opts.fields))\n\n        get_absolute_url_override = settings.ABSOLUTE_URL_OVERRIDES.get(opts.label_lower)\n        if get_absolute_url_override:\n            setattr(cls, \'get_absolute_url\', get_absolute_url_override)\n\n        if not opts.managers:\n            if any(f.name == \'objects\' for f in opts.fields):\n                raise ValueError(\n                    "Model %s must specify a custom Manager, because it has a "\n                    "field named \'objects\'." % cls.__name__\n                )\n            manager = Manager()\n            manager.auto_created = True\n            cls.add_to_class(\'objects\', manager)\n\n        # Set the name of _meta.indexes. This can\'t be done in\n        # Options.contribute_to_class() because fields haven\'t been added to\n        # the model at that point.\n        for index in cls._meta.indexes:\n            if not index.name:\n                index.set_name_with_model(cls)\n\n        class_prepared.send(sender=cls)\n'), SearchResult(search_action='search_method_in_class', search_action_input={'class_name': 'Field', 'method_name': 'value_from_object', 'file_path': 'django/db/models/fields/__init__.py'}, search_content='File Path: django/db/models/fields/__init__.py \nMethod Content: \n    def value_from_object(self, obj):\n        """Return the value of this field in the given model instance."""\n        return getattr(obj, self.attname)\n'), SearchResult(search_action='search_method_in_class', search_action_input={'class_name': 'ModelBase', 'method_name': '_base_manager', 'file_path': 'django/db/models/base.py'}, search_content='File Path: django/db/models/base.py \nMethod Content: \n    def _base_manager(cls):\n        return cls._meta.base_manager\n'), SearchResult(search_action='search_method_in_class', search_action_input={'class_name': 'cached_property', 'method_name': '__get__', 'file_path': 'django/utils/functional.py'}, search_content='File Path: django/utils/functional.py \nMethod Content: \n    def __get__(self, instance, cls=None):\n        """\n        Call the function and put the return value in instance.__dict__ so that\n        subsequent attribute access on the instance returns the cached value\n        instead of calling cached_property.__get__().\n        """\n        if instance is None:\n            return self\n        res = instance.__dict__[self.name] = self.func(instance)\n        return res\n')]
[2026-07-29 15:15:09,085 - Orcar.search_agent - INFO] in_token_cnt=7903 out_token_cnt=118
[2026-07-29 15:15:09,085 - Orcar.search_agent - INFO] Chat response: assistant: {
  "bug_locations": [
    {
      "file_path": "django/db/models/fields/__init__.py",
      "class_name": "Field",
      "method_name": "contribute_to_class"
    },
    {
      "file_path": "django/db/models/base.py",
      "class_name": "ModelBase",
      "method_name": "add_to_class"
    },
    {
      "file_path": "django/db/models/base.py",
      "class_name": "ModelBase",
      "method_name": "__new__"
    }
  ]
}
[2026-07-29 15:15:09,090 - Orcar.search_agent - INFO] Searcher step            : in   2648 tokens, out    498 tokens
[2026-07-29 15:15:09,090 - Orcar.search_agent - INFO] Searcher step            : in   3203 tokens, out    334 tokens
[2026-07-29 15:15:09,090 - Orcar.search_agent - INFO] Methods Score            : in  21950 tokens, out     60 tokens
[2026-07-29 15:15:09,090 - Orcar.search_agent - INFO] Searcher step            : in   5505 tokens, out    335 tokens
[2026-07-29 15:15:09,090 - Orcar.search_agent - INFO] Methods Score            : in   3865 tokens, out      5 tokens
[2026-07-29 15:15:09,090 - Orcar.search_agent - INFO] Searcher step            : in   3586 tokens, out    362 tokens
[2026-07-29 15:15:09,090 - Orcar.search_agent - INFO] Searcher step            : in   4028 tokens, out    391 tokens
[2026-07-29 15:15:09,090 - Orcar.search_agent - INFO] Methods Score            : in  25635 tokens, out     53 tokens
[2026-07-29 15:15:09,090 - Orcar.search_agent - INFO] Searcher step            : in   5952 tokens, out    427 tokens
[2026-07-29 15:15:09,091 - Orcar.search_agent - INFO] Searcher step            : in   8272 tokens, out    342 tokens
[2026-07-29 15:15:09,091 - Orcar.search_agent - INFO] Searcher step            : in   6479 tokens, out    352 tokens
[2026-07-29 15:15:09,091 - Orcar.search_agent - INFO] Searcher step            : in   6669 tokens, out    369 tokens
[2026-07-29 15:15:09,091 - Orcar.search_agent - INFO] Searcher step            : in   6740 tokens, out    290 tokens
[2026-07-29 15:15:09,091 - Orcar.search_agent - INFO] Functions Score          : in   8692 tokens, out     18 tokens
[2026-07-29 15:15:09,091 - Orcar.search_agent - INFO] Searcher step            : in   7513 tokens, out    336 tokens
[2026-07-29 15:15:09,091 - Orcar.search_agent - INFO] Searcher step            : in   7086 tokens, out    416 tokens
[2026-07-29 15:15:09,091 - Orcar.search_agent - INFO] Searcher step            : in   8069 tokens, out    264 tokens
[2026-07-29 15:15:09,091 - Orcar.search_agent - INFO] Functions Score          : in  14840 tokens, out     32 tokens
[2026-07-29 15:15:09,091 - Orcar.search_agent - INFO] Searcher step            : in   8382 tokens, out    293 tokens
[2026-07-29 15:15:09,091 - Orcar.search_agent - INFO] Searcher step            : in   7947 tokens, out    298 tokens
[2026-07-29 15:15:09,091 - Orcar.search_agent - INFO] Functions Score          : in   2983 tokens, out      9 tokens
[2026-07-29 15:15:09,091 - Orcar.search_agent - INFO] Searcher step            : in   8284 tokens, out    291 tokens
[2026-07-29 15:15:09,091 - Orcar.search_agent - INFO] Conclusion step          : in   7903 tokens, out    118 tokens
[2026-07-29 15:15:09,091 - Orcar.search_agent - INFO] Total cnt                : in 186231 tokens, out   5893 tokens
[2026-07-29 15:15:09,092 - Orcar.agent - INFO] Standard output format
[2026-07-29 15:15:09,092 - Orcar.agent - INFO] conclusion='<Observation>\nThe regression is most likely in the model/field class-construction path, not in the descriptor cache. `Field.contribute_to_class()` unconditionally assigns `get_%s_display` with `partialmethod(...)` when `choices` is present, which would shadow a user-defined `get_foo_bar_display()` during model creation. `ModelBase.__new__()` and `ModelBase.add_to_class()` are the surrounding assembly points that control when that overwrite happens. `Model._get_FIELD_display()` still looks like the intended fallback implementation, and `cached_property.__get__()` appears unrelated to the override loss.\n</Observation>' bug_locations=[BugLocations(file_path='django/db/models/fields/__init__.py', class_name='Field', method_name='contribute_to_class'), BugLocations(file_path='django/db/models/base.py', class_name='ModelBase', method_name='add_to_class'), BugLocations(file_path='django/db/models/base.py', class_name='ModelBase', method_name='__new__')]
[2026-07-29 15:15:09,152 - Orcar.environment.utils - INFO] Agent container paused
